[2026-06-02T06:03:58.404+0000] {processor.py:186} INFO - Started process (PID=238) to work on /opt/airflow/dags/hourly_batch_lakehouse.py
[2026-06-02T06:03:58.406+0000] {processor.py:914} INFO - Processing file /opt/airflow/dags/hourly_batch_lakehouse.py for tasks to queue
[2026-06-02T06:03:58.411+0000] {logging_mixin.py:190} INFO - [2026-06-02T06:03:58.410+0000] {dagbag.py:588} INFO - Filling up the DagBag from /opt/airflow/dags/hourly_batch_lakehouse.py
[2026-06-02T06:03:59.770+0000] {processor.py:925} INFO - DAG(s) 'hourly_batch_lakehouse' retrieved from /opt/airflow/dags/hourly_batch_lakehouse.py
[2026-06-02T06:03:59.971+0000] {logging_mixin.py:190} INFO - [2026-06-02T06:03:59.970+0000] {override.py:1912} INFO - Created Permission View: can delete on DAG:hourly_batch_lakehouse
[2026-06-02T06:03:59.996+0000] {logging_mixin.py:190} INFO - [2026-06-02T06:03:59.995+0000] {override.py:1912} INFO - Created Permission View: can read on DAG:hourly_batch_lakehouse
[2026-06-02T06:04:00.023+0000] {logging_mixin.py:190} INFO - [2026-06-02T06:04:00.022+0000] {override.py:1912} INFO - Created Permission View: can edit on DAG:hourly_batch_lakehouse
[2026-06-02T06:04:00.047+0000] {logging_mixin.py:190} INFO - [2026-06-02T06:04:00.045+0000] {override.py:1912} INFO - Created Permission View: can delete on DAG Run:hourly_batch_lakehouse
[2026-06-02T06:04:00.064+0000] {logging_mixin.py:190} INFO - [2026-06-02T06:04:00.064+0000] {override.py:1912} INFO - Created Permission View: menu access on DAG Run:hourly_batch_lakehouse
[2026-06-02T06:04:00.084+0000] {logging_mixin.py:190} INFO - [2026-06-02T06:04:00.083+0000] {override.py:1912} INFO - Created Permission View: can read on DAG Run:hourly_batch_lakehouse
[2026-06-02T06:04:00.103+0000] {logging_mixin.py:190} INFO - [2026-06-02T06:04:00.102+0000] {override.py:1912} INFO - Created Permission View: can create on DAG Run:hourly_batch_lakehouse
[2026-06-02T06:04:00.105+0000] {logging_mixin.py:190} INFO - [2026-06-02T06:04:00.104+0000] {dag.py:3239} INFO - Sync 1 DAGs
[2026-06-02T06:04:00.132+0000] {logging_mixin.py:190} INFO - [2026-06-02T06:04:00.132+0000] {dag.py:3262} INFO - Creating ORM DAG for hourly_batch_lakehouse
[2026-06-02T06:04:00.162+0000] {logging_mixin.py:190} INFO - [2026-06-02T06:04:00.162+0000] {dag.py:4180} INFO - Setting next_dagrun for hourly_batch_lakehouse to 2026-06-02 05:00:00+00:00, run_after=2026-06-02 06:00:00+00:00
[2026-06-02T06:04:00.203+0000] {processor.py:208} INFO - Processing /opt/airflow/dags/hourly_batch_lakehouse.py took 1.813 seconds
[2026-06-02T06:04:30.663+0000] {processor.py:186} INFO - Started process (PID=373) to work on /opt/airflow/dags/hourly_batch_lakehouse.py
[2026-06-02T06:04:30.665+0000] {processor.py:914} INFO - Processing file /opt/airflow/dags/hourly_batch_lakehouse.py for tasks to queue
[2026-06-02T06:04:30.669+0000] {logging_mixin.py:190} INFO - [2026-06-02T06:04:30.668+0000] {dagbag.py:588} INFO - Filling up the DagBag from /opt/airflow/dags/hourly_batch_lakehouse.py
[2026-06-02T06:04:31.570+0000] {processor.py:925} INFO - DAG(s) 'hourly_batch_lakehouse' retrieved from /opt/airflow/dags/hourly_batch_lakehouse.py
[2026-06-02T06:04:31.601+0000] {logging_mixin.py:190} INFO - [2026-06-02T06:04:31.601+0000] {dag.py:3239} INFO - Sync 1 DAGs
[2026-06-02T06:04:31.634+0000] {logging_mixin.py:190} INFO - [2026-06-02T06:04:31.634+0000] {dag.py:4180} INFO - Setting next_dagrun for hourly_batch_lakehouse to 2026-06-02 05:00:00+00:00, run_after=2026-06-02 06:00:00+00:00
[2026-06-02T06:04:31.661+0000] {processor.py:208} INFO - Processing /opt/airflow/dags/hourly_batch_lakehouse.py took 1.010 seconds
[2026-06-02T06:05:03.368+0000] {processor.py:186} INFO - Started process (PID=510) to work on /opt/airflow/dags/hourly_batch_lakehouse.py
[2026-06-02T06:05:03.370+0000] {processor.py:914} INFO - Processing file /opt/airflow/dags/hourly_batch_lakehouse.py for tasks to queue
[2026-06-02T06:05:03.375+0000] {logging_mixin.py:190} INFO - [2026-06-02T06:05:03.374+0000] {dagbag.py:588} INFO - Filling up the DagBag from /opt/airflow/dags/hourly_batch_lakehouse.py
[2026-06-02T06:05:04.504+0000] {processor.py:925} INFO - DAG(s) 'hourly_batch_lakehouse' retrieved from /opt/airflow/dags/hourly_batch_lakehouse.py
[2026-06-02T06:05:04.549+0000] {logging_mixin.py:190} INFO - [2026-06-02T06:05:04.549+0000] {dag.py:3239} INFO - Sync 1 DAGs
[2026-06-02T06:05:04.582+0000] {logging_mixin.py:190} INFO - [2026-06-02T06:05:04.582+0000] {dag.py:4180} INFO - Setting next_dagrun for hourly_batch_lakehouse to 2026-06-02 05:00:00+00:00, run_after=2026-06-02 06:00:00+00:00
[2026-06-02T06:05:04.615+0000] {processor.py:208} INFO - Processing /opt/airflow/dags/hourly_batch_lakehouse.py took 1.258 seconds
[2026-06-02T06:05:35.019+0000] {processor.py:186} INFO - Started process (PID=644) to work on /opt/airflow/dags/hourly_batch_lakehouse.py
[2026-06-02T06:05:35.021+0000] {processor.py:914} INFO - Processing file /opt/airflow/dags/hourly_batch_lakehouse.py for tasks to queue
[2026-06-02T06:05:35.024+0000] {logging_mixin.py:190} INFO - [2026-06-02T06:05:35.024+0000] {dagbag.py:588} INFO - Filling up the DagBag from /opt/airflow/dags/hourly_batch_lakehouse.py
[2026-06-02T06:05:36.064+0000] {processor.py:925} INFO - DAG(s) 'hourly_batch_lakehouse' retrieved from /opt/airflow/dags/hourly_batch_lakehouse.py
[2026-06-02T06:05:36.098+0000] {logging_mixin.py:190} INFO - [2026-06-02T06:05:36.097+0000] {dag.py:3239} INFO - Sync 1 DAGs
[2026-06-02T06:05:36.127+0000] {logging_mixin.py:190} INFO - [2026-06-02T06:05:36.126+0000] {dag.py:4180} INFO - Setting next_dagrun for hourly_batch_lakehouse to 2026-06-02 05:00:00+00:00, run_after=2026-06-02 06:00:00+00:00
[2026-06-02T06:05:36.156+0000] {processor.py:208} INFO - Processing /opt/airflow/dags/hourly_batch_lakehouse.py took 1.146 seconds
[2026-06-02T06:06:06.306+0000] {processor.py:186} INFO - Started process (PID=770) to work on /opt/airflow/dags/hourly_batch_lakehouse.py
[2026-06-02T06:06:06.308+0000] {processor.py:914} INFO - Processing file /opt/airflow/dags/hourly_batch_lakehouse.py for tasks to queue
[2026-06-02T06:06:06.312+0000] {logging_mixin.py:190} INFO - [2026-06-02T06:06:06.312+0000] {dagbag.py:588} INFO - Filling up the DagBag from /opt/airflow/dags/hourly_batch_lakehouse.py
[2026-06-02T06:06:07.379+0000] {processor.py:925} INFO - DAG(s) 'hourly_batch_lakehouse' retrieved from /opt/airflow/dags/hourly_batch_lakehouse.py
[2026-06-02T06:06:07.424+0000] {logging_mixin.py:190} INFO - [2026-06-02T06:06:07.423+0000] {dag.py:3239} INFO - Sync 1 DAGs
[2026-06-02T06:06:07.464+0000] {logging_mixin.py:190} INFO - [2026-06-02T06:06:07.463+0000] {dag.py:4180} INFO - Setting next_dagrun for hourly_batch_lakehouse to 2026-06-02 05:00:00+00:00, run_after=2026-06-02 06:00:00+00:00
[2026-06-02T06:06:07.497+0000] {processor.py:208} INFO - Processing /opt/airflow/dags/hourly_batch_lakehouse.py took 1.201 seconds
[2026-06-02T06:06:37.747+0000] {processor.py:186} INFO - Started process (PID=905) to work on /opt/airflow/dags/hourly_batch_lakehouse.py
[2026-06-02T06:06:37.749+0000] {processor.py:914} INFO - Processing file /opt/airflow/dags/hourly_batch_lakehouse.py for tasks to queue
[2026-06-02T06:06:37.755+0000] {logging_mixin.py:190} INFO - [2026-06-02T06:06:37.754+0000] {dagbag.py:588} INFO - Filling up the DagBag from /opt/airflow/dags/hourly_batch_lakehouse.py
[2026-06-02T06:06:41.577+0000] {processor.py:925} INFO - DAG(s) 'hourly_batch_lakehouse' retrieved from /opt/airflow/dags/hourly_batch_lakehouse.py
[2026-06-02T06:06:41.610+0000] {logging_mixin.py:190} INFO - [2026-06-02T06:06:41.609+0000] {dag.py:3239} INFO - Sync 1 DAGs
[2026-06-02T06:06:41.638+0000] {logging_mixin.py:190} INFO - [2026-06-02T06:06:41.638+0000] {dag.py:4180} INFO - Setting next_dagrun for hourly_batch_lakehouse to 2026-06-02 05:00:00+00:00, run_after=2026-06-02 06:00:00+00:00
[2026-06-02T06:06:41.668+0000] {processor.py:208} INFO - Processing /opt/airflow/dags/hourly_batch_lakehouse.py took 3.934 seconds
[2026-06-02T06:07:11.951+0000] {processor.py:186} INFO - Started process (PID=1040) to work on /opt/airflow/dags/hourly_batch_lakehouse.py
[2026-06-02T06:07:11.954+0000] {processor.py:914} INFO - Processing file /opt/airflow/dags/hourly_batch_lakehouse.py for tasks to queue
[2026-06-02T06:07:11.960+0000] {logging_mixin.py:190} INFO - [2026-06-02T06:07:11.959+0000] {dagbag.py:588} INFO - Filling up the DagBag from /opt/airflow/dags/hourly_batch_lakehouse.py
[2026-06-02T06:07:13.125+0000] {processor.py:925} INFO - DAG(s) 'hourly_batch_lakehouse' retrieved from /opt/airflow/dags/hourly_batch_lakehouse.py
[2026-06-02T06:07:13.161+0000] {logging_mixin.py:190} INFO - [2026-06-02T06:07:13.160+0000] {dag.py:3239} INFO - Sync 1 DAGs
[2026-06-02T06:07:13.199+0000] {logging_mixin.py:190} INFO - [2026-06-02T06:07:13.199+0000] {dag.py:4180} INFO - Setting next_dagrun for hourly_batch_lakehouse to 2026-06-02 05:00:00+00:00, run_after=2026-06-02 06:00:00+00:00
[2026-06-02T06:07:13.231+0000] {processor.py:208} INFO - Processing /opt/airflow/dags/hourly_batch_lakehouse.py took 1.294 seconds
[2026-06-02T06:07:43.634+0000] {processor.py:186} INFO - Started process (PID=1175) to work on /opt/airflow/dags/hourly_batch_lakehouse.py
[2026-06-02T06:07:43.635+0000] {processor.py:914} INFO - Processing file /opt/airflow/dags/hourly_batch_lakehouse.py for tasks to queue
[2026-06-02T06:07:43.639+0000] {logging_mixin.py:190} INFO - [2026-06-02T06:07:43.638+0000] {dagbag.py:588} INFO - Filling up the DagBag from /opt/airflow/dags/hourly_batch_lakehouse.py
[2026-06-02T06:07:44.491+0000] {processor.py:925} INFO - DAG(s) 'hourly_batch_lakehouse' retrieved from /opt/airflow/dags/hourly_batch_lakehouse.py
[2026-06-02T06:07:44.523+0000] {logging_mixin.py:190} INFO - [2026-06-02T06:07:44.523+0000] {dag.py:3239} INFO - Sync 1 DAGs
[2026-06-02T06:07:44.552+0000] {logging_mixin.py:190} INFO - [2026-06-02T06:07:44.552+0000] {dag.py:4180} INFO - Setting next_dagrun for hourly_batch_lakehouse to 2026-06-02 05:00:00+00:00, run_after=2026-06-02 06:00:00+00:00
[2026-06-02T06:07:44.581+0000] {processor.py:208} INFO - Processing /opt/airflow/dags/hourly_batch_lakehouse.py took 0.958 seconds
[2026-06-02T06:08:15.301+0000] {processor.py:186} INFO - Started process (PID=1310) to work on /opt/airflow/dags/hourly_batch_lakehouse.py
[2026-06-02T06:08:15.302+0000] {processor.py:914} INFO - Processing file /opt/airflow/dags/hourly_batch_lakehouse.py for tasks to queue
[2026-06-02T06:08:15.306+0000] {logging_mixin.py:190} INFO - [2026-06-02T06:08:15.306+0000] {dagbag.py:588} INFO - Filling up the DagBag from /opt/airflow/dags/hourly_batch_lakehouse.py
[2026-06-02T06:08:16.219+0000] {processor.py:925} INFO - DAG(s) 'hourly_batch_lakehouse' retrieved from /opt/airflow/dags/hourly_batch_lakehouse.py
[2026-06-02T06:08:16.251+0000] {logging_mixin.py:190} INFO - [2026-06-02T06:08:16.250+0000] {dag.py:3239} INFO - Sync 1 DAGs
[2026-06-02T06:08:16.278+0000] {logging_mixin.py:190} INFO - [2026-06-02T06:08:16.278+0000] {dag.py:4180} INFO - Setting next_dagrun for hourly_batch_lakehouse to 2026-06-02 05:00:00+00:00, run_after=2026-06-02 06:00:00+00:00
[2026-06-02T06:08:16.303+0000] {processor.py:208} INFO - Processing /opt/airflow/dags/hourly_batch_lakehouse.py took 1.014 seconds
[2026-06-02T06:08:46.990+0000] {processor.py:186} INFO - Started process (PID=1445) to work on /opt/airflow/dags/hourly_batch_lakehouse.py
[2026-06-02T06:08:46.991+0000] {processor.py:914} INFO - Processing file /opt/airflow/dags/hourly_batch_lakehouse.py for tasks to queue
[2026-06-02T06:08:46.996+0000] {logging_mixin.py:190} INFO - [2026-06-02T06:08:46.995+0000] {dagbag.py:588} INFO - Filling up the DagBag from /opt/airflow/dags/hourly_batch_lakehouse.py
[2026-06-02T06:08:48.563+0000] {processor.py:925} INFO - DAG(s) 'hourly_batch_lakehouse' retrieved from /opt/airflow/dags/hourly_batch_lakehouse.py
[2026-06-02T06:08:48.601+0000] {logging_mixin.py:190} INFO - [2026-06-02T06:08:48.600+0000] {dag.py:3239} INFO - Sync 1 DAGs
[2026-06-02T06:08:48.639+0000] {logging_mixin.py:190} INFO - [2026-06-02T06:08:48.638+0000] {dag.py:4180} INFO - Setting next_dagrun for hourly_batch_lakehouse to 2026-06-02 05:00:00+00:00, run_after=2026-06-02 06:00:00+00:00
[2026-06-02T06:08:48.671+0000] {processor.py:208} INFO - Processing /opt/airflow/dags/hourly_batch_lakehouse.py took 1.694 seconds
[2026-06-02T06:09:19.112+0000] {processor.py:186} INFO - Started process (PID=1580) to work on /opt/airflow/dags/hourly_batch_lakehouse.py
[2026-06-02T06:09:19.114+0000] {processor.py:914} INFO - Processing file /opt/airflow/dags/hourly_batch_lakehouse.py for tasks to queue
[2026-06-02T06:09:19.118+0000] {logging_mixin.py:190} INFO - [2026-06-02T06:09:19.118+0000] {dagbag.py:588} INFO - Filling up the DagBag from /opt/airflow/dags/hourly_batch_lakehouse.py
[2026-06-02T06:09:20.738+0000] {processor.py:925} INFO - DAG(s) 'hourly_batch_lakehouse' retrieved from /opt/airflow/dags/hourly_batch_lakehouse.py
[2026-06-02T06:09:20.776+0000] {logging_mixin.py:190} INFO - [2026-06-02T06:09:20.775+0000] {dag.py:3239} INFO - Sync 1 DAGs
[2026-06-02T06:09:20.812+0000] {logging_mixin.py:190} INFO - [2026-06-02T06:09:20.812+0000] {dag.py:4180} INFO - Setting next_dagrun for hourly_batch_lakehouse to 2026-06-02 05:00:00+00:00, run_after=2026-06-02 06:00:00+00:00
[2026-06-02T06:09:20.842+0000] {processor.py:208} INFO - Processing /opt/airflow/dags/hourly_batch_lakehouse.py took 1.741 seconds
[2026-06-02T06:09:50.949+0000] {processor.py:186} INFO - Started process (PID=1715) to work on /opt/airflow/dags/hourly_batch_lakehouse.py
[2026-06-02T06:09:50.952+0000] {processor.py:914} INFO - Processing file /opt/airflow/dags/hourly_batch_lakehouse.py for tasks to queue
[2026-06-02T06:09:50.955+0000] {logging_mixin.py:190} INFO - [2026-06-02T06:09:50.955+0000] {dagbag.py:588} INFO - Filling up the DagBag from /opt/airflow/dags/hourly_batch_lakehouse.py
[2026-06-02T06:09:51.898+0000] {processor.py:925} INFO - DAG(s) 'hourly_batch_lakehouse' retrieved from /opt/airflow/dags/hourly_batch_lakehouse.py
[2026-06-02T06:09:51.932+0000] {logging_mixin.py:190} INFO - [2026-06-02T06:09:51.931+0000] {dag.py:3239} INFO - Sync 1 DAGs
[2026-06-02T06:09:51.963+0000] {logging_mixin.py:190} INFO - [2026-06-02T06:09:51.963+0000] {dag.py:4180} INFO - Setting next_dagrun for hourly_batch_lakehouse to 2026-06-02 05:00:00+00:00, run_after=2026-06-02 06:00:00+00:00
[2026-06-02T06:09:51.996+0000] {processor.py:208} INFO - Processing /opt/airflow/dags/hourly_batch_lakehouse.py took 1.060 seconds
[2026-06-02T06:10:22.568+0000] {processor.py:186} INFO - Started process (PID=1850) to work on /opt/airflow/dags/hourly_batch_lakehouse.py
[2026-06-02T06:10:22.570+0000] {processor.py:914} INFO - Processing file /opt/airflow/dags/hourly_batch_lakehouse.py for tasks to queue
[2026-06-02T06:10:22.575+0000] {logging_mixin.py:190} INFO - [2026-06-02T06:10:22.575+0000] {dagbag.py:588} INFO - Filling up the DagBag from /opt/airflow/dags/hourly_batch_lakehouse.py
[2026-06-02T06:10:23.617+0000] {processor.py:925} INFO - DAG(s) 'hourly_batch_lakehouse' retrieved from /opt/airflow/dags/hourly_batch_lakehouse.py
[2026-06-02T06:10:23.649+0000] {logging_mixin.py:190} INFO - [2026-06-02T06:10:23.648+0000] {dag.py:3239} INFO - Sync 1 DAGs
[2026-06-02T06:10:23.680+0000] {logging_mixin.py:190} INFO - [2026-06-02T06:10:23.680+0000] {dag.py:4180} INFO - Setting next_dagrun for hourly_batch_lakehouse to 2026-06-02 05:00:00+00:00, run_after=2026-06-02 06:00:00+00:00
[2026-06-02T06:10:23.707+0000] {processor.py:208} INFO - Processing /opt/airflow/dags/hourly_batch_lakehouse.py took 1.161 seconds
[2026-06-02T06:10:54.303+0000] {processor.py:186} INFO - Started process (PID=1985) to work on /opt/airflow/dags/hourly_batch_lakehouse.py
[2026-06-02T06:10:54.306+0000] {processor.py:914} INFO - Processing file /opt/airflow/dags/hourly_batch_lakehouse.py for tasks to queue
[2026-06-02T06:10:54.311+0000] {logging_mixin.py:190} INFO - [2026-06-02T06:10:54.310+0000] {dagbag.py:588} INFO - Filling up the DagBag from /opt/airflow/dags/hourly_batch_lakehouse.py
[2026-06-02T06:10:55.255+0000] {processor.py:925} INFO - DAG(s) 'hourly_batch_lakehouse' retrieved from /opt/airflow/dags/hourly_batch_lakehouse.py
[2026-06-02T06:10:55.289+0000] {logging_mixin.py:190} INFO - [2026-06-02T06:10:55.288+0000] {dag.py:3239} INFO - Sync 1 DAGs
[2026-06-02T06:10:55.320+0000] {logging_mixin.py:190} INFO - [2026-06-02T06:10:55.320+0000] {dag.py:4180} INFO - Setting next_dagrun for hourly_batch_lakehouse to 2026-06-02 05:00:00+00:00, run_after=2026-06-02 06:00:00+00:00
[2026-06-02T06:10:55.431+0000] {processor.py:208} INFO - Processing /opt/airflow/dags/hourly_batch_lakehouse.py took 1.145 seconds
[2026-06-02T06:11:25.914+0000] {processor.py:186} INFO - Started process (PID=2119) to work on /opt/airflow/dags/hourly_batch_lakehouse.py
[2026-06-02T06:11:25.916+0000] {processor.py:914} INFO - Processing file /opt/airflow/dags/hourly_batch_lakehouse.py for tasks to queue
[2026-06-02T06:11:25.919+0000] {logging_mixin.py:190} INFO - [2026-06-02T06:11:25.919+0000] {dagbag.py:588} INFO - Filling up the DagBag from /opt/airflow/dags/hourly_batch_lakehouse.py
[2026-06-02T06:11:26.981+0000] {processor.py:925} INFO - DAG(s) 'hourly_batch_lakehouse' retrieved from /opt/airflow/dags/hourly_batch_lakehouse.py
[2026-06-02T06:11:27.017+0000] {logging_mixin.py:190} INFO - [2026-06-02T06:11:27.016+0000] {dag.py:3239} INFO - Sync 1 DAGs
[2026-06-02T06:11:27.046+0000] {logging_mixin.py:190} INFO - [2026-06-02T06:11:27.046+0000] {dag.py:4180} INFO - Setting next_dagrun for hourly_batch_lakehouse to 2026-06-02 05:00:00+00:00, run_after=2026-06-02 06:00:00+00:00
[2026-06-02T06:11:27.074+0000] {processor.py:208} INFO - Processing /opt/airflow/dags/hourly_batch_lakehouse.py took 1.170 seconds
[2026-06-02T06:11:58.484+0000] {processor.py:186} INFO - Started process (PID=2246) to work on /opt/airflow/dags/hourly_batch_lakehouse.py
[2026-06-02T06:11:58.494+0000] {processor.py:914} INFO - Processing file /opt/airflow/dags/hourly_batch_lakehouse.py for tasks to queue
[2026-06-02T06:11:58.525+0000] {logging_mixin.py:190} INFO - [2026-06-02T06:11:58.506+0000] {dagbag.py:588} INFO - Filling up the DagBag from /opt/airflow/dags/hourly_batch_lakehouse.py
[2026-06-02T06:12:00.995+0000] {processor.py:925} INFO - DAG(s) 'hourly_batch_lakehouse' retrieved from /opt/airflow/dags/hourly_batch_lakehouse.py
[2026-06-02T06:12:01.072+0000] {logging_mixin.py:190} INFO - [2026-06-02T06:12:01.071+0000] {dag.py:3239} INFO - Sync 1 DAGs
[2026-06-02T06:12:01.140+0000] {logging_mixin.py:190} INFO - [2026-06-02T06:12:01.139+0000] {dag.py:4180} INFO - Setting next_dagrun for hourly_batch_lakehouse to 2026-06-02 05:00:00+00:00, run_after=2026-06-02 06:00:00+00:00
[2026-06-02T06:12:01.186+0000] {processor.py:208} INFO - Processing /opt/airflow/dags/hourly_batch_lakehouse.py took 2.726 seconds
[2026-06-02T06:12:32.081+0000] {processor.py:186} INFO - Started process (PID=2381) to work on /opt/airflow/dags/hourly_batch_lakehouse.py
[2026-06-02T06:12:32.094+0000] {processor.py:914} INFO - Processing file /opt/airflow/dags/hourly_batch_lakehouse.py for tasks to queue
[2026-06-02T06:12:32.104+0000] {logging_mixin.py:190} INFO - [2026-06-02T06:12:32.103+0000] {dagbag.py:588} INFO - Filling up the DagBag from /opt/airflow/dags/hourly_batch_lakehouse.py
[2026-06-02T06:12:34.721+0000] {processor.py:925} INFO - DAG(s) 'hourly_batch_lakehouse' retrieved from /opt/airflow/dags/hourly_batch_lakehouse.py
[2026-06-02T06:12:34.785+0000] {logging_mixin.py:190} INFO - [2026-06-02T06:12:34.784+0000] {dag.py:3239} INFO - Sync 1 DAGs
[2026-06-02T06:12:34.845+0000] {logging_mixin.py:190} INFO - [2026-06-02T06:12:34.844+0000] {dag.py:4180} INFO - Setting next_dagrun for hourly_batch_lakehouse to 2026-06-02 05:00:00+00:00, run_after=2026-06-02 06:00:00+00:00
[2026-06-02T06:12:34.896+0000] {processor.py:208} INFO - Processing /opt/airflow/dags/hourly_batch_lakehouse.py took 2.856 seconds
[2026-06-02T06:13:05.284+0000] {processor.py:186} INFO - Started process (PID=2516) to work on /opt/airflow/dags/hourly_batch_lakehouse.py
[2026-06-02T06:13:05.285+0000] {processor.py:914} INFO - Processing file /opt/airflow/dags/hourly_batch_lakehouse.py for tasks to queue
[2026-06-02T06:13:05.289+0000] {logging_mixin.py:190} INFO - [2026-06-02T06:13:05.288+0000] {dagbag.py:588} INFO - Filling up the DagBag from /opt/airflow/dags/hourly_batch_lakehouse.py
[2026-06-02T06:13:06.290+0000] {processor.py:925} INFO - DAG(s) 'hourly_batch_lakehouse' retrieved from /opt/airflow/dags/hourly_batch_lakehouse.py
[2026-06-02T06:13:06.325+0000] {logging_mixin.py:190} INFO - [2026-06-02T06:13:06.324+0000] {dag.py:3239} INFO - Sync 1 DAGs
[2026-06-02T06:13:06.357+0000] {logging_mixin.py:190} INFO - [2026-06-02T06:13:06.357+0000] {dag.py:4180} INFO - Setting next_dagrun for hourly_batch_lakehouse to 2026-06-02 05:00:00+00:00, run_after=2026-06-02 06:00:00+00:00
[2026-06-02T06:13:06.386+0000] {processor.py:208} INFO - Processing /opt/airflow/dags/hourly_batch_lakehouse.py took 1.112 seconds
[2026-06-02T06:13:37.145+0000] {processor.py:186} INFO - Started process (PID=2651) to work on /opt/airflow/dags/hourly_batch_lakehouse.py
[2026-06-02T06:13:37.147+0000] {processor.py:914} INFO - Processing file /opt/airflow/dags/hourly_batch_lakehouse.py for tasks to queue
[2026-06-02T06:13:37.159+0000] {logging_mixin.py:190} INFO - [2026-06-02T06:13:37.157+0000] {dagbag.py:588} INFO - Filling up the DagBag from /opt/airflow/dags/hourly_batch_lakehouse.py
[2026-06-02T06:13:38.495+0000] {processor.py:925} INFO - DAG(s) 'hourly_batch_lakehouse' retrieved from /opt/airflow/dags/hourly_batch_lakehouse.py
[2026-06-02T06:13:38.528+0000] {logging_mixin.py:190} INFO - [2026-06-02T06:13:38.527+0000] {dag.py:3239} INFO - Sync 1 DAGs
[2026-06-02T06:13:38.562+0000] {logging_mixin.py:190} INFO - [2026-06-02T06:13:38.562+0000] {dag.py:4180} INFO - Setting next_dagrun for hourly_batch_lakehouse to 2026-06-02 05:00:00+00:00, run_after=2026-06-02 06:00:00+00:00
[2026-06-02T06:13:38.592+0000] {processor.py:208} INFO - Processing /opt/airflow/dags/hourly_batch_lakehouse.py took 1.469 seconds
[2026-06-02T06:14:08.957+0000] {processor.py:186} INFO - Started process (PID=2786) to work on /opt/airflow/dags/hourly_batch_lakehouse.py
[2026-06-02T06:14:08.961+0000] {processor.py:914} INFO - Processing file /opt/airflow/dags/hourly_batch_lakehouse.py for tasks to queue
[2026-06-02T06:14:08.968+0000] {logging_mixin.py:190} INFO - [2026-06-02T06:14:08.966+0000] {dagbag.py:588} INFO - Filling up the DagBag from /opt/airflow/dags/hourly_batch_lakehouse.py
[2026-06-02T06:14:10.206+0000] {processor.py:925} INFO - DAG(s) 'hourly_batch_lakehouse' retrieved from /opt/airflow/dags/hourly_batch_lakehouse.py
[2026-06-02T06:14:10.253+0000] {logging_mixin.py:190} INFO - [2026-06-02T06:14:10.252+0000] {dag.py:3239} INFO - Sync 1 DAGs
[2026-06-02T06:14:10.297+0000] {logging_mixin.py:190} INFO - [2026-06-02T06:14:10.297+0000] {dag.py:4180} INFO - Setting next_dagrun for hourly_batch_lakehouse to 2026-06-02 05:00:00+00:00, run_after=2026-06-02 06:00:00+00:00
[2026-06-02T06:14:10.329+0000] {processor.py:208} INFO - Processing /opt/airflow/dags/hourly_batch_lakehouse.py took 1.394 seconds
[2026-06-02T06:14:42.614+0000] {processor.py:186} INFO - Started process (PID=2918) to work on /opt/airflow/dags/hourly_batch_lakehouse.py
[2026-06-02T06:14:42.616+0000] {processor.py:914} INFO - Processing file /opt/airflow/dags/hourly_batch_lakehouse.py for tasks to queue
[2026-06-02T06:14:42.620+0000] {logging_mixin.py:190} INFO - [2026-06-02T06:14:42.620+0000] {dagbag.py:588} INFO - Filling up the DagBag from /opt/airflow/dags/hourly_batch_lakehouse.py
[2026-06-02T06:14:44.159+0000] {processor.py:925} INFO - DAG(s) 'hourly_batch_lakehouse' retrieved from /opt/airflow/dags/hourly_batch_lakehouse.py
[2026-06-02T06:14:44.210+0000] {logging_mixin.py:190} INFO - [2026-06-02T06:14:44.209+0000] {dag.py:3239} INFO - Sync 1 DAGs
[2026-06-02T06:14:44.266+0000] {logging_mixin.py:190} INFO - [2026-06-02T06:14:44.266+0000] {dag.py:4180} INFO - Setting next_dagrun for hourly_batch_lakehouse to 2026-06-02 05:00:00+00:00, run_after=2026-06-02 06:00:00+00:00
[2026-06-02T06:14:44.326+0000] {processor.py:208} INFO - Processing /opt/airflow/dags/hourly_batch_lakehouse.py took 1.727 seconds
[2026-06-02T06:15:15.321+0000] {processor.py:186} INFO - Started process (PID=3053) to work on /opt/airflow/dags/hourly_batch_lakehouse.py
[2026-06-02T06:15:15.323+0000] {processor.py:914} INFO - Processing file /opt/airflow/dags/hourly_batch_lakehouse.py for tasks to queue
[2026-06-02T06:15:15.328+0000] {logging_mixin.py:190} INFO - [2026-06-02T06:15:15.326+0000] {dagbag.py:588} INFO - Filling up the DagBag from /opt/airflow/dags/hourly_batch_lakehouse.py
[2026-06-02T06:15:16.889+0000] {processor.py:925} INFO - DAG(s) 'hourly_batch_lakehouse' retrieved from /opt/airflow/dags/hourly_batch_lakehouse.py
[2026-06-02T06:15:16.922+0000] {logging_mixin.py:190} INFO - [2026-06-02T06:15:16.921+0000] {dag.py:3239} INFO - Sync 1 DAGs
[2026-06-02T06:15:16.952+0000] {logging_mixin.py:190} INFO - [2026-06-02T06:15:16.951+0000] {dag.py:4180} INFO - Setting next_dagrun for hourly_batch_lakehouse to 2026-06-02 05:00:00+00:00, run_after=2026-06-02 06:00:00+00:00
[2026-06-02T06:15:16.980+0000] {processor.py:208} INFO - Processing /opt/airflow/dags/hourly_batch_lakehouse.py took 1.672 seconds
[2026-06-02T06:15:47.648+0000] {processor.py:186} INFO - Started process (PID=3188) to work on /opt/airflow/dags/hourly_batch_lakehouse.py
[2026-06-02T06:15:47.650+0000] {processor.py:914} INFO - Processing file /opt/airflow/dags/hourly_batch_lakehouse.py for tasks to queue
[2026-06-02T06:15:47.656+0000] {logging_mixin.py:190} INFO - [2026-06-02T06:15:47.655+0000] {dagbag.py:588} INFO - Filling up the DagBag from /opt/airflow/dags/hourly_batch_lakehouse.py
[2026-06-02T06:15:48.917+0000] {processor.py:925} INFO - DAG(s) 'hourly_batch_lakehouse' retrieved from /opt/airflow/dags/hourly_batch_lakehouse.py
[2026-06-02T06:15:48.956+0000] {logging_mixin.py:190} INFO - [2026-06-02T06:15:48.955+0000] {dag.py:3239} INFO - Sync 1 DAGs
[2026-06-02T06:15:48.998+0000] {logging_mixin.py:190} INFO - [2026-06-02T06:15:48.997+0000] {dag.py:4180} INFO - Setting next_dagrun for hourly_batch_lakehouse to 2026-06-02 05:00:00+00:00, run_after=2026-06-02 06:00:00+00:00
[2026-06-02T06:15:49.035+0000] {processor.py:208} INFO - Processing /opt/airflow/dags/hourly_batch_lakehouse.py took 1.398 seconds
[2026-06-02T06:16:19.322+0000] {processor.py:186} INFO - Started process (PID=3323) to work on /opt/airflow/dags/hourly_batch_lakehouse.py
[2026-06-02T06:16:19.324+0000] {processor.py:914} INFO - Processing file /opt/airflow/dags/hourly_batch_lakehouse.py for tasks to queue
[2026-06-02T06:16:19.328+0000] {logging_mixin.py:190} INFO - [2026-06-02T06:16:19.327+0000] {dagbag.py:588} INFO - Filling up the DagBag from /opt/airflow/dags/hourly_batch_lakehouse.py
[2026-06-02T06:16:20.475+0000] {processor.py:925} INFO - DAG(s) 'hourly_batch_lakehouse' retrieved from /opt/airflow/dags/hourly_batch_lakehouse.py
[2026-06-02T06:16:20.507+0000] {logging_mixin.py:190} INFO - [2026-06-02T06:16:20.507+0000] {dag.py:3239} INFO - Sync 1 DAGs
[2026-06-02T06:16:20.538+0000] {logging_mixin.py:190} INFO - [2026-06-02T06:16:20.537+0000] {dag.py:4180} INFO - Setting next_dagrun for hourly_batch_lakehouse to 2026-06-02 05:00:00+00:00, run_after=2026-06-02 06:00:00+00:00
[2026-06-02T06:16:20.568+0000] {processor.py:208} INFO - Processing /opt/airflow/dags/hourly_batch_lakehouse.py took 1.258 seconds
[2026-06-02T06:16:51.220+0000] {processor.py:186} INFO - Started process (PID=3461) to work on /opt/airflow/dags/hourly_batch_lakehouse.py
[2026-06-02T06:16:51.222+0000] {processor.py:914} INFO - Processing file /opt/airflow/dags/hourly_batch_lakehouse.py for tasks to queue
[2026-06-02T06:16:51.225+0000] {logging_mixin.py:190} INFO - [2026-06-02T06:16:51.225+0000] {dagbag.py:588} INFO - Filling up the DagBag from /opt/airflow/dags/hourly_batch_lakehouse.py
[2026-06-02T06:16:52.169+0000] {processor.py:925} INFO - DAG(s) 'hourly_batch_lakehouse' retrieved from /opt/airflow/dags/hourly_batch_lakehouse.py
[2026-06-02T06:16:52.210+0000] {logging_mixin.py:190} INFO - [2026-06-02T06:16:52.209+0000] {dag.py:3239} INFO - Sync 1 DAGs
[2026-06-02T06:16:52.238+0000] {logging_mixin.py:190} INFO - [2026-06-02T06:16:52.237+0000] {dag.py:4180} INFO - Setting next_dagrun for hourly_batch_lakehouse to 2026-06-02 05:00:00+00:00, run_after=2026-06-02 06:00:00+00:00
[2026-06-02T06:16:52.266+0000] {processor.py:208} INFO - Processing /opt/airflow/dags/hourly_batch_lakehouse.py took 1.058 seconds
[2026-06-02T06:17:22.576+0000] {processor.py:186} INFO - Started process (PID=3595) to work on /opt/airflow/dags/hourly_batch_lakehouse.py
[2026-06-02T06:17:22.578+0000] {processor.py:914} INFO - Processing file /opt/airflow/dags/hourly_batch_lakehouse.py for tasks to queue
[2026-06-02T06:17:22.582+0000] {logging_mixin.py:190} INFO - [2026-06-02T06:17:22.582+0000] {dagbag.py:588} INFO - Filling up the DagBag from /opt/airflow/dags/hourly_batch_lakehouse.py
[2026-06-02T06:17:23.726+0000] {processor.py:925} INFO - DAG(s) 'hourly_batch_lakehouse' retrieved from /opt/airflow/dags/hourly_batch_lakehouse.py
[2026-06-02T06:17:23.765+0000] {logging_mixin.py:190} INFO - [2026-06-02T06:17:23.764+0000] {dag.py:3239} INFO - Sync 1 DAGs
[2026-06-02T06:17:23.802+0000] {logging_mixin.py:190} INFO - [2026-06-02T06:17:23.802+0000] {dag.py:4180} INFO - Setting next_dagrun for hourly_batch_lakehouse to 2026-06-02 05:00:00+00:00, run_after=2026-06-02 06:00:00+00:00
[2026-06-02T06:17:23.835+0000] {processor.py:208} INFO - Processing /opt/airflow/dags/hourly_batch_lakehouse.py took 1.271 seconds
[2026-06-02T06:17:53.985+0000] {processor.py:186} INFO - Started process (PID=3722) to work on /opt/airflow/dags/hourly_batch_lakehouse.py
[2026-06-02T06:17:53.987+0000] {processor.py:914} INFO - Processing file /opt/airflow/dags/hourly_batch_lakehouse.py for tasks to queue
[2026-06-02T06:17:53.992+0000] {logging_mixin.py:190} INFO - [2026-06-02T06:17:53.991+0000] {dagbag.py:588} INFO - Filling up the DagBag from /opt/airflow/dags/hourly_batch_lakehouse.py
[2026-06-02T06:17:54.951+0000] {processor.py:925} INFO - DAG(s) 'hourly_batch_lakehouse' retrieved from /opt/airflow/dags/hourly_batch_lakehouse.py
[2026-06-02T06:17:54.987+0000] {logging_mixin.py:190} INFO - [2026-06-02T06:17:54.986+0000] {dag.py:3239} INFO - Sync 1 DAGs
[2026-06-02T06:17:55.019+0000] {logging_mixin.py:190} INFO - [2026-06-02T06:17:55.018+0000] {dag.py:4180} INFO - Setting next_dagrun for hourly_batch_lakehouse to 2026-06-02 05:00:00+00:00, run_after=2026-06-02 06:00:00+00:00
[2026-06-02T06:17:55.051+0000] {processor.py:208} INFO - Processing /opt/airflow/dags/hourly_batch_lakehouse.py took 1.077 seconds
[2026-06-02T06:18:25.794+0000] {processor.py:186} INFO - Started process (PID=3857) to work on /opt/airflow/dags/hourly_batch_lakehouse.py
[2026-06-02T06:18:25.796+0000] {processor.py:914} INFO - Processing file /opt/airflow/dags/hourly_batch_lakehouse.py for tasks to queue
[2026-06-02T06:18:25.801+0000] {logging_mixin.py:190} INFO - [2026-06-02T06:18:25.800+0000] {dagbag.py:588} INFO - Filling up the DagBag from /opt/airflow/dags/hourly_batch_lakehouse.py
[2026-06-02T06:18:26.745+0000] {processor.py:925} INFO - DAG(s) 'hourly_batch_lakehouse' retrieved from /opt/airflow/dags/hourly_batch_lakehouse.py
[2026-06-02T06:18:26.777+0000] {logging_mixin.py:190} INFO - [2026-06-02T06:18:26.777+0000] {dag.py:3239} INFO - Sync 1 DAGs
[2026-06-02T06:18:26.808+0000] {logging_mixin.py:190} INFO - [2026-06-02T06:18:26.808+0000] {dag.py:4180} INFO - Setting next_dagrun for hourly_batch_lakehouse to 2026-06-02 05:00:00+00:00, run_after=2026-06-02 06:00:00+00:00
[2026-06-02T06:18:26.837+0000] {processor.py:208} INFO - Processing /opt/airflow/dags/hourly_batch_lakehouse.py took 1.055 seconds
[2026-06-02T06:18:28.876+0000] {processor.py:186} INFO - Started process (PID=3899) to work on /opt/airflow/dags/hourly_batch_lakehouse.py
[2026-06-02T06:18:28.878+0000] {processor.py:914} INFO - Processing file /opt/airflow/dags/hourly_batch_lakehouse.py for tasks to queue
[2026-06-02T06:18:28.881+0000] {logging_mixin.py:190} INFO - [2026-06-02T06:18:28.881+0000] {dagbag.py:588} INFO - Filling up the DagBag from /opt/airflow/dags/hourly_batch_lakehouse.py
[2026-06-02T06:18:29.752+0000] {processor.py:925} INFO - DAG(s) 'hourly_batch_lakehouse' retrieved from /opt/airflow/dags/hourly_batch_lakehouse.py
[2026-06-02T06:18:29.989+0000] {logging_mixin.py:190} INFO - [2026-06-02T06:18:29.988+0000] {dag.py:3239} INFO - Sync 1 DAGs
[2026-06-02T06:18:30.017+0000] {logging_mixin.py:190} INFO - [2026-06-02T06:18:30.017+0000] {dag.py:4180} INFO - Setting next_dagrun for hourly_batch_lakehouse to 2026-06-02 05:00:00+00:00, run_after=2026-06-02 06:00:00+00:00
[2026-06-02T06:18:30.048+0000] {processor.py:208} INFO - Processing /opt/airflow/dags/hourly_batch_lakehouse.py took 1.183 seconds
[2026-06-02T06:19:00.212+0000] {processor.py:186} INFO - Started process (PID=4034) to work on /opt/airflow/dags/hourly_batch_lakehouse.py
[2026-06-02T06:19:00.213+0000] {processor.py:914} INFO - Processing file /opt/airflow/dags/hourly_batch_lakehouse.py for tasks to queue
[2026-06-02T06:19:00.216+0000] {logging_mixin.py:190} INFO - [2026-06-02T06:19:00.216+0000] {dagbag.py:588} INFO - Filling up the DagBag from /opt/airflow/dags/hourly_batch_lakehouse.py
[2026-06-02T06:19:01.208+0000] {processor.py:925} INFO - DAG(s) 'hourly_batch_lakehouse' retrieved from /opt/airflow/dags/hourly_batch_lakehouse.py
[2026-06-02T06:19:01.241+0000] {logging_mixin.py:190} INFO - [2026-06-02T06:19:01.240+0000] {dag.py:3239} INFO - Sync 1 DAGs
[2026-06-02T06:19:01.271+0000] {logging_mixin.py:190} INFO - [2026-06-02T06:19:01.271+0000] {dag.py:4180} INFO - Setting next_dagrun for hourly_batch_lakehouse to 2026-06-02 05:00:00+00:00, run_after=2026-06-02 06:00:00+00:00
[2026-06-02T06:19:01.301+0000] {processor.py:208} INFO - Processing /opt/airflow/dags/hourly_batch_lakehouse.py took 1.100 seconds
[2026-06-02T06:20:01.449+0000] {processor.py:186} INFO - Started process (PID=197) to work on /opt/airflow/dags/hourly_batch_lakehouse.py
[2026-06-02T06:20:01.451+0000] {processor.py:914} INFO - Processing file /opt/airflow/dags/hourly_batch_lakehouse.py for tasks to queue
[2026-06-02T06:20:01.454+0000] {logging_mixin.py:190} INFO - [2026-06-02T06:20:01.454+0000] {dagbag.py:588} INFO - Filling up the DagBag from /opt/airflow/dags/hourly_batch_lakehouse.py
[2026-06-02T06:20:02.566+0000] {processor.py:925} INFO - DAG(s) 'hourly_batch_lakehouse' retrieved from /opt/airflow/dags/hourly_batch_lakehouse.py
[2026-06-02T06:20:02.745+0000] {logging_mixin.py:190} INFO - [2026-06-02T06:20:02.744+0000] {dag.py:3239} INFO - Sync 1 DAGs
[2026-06-02T06:20:02.777+0000] {logging_mixin.py:190} INFO - [2026-06-02T06:20:02.777+0000] {dag.py:4180} INFO - Setting next_dagrun for hourly_batch_lakehouse to 2026-06-02 05:00:00+00:00, run_after=2026-06-02 06:00:00+00:00
[2026-06-02T06:20:02.818+0000] {processor.py:208} INFO - Processing /opt/airflow/dags/hourly_batch_lakehouse.py took 1.379 seconds
[2026-06-02T06:20:32.983+0000] {processor.py:186} INFO - Started process (PID=332) to work on /opt/airflow/dags/hourly_batch_lakehouse.py
[2026-06-02T06:20:32.984+0000] {processor.py:914} INFO - Processing file /opt/airflow/dags/hourly_batch_lakehouse.py for tasks to queue
[2026-06-02T06:20:32.989+0000] {logging_mixin.py:190} INFO - [2026-06-02T06:20:32.988+0000] {dagbag.py:588} INFO - Filling up the DagBag from /opt/airflow/dags/hourly_batch_lakehouse.py
[2026-06-02T06:20:33.898+0000] {processor.py:925} INFO - DAG(s) 'hourly_batch_lakehouse' retrieved from /opt/airflow/dags/hourly_batch_lakehouse.py
[2026-06-02T06:20:33.931+0000] {logging_mixin.py:190} INFO - [2026-06-02T06:20:33.930+0000] {dag.py:3239} INFO - Sync 1 DAGs
[2026-06-02T06:20:33.958+0000] {logging_mixin.py:190} INFO - [2026-06-02T06:20:33.958+0000] {dag.py:4180} INFO - Setting next_dagrun for hourly_batch_lakehouse to 2026-06-02 05:00:00+00:00, run_after=2026-06-02 06:00:00+00:00
[2026-06-02T06:20:33.997+0000] {processor.py:208} INFO - Processing /opt/airflow/dags/hourly_batch_lakehouse.py took 1.025 seconds
[2026-06-02T06:21:04.918+0000] {processor.py:186} INFO - Started process (PID=467) to work on /opt/airflow/dags/hourly_batch_lakehouse.py
[2026-06-02T06:21:04.920+0000] {processor.py:914} INFO - Processing file /opt/airflow/dags/hourly_batch_lakehouse.py for tasks to queue
[2026-06-02T06:21:04.924+0000] {logging_mixin.py:190} INFO - [2026-06-02T06:21:04.923+0000] {dagbag.py:588} INFO - Filling up the DagBag from /opt/airflow/dags/hourly_batch_lakehouse.py
[2026-06-02T06:21:05.934+0000] {processor.py:925} INFO - DAG(s) 'hourly_batch_lakehouse' retrieved from /opt/airflow/dags/hourly_batch_lakehouse.py
[2026-06-02T06:21:05.972+0000] {logging_mixin.py:190} INFO - [2026-06-02T06:21:05.972+0000] {dag.py:3239} INFO - Sync 1 DAGs
[2026-06-02T06:21:05.999+0000] {logging_mixin.py:190} INFO - [2026-06-02T06:21:05.999+0000] {dag.py:4180} INFO - Setting next_dagrun for hourly_batch_lakehouse to 2026-06-02 05:00:00+00:00, run_after=2026-06-02 06:00:00+00:00
[2026-06-02T06:21:06.026+0000] {processor.py:208} INFO - Processing /opt/airflow/dags/hourly_batch_lakehouse.py took 1.119 seconds
[2026-06-02T06:21:36.951+0000] {processor.py:186} INFO - Started process (PID=602) to work on /opt/airflow/dags/hourly_batch_lakehouse.py
[2026-06-02T06:21:36.953+0000] {processor.py:914} INFO - Processing file /opt/airflow/dags/hourly_batch_lakehouse.py for tasks to queue
[2026-06-02T06:21:36.957+0000] {logging_mixin.py:190} INFO - [2026-06-02T06:21:36.956+0000] {dagbag.py:588} INFO - Filling up the DagBag from /opt/airflow/dags/hourly_batch_lakehouse.py
[2026-06-02T06:21:37.793+0000] {processor.py:925} INFO - DAG(s) 'hourly_batch_lakehouse' retrieved from /opt/airflow/dags/hourly_batch_lakehouse.py
[2026-06-02T06:21:37.828+0000] {logging_mixin.py:190} INFO - [2026-06-02T06:21:37.828+0000] {dag.py:3239} INFO - Sync 1 DAGs
[2026-06-02T06:21:37.860+0000] {logging_mixin.py:190} INFO - [2026-06-02T06:21:37.860+0000] {dag.py:4180} INFO - Setting next_dagrun for hourly_batch_lakehouse to 2026-06-02 05:00:00+00:00, run_after=2026-06-02 06:00:00+00:00
[2026-06-02T06:21:37.895+0000] {processor.py:208} INFO - Processing /opt/airflow/dags/hourly_batch_lakehouse.py took 0.954 seconds
[2026-06-02T06:22:08.865+0000] {processor.py:186} INFO - Started process (PID=737) to work on /opt/airflow/dags/hourly_batch_lakehouse.py
[2026-06-02T06:22:08.868+0000] {processor.py:914} INFO - Processing file /opt/airflow/dags/hourly_batch_lakehouse.py for tasks to queue
[2026-06-02T06:22:08.874+0000] {logging_mixin.py:190} INFO - [2026-06-02T06:22:08.873+0000] {dagbag.py:588} INFO - Filling up the DagBag from /opt/airflow/dags/hourly_batch_lakehouse.py
[2026-06-02T06:22:10.100+0000] {processor.py:925} INFO - DAG(s) 'hourly_batch_lakehouse' retrieved from /opt/airflow/dags/hourly_batch_lakehouse.py
[2026-06-02T06:22:10.142+0000] {logging_mixin.py:190} INFO - [2026-06-02T06:22:10.141+0000] {dag.py:3239} INFO - Sync 1 DAGs
[2026-06-02T06:22:10.173+0000] {logging_mixin.py:190} INFO - [2026-06-02T06:22:10.173+0000] {dag.py:4180} INFO - Setting next_dagrun for hourly_batch_lakehouse to 2026-06-02 05:00:00+00:00, run_after=2026-06-02 06:00:00+00:00
[2026-06-02T06:22:10.208+0000] {processor.py:208} INFO - Processing /opt/airflow/dags/hourly_batch_lakehouse.py took 1.370 seconds
[2026-06-02T06:22:40.339+0000] {processor.py:186} INFO - Started process (PID=869) to work on /opt/airflow/dags/hourly_batch_lakehouse.py
[2026-06-02T06:22:40.341+0000] {processor.py:914} INFO - Processing file /opt/airflow/dags/hourly_batch_lakehouse.py for tasks to queue
[2026-06-02T06:22:40.344+0000] {logging_mixin.py:190} INFO - [2026-06-02T06:22:40.344+0000] {dagbag.py:588} INFO - Filling up the DagBag from /opt/airflow/dags/hourly_batch_lakehouse.py
[2026-06-02T06:22:41.936+0000] {processor.py:925} INFO - DAG(s) 'hourly_batch_lakehouse' retrieved from /opt/airflow/dags/hourly_batch_lakehouse.py
[2026-06-02T06:22:41.994+0000] {logging_mixin.py:190} INFO - [2026-06-02T06:22:41.993+0000] {dag.py:3239} INFO - Sync 1 DAGs
[2026-06-02T06:22:42.031+0000] {logging_mixin.py:190} INFO - [2026-06-02T06:22:42.031+0000] {dag.py:4180} INFO - Setting next_dagrun for hourly_batch_lakehouse to 2026-06-02 05:00:00+00:00, run_after=2026-06-02 06:00:00+00:00
[2026-06-02T06:22:42.075+0000] {processor.py:208} INFO - Processing /opt/airflow/dags/hourly_batch_lakehouse.py took 1.746 seconds
[2026-06-02T06:23:12.503+0000] {processor.py:186} INFO - Started process (PID=1007) to work on /opt/airflow/dags/hourly_batch_lakehouse.py
[2026-06-02T06:23:12.506+0000] {processor.py:914} INFO - Processing file /opt/airflow/dags/hourly_batch_lakehouse.py for tasks to queue
[2026-06-02T06:23:12.522+0000] {logging_mixin.py:190} INFO - [2026-06-02T06:23:12.522+0000] {dagbag.py:588} INFO - Filling up the DagBag from /opt/airflow/dags/hourly_batch_lakehouse.py
[2026-06-02T06:23:14.978+0000] {processor.py:925} INFO - DAG(s) 'hourly_batch_lakehouse' retrieved from /opt/airflow/dags/hourly_batch_lakehouse.py
[2026-06-02T06:23:15.128+0000] {logging_mixin.py:190} INFO - [2026-06-02T06:23:15.127+0000] {dag.py:3239} INFO - Sync 1 DAGs
[2026-06-02T06:23:15.174+0000] {logging_mixin.py:190} INFO - [2026-06-02T06:23:15.174+0000] {dag.py:4180} INFO - Setting next_dagrun for hourly_batch_lakehouse to 2026-06-02 05:00:00+00:00, run_after=2026-06-02 06:00:00+00:00
[2026-06-02T06:23:15.224+0000] {processor.py:208} INFO - Processing /opt/airflow/dags/hourly_batch_lakehouse.py took 2.734 seconds
[2026-06-02T06:23:45.984+0000] {processor.py:186} INFO - Started process (PID=1142) to work on /opt/airflow/dags/hourly_batch_lakehouse.py
[2026-06-02T06:23:45.986+0000] {processor.py:914} INFO - Processing file /opt/airflow/dags/hourly_batch_lakehouse.py for tasks to queue
[2026-06-02T06:23:45.991+0000] {logging_mixin.py:190} INFO - [2026-06-02T06:23:45.990+0000] {dagbag.py:588} INFO - Filling up the DagBag from /opt/airflow/dags/hourly_batch_lakehouse.py
[2026-06-02T06:23:47.216+0000] {processor.py:925} INFO - DAG(s) 'hourly_batch_lakehouse' retrieved from /opt/airflow/dags/hourly_batch_lakehouse.py
[2026-06-02T06:23:47.266+0000] {logging_mixin.py:190} INFO - [2026-06-02T06:23:47.265+0000] {dag.py:3239} INFO - Sync 1 DAGs
[2026-06-02T06:23:47.321+0000] {logging_mixin.py:190} INFO - [2026-06-02T06:23:47.320+0000] {dag.py:4180} INFO - Setting next_dagrun for hourly_batch_lakehouse to 2026-06-02 05:00:00+00:00, run_after=2026-06-02 06:00:00+00:00
[2026-06-02T06:23:47.359+0000] {processor.py:208} INFO - Processing /opt/airflow/dags/hourly_batch_lakehouse.py took 1.388 seconds
[2026-06-02T06:24:18.098+0000] {processor.py:186} INFO - Started process (PID=1277) to work on /opt/airflow/dags/hourly_batch_lakehouse.py
[2026-06-02T06:24:18.100+0000] {processor.py:914} INFO - Processing file /opt/airflow/dags/hourly_batch_lakehouse.py for tasks to queue
[2026-06-02T06:24:18.105+0000] {logging_mixin.py:190} INFO - [2026-06-02T06:24:18.104+0000] {dagbag.py:588} INFO - Filling up the DagBag from /opt/airflow/dags/hourly_batch_lakehouse.py
[2026-06-02T06:24:19.059+0000] {processor.py:925} INFO - DAG(s) 'hourly_batch_lakehouse' retrieved from /opt/airflow/dags/hourly_batch_lakehouse.py
[2026-06-02T06:24:19.093+0000] {logging_mixin.py:190} INFO - [2026-06-02T06:24:19.092+0000] {dag.py:3239} INFO - Sync 1 DAGs
[2026-06-02T06:24:19.123+0000] {logging_mixin.py:190} INFO - [2026-06-02T06:24:19.123+0000] {dag.py:4180} INFO - Setting next_dagrun for hourly_batch_lakehouse to 2026-06-02 05:00:00+00:00, run_after=2026-06-02 06:00:00+00:00
[2026-06-02T06:24:19.151+0000] {processor.py:208} INFO - Processing /opt/airflow/dags/hourly_batch_lakehouse.py took 1.064 seconds
[2026-06-02T06:24:49.864+0000] {processor.py:186} INFO - Started process (PID=1411) to work on /opt/airflow/dags/hourly_batch_lakehouse.py
[2026-06-02T06:24:49.866+0000] {processor.py:914} INFO - Processing file /opt/airflow/dags/hourly_batch_lakehouse.py for tasks to queue
[2026-06-02T06:24:49.870+0000] {logging_mixin.py:190} INFO - [2026-06-02T06:24:49.869+0000] {dagbag.py:588} INFO - Filling up the DagBag from /opt/airflow/dags/hourly_batch_lakehouse.py
[2026-06-02T06:24:50.873+0000] {processor.py:925} INFO - DAG(s) 'hourly_batch_lakehouse' retrieved from /opt/airflow/dags/hourly_batch_lakehouse.py
[2026-06-02T06:24:50.912+0000] {logging_mixin.py:190} INFO - [2026-06-02T06:24:50.911+0000] {dag.py:3239} INFO - Sync 1 DAGs
[2026-06-02T06:24:50.975+0000] {logging_mixin.py:190} INFO - [2026-06-02T06:24:50.974+0000] {dag.py:4180} INFO - Setting next_dagrun for hourly_batch_lakehouse to 2026-06-02 05:00:00+00:00, run_after=2026-06-02 06:00:00+00:00
[2026-06-02T06:24:51.026+0000] {processor.py:208} INFO - Processing /opt/airflow/dags/hourly_batch_lakehouse.py took 1.175 seconds
[2026-06-02T06:25:21.296+0000] {processor.py:186} INFO - Started process (PID=1538) to work on /opt/airflow/dags/hourly_batch_lakehouse.py
[2026-06-02T06:25:21.297+0000] {processor.py:914} INFO - Processing file /opt/airflow/dags/hourly_batch_lakehouse.py for tasks to queue
[2026-06-02T06:25:21.301+0000] {logging_mixin.py:190} INFO - [2026-06-02T06:25:21.300+0000] {dagbag.py:588} INFO - Filling up the DagBag from /opt/airflow/dags/hourly_batch_lakehouse.py
[2026-06-02T06:25:22.655+0000] {processor.py:925} INFO - DAG(s) 'hourly_batch_lakehouse' retrieved from /opt/airflow/dags/hourly_batch_lakehouse.py
[2026-06-02T06:25:22.700+0000] {logging_mixin.py:190} INFO - [2026-06-02T06:25:22.700+0000] {dag.py:3239} INFO - Sync 1 DAGs
[2026-06-02T06:25:22.743+0000] {logging_mixin.py:190} INFO - [2026-06-02T06:25:22.742+0000] {dag.py:4180} INFO - Setting next_dagrun for hourly_batch_lakehouse to 2026-06-02 05:00:00+00:00, run_after=2026-06-02 06:00:00+00:00
[2026-06-02T06:25:22.777+0000] {processor.py:208} INFO - Processing /opt/airflow/dags/hourly_batch_lakehouse.py took 1.495 seconds
[2026-06-02T06:25:53.538+0000] {processor.py:186} INFO - Started process (PID=1673) to work on /opt/airflow/dags/hourly_batch_lakehouse.py
[2026-06-02T06:25:53.540+0000] {processor.py:914} INFO - Processing file /opt/airflow/dags/hourly_batch_lakehouse.py for tasks to queue
[2026-06-02T06:25:53.545+0000] {logging_mixin.py:190} INFO - [2026-06-02T06:25:53.545+0000] {dagbag.py:588} INFO - Filling up the DagBag from /opt/airflow/dags/hourly_batch_lakehouse.py
[2026-06-02T06:25:54.725+0000] {processor.py:925} INFO - DAG(s) 'hourly_batch_lakehouse' retrieved from /opt/airflow/dags/hourly_batch_lakehouse.py
[2026-06-02T06:25:54.778+0000] {logging_mixin.py:190} INFO - [2026-06-02T06:25:54.777+0000] {dag.py:3239} INFO - Sync 1 DAGs
[2026-06-02T06:25:54.821+0000] {logging_mixin.py:190} INFO - [2026-06-02T06:25:54.820+0000] {dag.py:4180} INFO - Setting next_dagrun for hourly_batch_lakehouse to 2026-06-02 05:00:00+00:00, run_after=2026-06-02 06:00:00+00:00
[2026-06-02T06:25:54.856+0000] {processor.py:208} INFO - Processing /opt/airflow/dags/hourly_batch_lakehouse.py took 1.332 seconds
[2026-06-02T06:26:25.631+0000] {processor.py:186} INFO - Started process (PID=1808) to work on /opt/airflow/dags/hourly_batch_lakehouse.py
[2026-06-02T06:26:25.633+0000] {processor.py:914} INFO - Processing file /opt/airflow/dags/hourly_batch_lakehouse.py for tasks to queue
[2026-06-02T06:26:25.638+0000] {logging_mixin.py:190} INFO - [2026-06-02T06:26:25.637+0000] {dagbag.py:588} INFO - Filling up the DagBag from /opt/airflow/dags/hourly_batch_lakehouse.py
[2026-06-02T06:26:26.566+0000] {processor.py:925} INFO - DAG(s) 'hourly_batch_lakehouse' retrieved from /opt/airflow/dags/hourly_batch_lakehouse.py
[2026-06-02T06:26:26.606+0000] {logging_mixin.py:190} INFO - [2026-06-02T06:26:26.606+0000] {dag.py:3239} INFO - Sync 1 DAGs
[2026-06-02T06:26:26.633+0000] {logging_mixin.py:190} INFO - [2026-06-02T06:26:26.633+0000] {dag.py:4180} INFO - Setting next_dagrun for hourly_batch_lakehouse to 2026-06-02 05:00:00+00:00, run_after=2026-06-02 06:00:00+00:00
[2026-06-02T06:26:26.658+0000] {processor.py:208} INFO - Processing /opt/airflow/dags/hourly_batch_lakehouse.py took 1.038 seconds
[2026-06-02T06:26:57.157+0000] {processor.py:186} INFO - Started process (PID=1943) to work on /opt/airflow/dags/hourly_batch_lakehouse.py
[2026-06-02T06:26:57.159+0000] {processor.py:914} INFO - Processing file /opt/airflow/dags/hourly_batch_lakehouse.py for tasks to queue
[2026-06-02T06:26:57.162+0000] {logging_mixin.py:190} INFO - [2026-06-02T06:26:57.162+0000] {dagbag.py:588} INFO - Filling up the DagBag from /opt/airflow/dags/hourly_batch_lakehouse.py
[2026-06-02T06:26:58.213+0000] {processor.py:925} INFO - DAG(s) 'hourly_batch_lakehouse' retrieved from /opt/airflow/dags/hourly_batch_lakehouse.py
[2026-06-02T06:26:58.247+0000] {logging_mixin.py:190} INFO - [2026-06-02T06:26:58.247+0000] {dag.py:3239} INFO - Sync 1 DAGs
[2026-06-02T06:26:58.277+0000] {logging_mixin.py:190} INFO - [2026-06-02T06:26:58.277+0000] {dag.py:4180} INFO - Setting next_dagrun for hourly_batch_lakehouse to 2026-06-02 05:00:00+00:00, run_after=2026-06-02 06:00:00+00:00
[2026-06-02T06:26:58.302+0000] {processor.py:208} INFO - Processing /opt/airflow/dags/hourly_batch_lakehouse.py took 1.154 seconds
[2026-06-02T06:27:28.788+0000] {processor.py:186} INFO - Started process (PID=2078) to work on /opt/airflow/dags/hourly_batch_lakehouse.py
[2026-06-02T06:27:28.789+0000] {processor.py:914} INFO - Processing file /opt/airflow/dags/hourly_batch_lakehouse.py for tasks to queue
[2026-06-02T06:27:28.793+0000] {logging_mixin.py:190} INFO - [2026-06-02T06:27:28.792+0000] {dagbag.py:588} INFO - Filling up the DagBag from /opt/airflow/dags/hourly_batch_lakehouse.py
[2026-06-02T06:27:29.742+0000] {processor.py:925} INFO - DAG(s) 'hourly_batch_lakehouse' retrieved from /opt/airflow/dags/hourly_batch_lakehouse.py
[2026-06-02T06:27:29.796+0000] {logging_mixin.py:190} INFO - [2026-06-02T06:27:29.795+0000] {dag.py:3239} INFO - Sync 1 DAGs
[2026-06-02T06:27:29.838+0000] {logging_mixin.py:190} INFO - [2026-06-02T06:27:29.838+0000] {dag.py:4180} INFO - Setting next_dagrun for hourly_batch_lakehouse to 2026-06-02 05:00:00+00:00, run_after=2026-06-02 06:00:00+00:00
[2026-06-02T06:27:29.872+0000] {processor.py:208} INFO - Processing /opt/airflow/dags/hourly_batch_lakehouse.py took 1.095 seconds
[2026-06-02T06:28:00.436+0000] {processor.py:186} INFO - Started process (PID=2213) to work on /opt/airflow/dags/hourly_batch_lakehouse.py
[2026-06-02T06:28:00.438+0000] {processor.py:914} INFO - Processing file /opt/airflow/dags/hourly_batch_lakehouse.py for tasks to queue
[2026-06-02T06:28:00.444+0000] {logging_mixin.py:190} INFO - [2026-06-02T06:28:00.443+0000] {dagbag.py:588} INFO - Filling up the DagBag from /opt/airflow/dags/hourly_batch_lakehouse.py
[2026-06-02T06:28:01.632+0000] {processor.py:925} INFO - DAG(s) 'hourly_batch_lakehouse' retrieved from /opt/airflow/dags/hourly_batch_lakehouse.py
[2026-06-02T06:28:01.669+0000] {logging_mixin.py:190} INFO - [2026-06-02T06:28:01.669+0000] {dag.py:3239} INFO - Sync 1 DAGs
[2026-06-02T06:28:01.699+0000] {logging_mixin.py:190} INFO - [2026-06-02T06:28:01.699+0000] {dag.py:4180} INFO - Setting next_dagrun for hourly_batch_lakehouse to 2026-06-02 05:00:00+00:00, run_after=2026-06-02 06:00:00+00:00
[2026-06-02T06:28:01.729+0000] {processor.py:208} INFO - Processing /opt/airflow/dags/hourly_batch_lakehouse.py took 1.311 seconds
[2026-06-02T06:28:32.352+0000] {processor.py:186} INFO - Started process (PID=2348) to work on /opt/airflow/dags/hourly_batch_lakehouse.py
[2026-06-02T06:28:32.354+0000] {processor.py:914} INFO - Processing file /opt/airflow/dags/hourly_batch_lakehouse.py for tasks to queue
[2026-06-02T06:28:32.358+0000] {logging_mixin.py:190} INFO - [2026-06-02T06:28:32.358+0000] {dagbag.py:588} INFO - Filling up the DagBag from /opt/airflow/dags/hourly_batch_lakehouse.py
[2026-06-02T06:28:33.279+0000] {processor.py:925} INFO - DAG(s) 'hourly_batch_lakehouse' retrieved from /opt/airflow/dags/hourly_batch_lakehouse.py
[2026-06-02T06:28:33.314+0000] {logging_mixin.py:190} INFO - [2026-06-02T06:28:33.314+0000] {dag.py:3239} INFO - Sync 1 DAGs
[2026-06-02T06:28:33.344+0000] {logging_mixin.py:190} INFO - [2026-06-02T06:28:33.344+0000] {dag.py:4180} INFO - Setting next_dagrun for hourly_batch_lakehouse to 2026-06-02 05:00:00+00:00, run_after=2026-06-02 06:00:00+00:00
[2026-06-02T06:28:33.376+0000] {processor.py:208} INFO - Processing /opt/airflow/dags/hourly_batch_lakehouse.py took 1.035 seconds
[2026-06-02T06:29:04.247+0000] {processor.py:186} INFO - Started process (PID=2483) to work on /opt/airflow/dags/hourly_batch_lakehouse.py
[2026-06-02T06:29:04.248+0000] {processor.py:914} INFO - Processing file /opt/airflow/dags/hourly_batch_lakehouse.py for tasks to queue
[2026-06-02T06:29:04.253+0000] {logging_mixin.py:190} INFO - [2026-06-02T06:29:04.253+0000] {dagbag.py:588} INFO - Filling up the DagBag from /opt/airflow/dags/hourly_batch_lakehouse.py
[2026-06-02T06:29:05.128+0000] {processor.py:925} INFO - DAG(s) 'hourly_batch_lakehouse' retrieved from /opt/airflow/dags/hourly_batch_lakehouse.py
[2026-06-02T06:29:05.163+0000] {logging_mixin.py:190} INFO - [2026-06-02T06:29:05.162+0000] {dag.py:3239} INFO - Sync 1 DAGs
[2026-06-02T06:29:05.194+0000] {logging_mixin.py:190} INFO - [2026-06-02T06:29:05.193+0000] {dag.py:4180} INFO - Setting next_dagrun for hourly_batch_lakehouse to 2026-06-02 05:00:00+00:00, run_after=2026-06-02 06:00:00+00:00
[2026-06-02T06:29:05.220+0000] {processor.py:208} INFO - Processing /opt/airflow/dags/hourly_batch_lakehouse.py took 0.983 seconds
[2026-06-02T06:29:36.267+0000] {processor.py:186} INFO - Started process (PID=2618) to work on /opt/airflow/dags/hourly_batch_lakehouse.py
[2026-06-02T06:29:36.270+0000] {processor.py:914} INFO - Processing file /opt/airflow/dags/hourly_batch_lakehouse.py for tasks to queue
[2026-06-02T06:29:36.276+0000] {logging_mixin.py:190} INFO - [2026-06-02T06:29:36.276+0000] {dagbag.py:588} INFO - Filling up the DagBag from /opt/airflow/dags/hourly_batch_lakehouse.py
[2026-06-02T06:29:37.527+0000] {processor.py:925} INFO - DAG(s) 'hourly_batch_lakehouse' retrieved from /opt/airflow/dags/hourly_batch_lakehouse.py
[2026-06-02T06:29:37.569+0000] {logging_mixin.py:190} INFO - [2026-06-02T06:29:37.569+0000] {dag.py:3239} INFO - Sync 1 DAGs
[2026-06-02T06:29:37.607+0000] {logging_mixin.py:190} INFO - [2026-06-02T06:29:37.607+0000] {dag.py:4180} INFO - Setting next_dagrun for hourly_batch_lakehouse to 2026-06-02 05:00:00+00:00, run_after=2026-06-02 06:00:00+00:00
[2026-06-02T06:29:37.639+0000] {processor.py:208} INFO - Processing /opt/airflow/dags/hourly_batch_lakehouse.py took 1.388 seconds
[2026-06-02T06:30:07.800+0000] {processor.py:186} INFO - Started process (PID=2752) to work on /opt/airflow/dags/hourly_batch_lakehouse.py
[2026-06-02T06:30:07.803+0000] {processor.py:914} INFO - Processing file /opt/airflow/dags/hourly_batch_lakehouse.py for tasks to queue
[2026-06-02T06:30:07.807+0000] {logging_mixin.py:190} INFO - [2026-06-02T06:30:07.806+0000] {dagbag.py:588} INFO - Filling up the DagBag from /opt/airflow/dags/hourly_batch_lakehouse.py
[2026-06-02T06:30:09.188+0000] {processor.py:925} INFO - DAG(s) 'hourly_batch_lakehouse' retrieved from /opt/airflow/dags/hourly_batch_lakehouse.py
[2026-06-02T06:30:09.239+0000] {logging_mixin.py:190} INFO - [2026-06-02T06:30:09.239+0000] {dag.py:3239} INFO - Sync 1 DAGs
[2026-06-02T06:30:09.274+0000] {logging_mixin.py:190} INFO - [2026-06-02T06:30:09.274+0000] {dag.py:4180} INFO - Setting next_dagrun for hourly_batch_lakehouse to 2026-06-02 05:00:00+00:00, run_after=2026-06-02 06:00:00+00:00
[2026-06-02T06:30:09.309+0000] {processor.py:208} INFO - Processing /opt/airflow/dags/hourly_batch_lakehouse.py took 1.523 seconds
[2026-06-02T06:30:39.977+0000] {processor.py:186} INFO - Started process (PID=2879) to work on /opt/airflow/dags/hourly_batch_lakehouse.py
[2026-06-02T06:30:39.978+0000] {processor.py:914} INFO - Processing file /opt/airflow/dags/hourly_batch_lakehouse.py for tasks to queue
[2026-06-02T06:30:39.983+0000] {logging_mixin.py:190} INFO - [2026-06-02T06:30:39.982+0000] {dagbag.py:588} INFO - Filling up the DagBag from /opt/airflow/dags/hourly_batch_lakehouse.py
[2026-06-02T06:30:41.454+0000] {processor.py:925} INFO - DAG(s) 'hourly_batch_lakehouse' retrieved from /opt/airflow/dags/hourly_batch_lakehouse.py
[2026-06-02T06:30:41.496+0000] {logging_mixin.py:190} INFO - [2026-06-02T06:30:41.495+0000] {dag.py:3239} INFO - Sync 1 DAGs
[2026-06-02T06:30:41.537+0000] {logging_mixin.py:190} INFO - [2026-06-02T06:30:41.537+0000] {dag.py:4180} INFO - Setting next_dagrun for hourly_batch_lakehouse to 2026-06-02 05:00:00+00:00, run_after=2026-06-02 06:00:00+00:00
[2026-06-02T06:30:41.575+0000] {processor.py:208} INFO - Processing /opt/airflow/dags/hourly_batch_lakehouse.py took 1.611 seconds
[2026-06-02T06:31:12.235+0000] {processor.py:186} INFO - Started process (PID=3014) to work on /opt/airflow/dags/hourly_batch_lakehouse.py
[2026-06-02T06:31:12.237+0000] {processor.py:914} INFO - Processing file /opt/airflow/dags/hourly_batch_lakehouse.py for tasks to queue
[2026-06-02T06:31:12.242+0000] {logging_mixin.py:190} INFO - [2026-06-02T06:31:12.241+0000] {dagbag.py:588} INFO - Filling up the DagBag from /opt/airflow/dags/hourly_batch_lakehouse.py
[2026-06-02T06:31:13.277+0000] {processor.py:925} INFO - DAG(s) 'hourly_batch_lakehouse' retrieved from /opt/airflow/dags/hourly_batch_lakehouse.py
[2026-06-02T06:31:13.311+0000] {logging_mixin.py:190} INFO - [2026-06-02T06:31:13.311+0000] {dag.py:3239} INFO - Sync 1 DAGs
[2026-06-02T06:31:13.343+0000] {logging_mixin.py:190} INFO - [2026-06-02T06:31:13.342+0000] {dag.py:4180} INFO - Setting next_dagrun for hourly_batch_lakehouse to 2026-06-02 05:00:00+00:00, run_after=2026-06-02 06:00:00+00:00
[2026-06-02T06:31:13.370+0000] {processor.py:208} INFO - Processing /opt/airflow/dags/hourly_batch_lakehouse.py took 1.146 seconds
[2026-06-02T06:31:43.992+0000] {processor.py:186} INFO - Started process (PID=3149) to work on /opt/airflow/dags/hourly_batch_lakehouse.py
[2026-06-02T06:31:43.994+0000] {processor.py:914} INFO - Processing file /opt/airflow/dags/hourly_batch_lakehouse.py for tasks to queue
[2026-06-02T06:31:43.998+0000] {logging_mixin.py:190} INFO - [2026-06-02T06:31:43.997+0000] {dagbag.py:588} INFO - Filling up the DagBag from /opt/airflow/dags/hourly_batch_lakehouse.py
[2026-06-02T06:31:44.849+0000] {processor.py:925} INFO - DAG(s) 'hourly_batch_lakehouse' retrieved from /opt/airflow/dags/hourly_batch_lakehouse.py
[2026-06-02T06:31:44.881+0000] {logging_mixin.py:190} INFO - [2026-06-02T06:31:44.880+0000] {dag.py:3239} INFO - Sync 1 DAGs
[2026-06-02T06:31:44.909+0000] {logging_mixin.py:190} INFO - [2026-06-02T06:31:44.909+0000] {dag.py:4180} INFO - Setting next_dagrun for hourly_batch_lakehouse to 2026-06-02 05:00:00+00:00, run_after=2026-06-02 06:00:00+00:00
[2026-06-02T06:31:44.936+0000] {processor.py:208} INFO - Processing /opt/airflow/dags/hourly_batch_lakehouse.py took 0.955 seconds
[2026-06-02T06:32:15.132+0000] {processor.py:186} INFO - Started process (PID=3284) to work on /opt/airflow/dags/hourly_batch_lakehouse.py
[2026-06-02T06:32:15.133+0000] {processor.py:914} INFO - Processing file /opt/airflow/dags/hourly_batch_lakehouse.py for tasks to queue
[2026-06-02T06:32:15.138+0000] {logging_mixin.py:190} INFO - [2026-06-02T06:32:15.137+0000] {dagbag.py:588} INFO - Filling up the DagBag from /opt/airflow/dags/hourly_batch_lakehouse.py
[2026-06-02T06:32:16.193+0000] {processor.py:925} INFO - DAG(s) 'hourly_batch_lakehouse' retrieved from /opt/airflow/dags/hourly_batch_lakehouse.py
[2026-06-02T06:32:16.235+0000] {logging_mixin.py:190} INFO - [2026-06-02T06:32:16.234+0000] {dag.py:3239} INFO - Sync 1 DAGs
[2026-06-02T06:32:16.269+0000] {logging_mixin.py:190} INFO - [2026-06-02T06:32:16.269+0000] {dag.py:4180} INFO - Setting next_dagrun for hourly_batch_lakehouse to 2026-06-02 05:00:00+00:00, run_after=2026-06-02 06:00:00+00:00
[2026-06-02T06:32:16.318+0000] {processor.py:208} INFO - Processing /opt/airflow/dags/hourly_batch_lakehouse.py took 1.197 seconds
[2026-06-02T06:32:46.829+0000] {processor.py:186} INFO - Started process (PID=3419) to work on /opt/airflow/dags/hourly_batch_lakehouse.py
[2026-06-02T06:32:46.832+0000] {processor.py:914} INFO - Processing file /opt/airflow/dags/hourly_batch_lakehouse.py for tasks to queue
[2026-06-02T06:32:46.836+0000] {logging_mixin.py:190} INFO - [2026-06-02T06:32:46.835+0000] {dagbag.py:588} INFO - Filling up the DagBag from /opt/airflow/dags/hourly_batch_lakehouse.py
[2026-06-02T06:32:47.983+0000] {processor.py:925} INFO - DAG(s) 'hourly_batch_lakehouse' retrieved from /opt/airflow/dags/hourly_batch_lakehouse.py
[2026-06-02T06:32:48.022+0000] {logging_mixin.py:190} INFO - [2026-06-02T06:32:48.021+0000] {dag.py:3239} INFO - Sync 1 DAGs
[2026-06-02T06:32:48.060+0000] {logging_mixin.py:190} INFO - [2026-06-02T06:32:48.060+0000] {dag.py:4180} INFO - Setting next_dagrun for hourly_batch_lakehouse to 2026-06-02 05:00:00+00:00, run_after=2026-06-02 06:00:00+00:00
[2026-06-02T06:32:48.092+0000] {processor.py:208} INFO - Processing /opt/airflow/dags/hourly_batch_lakehouse.py took 1.275 seconds
[2026-06-02T06:33:18.916+0000] {processor.py:186} INFO - Started process (PID=3554) to work on /opt/airflow/dags/hourly_batch_lakehouse.py
[2026-06-02T06:33:18.918+0000] {processor.py:914} INFO - Processing file /opt/airflow/dags/hourly_batch_lakehouse.py for tasks to queue
[2026-06-02T06:33:18.926+0000] {logging_mixin.py:190} INFO - [2026-06-02T06:33:18.925+0000] {dagbag.py:588} INFO - Filling up the DagBag from /opt/airflow/dags/hourly_batch_lakehouse.py
[2026-06-02T06:33:20.222+0000] {processor.py:925} INFO - DAG(s) 'hourly_batch_lakehouse' retrieved from /opt/airflow/dags/hourly_batch_lakehouse.py
[2026-06-02T06:33:20.258+0000] {logging_mixin.py:190} INFO - [2026-06-02T06:33:20.258+0000] {dag.py:3239} INFO - Sync 1 DAGs
[2026-06-02T06:33:20.288+0000] {logging_mixin.py:190} INFO - [2026-06-02T06:33:20.288+0000] {dag.py:4180} INFO - Setting next_dagrun for hourly_batch_lakehouse to 2026-06-02 05:00:00+00:00, run_after=2026-06-02 06:00:00+00:00
[2026-06-02T06:33:20.316+0000] {processor.py:208} INFO - Processing /opt/airflow/dags/hourly_batch_lakehouse.py took 1.417 seconds
[2026-06-02T06:33:50.977+0000] {processor.py:186} INFO - Started process (PID=3689) to work on /opt/airflow/dags/hourly_batch_lakehouse.py
[2026-06-02T06:33:50.979+0000] {processor.py:914} INFO - Processing file /opt/airflow/dags/hourly_batch_lakehouse.py for tasks to queue
[2026-06-02T06:33:50.983+0000] {logging_mixin.py:190} INFO - [2026-06-02T06:33:50.983+0000] {dagbag.py:588} INFO - Filling up the DagBag from /opt/airflow/dags/hourly_batch_lakehouse.py
[2026-06-02T06:33:51.923+0000] {processor.py:925} INFO - DAG(s) 'hourly_batch_lakehouse' retrieved from /opt/airflow/dags/hourly_batch_lakehouse.py
[2026-06-02T06:33:51.959+0000] {logging_mixin.py:190} INFO - [2026-06-02T06:33:51.959+0000] {dag.py:3239} INFO - Sync 1 DAGs
[2026-06-02T06:33:51.998+0000] {logging_mixin.py:190} INFO - [2026-06-02T06:33:51.997+0000] {dag.py:4180} INFO - Setting next_dagrun for hourly_batch_lakehouse to 2026-06-02 05:00:00+00:00, run_after=2026-06-02 06:00:00+00:00
[2026-06-02T06:33:52.033+0000] {processor.py:208} INFO - Processing /opt/airflow/dags/hourly_batch_lakehouse.py took 1.069 seconds
[2026-06-02T06:34:22.658+0000] {processor.py:186} INFO - Started process (PID=3824) to work on /opt/airflow/dags/hourly_batch_lakehouse.py
[2026-06-02T06:34:22.659+0000] {processor.py:914} INFO - Processing file /opt/airflow/dags/hourly_batch_lakehouse.py for tasks to queue
[2026-06-02T06:34:22.664+0000] {logging_mixin.py:190} INFO - [2026-06-02T06:34:22.663+0000] {dagbag.py:588} INFO - Filling up the DagBag from /opt/airflow/dags/hourly_batch_lakehouse.py
[2026-06-02T06:34:23.576+0000] {processor.py:925} INFO - DAG(s) 'hourly_batch_lakehouse' retrieved from /opt/airflow/dags/hourly_batch_lakehouse.py
[2026-06-02T06:34:23.609+0000] {logging_mixin.py:190} INFO - [2026-06-02T06:34:23.608+0000] {dag.py:3239} INFO - Sync 1 DAGs
[2026-06-02T06:34:23.638+0000] {logging_mixin.py:190} INFO - [2026-06-02T06:34:23.638+0000] {dag.py:4180} INFO - Setting next_dagrun for hourly_batch_lakehouse to 2026-06-02 05:00:00+00:00, run_after=2026-06-02 06:00:00+00:00
[2026-06-02T06:34:23.662+0000] {processor.py:208} INFO - Processing /opt/airflow/dags/hourly_batch_lakehouse.py took 1.014 seconds
[2026-06-02T06:34:54.241+0000] {processor.py:186} INFO - Started process (PID=3959) to work on /opt/airflow/dags/hourly_batch_lakehouse.py
[2026-06-02T06:34:54.244+0000] {processor.py:914} INFO - Processing file /opt/airflow/dags/hourly_batch_lakehouse.py for tasks to queue
[2026-06-02T06:34:54.250+0000] {logging_mixin.py:190} INFO - [2026-06-02T06:34:54.249+0000] {dagbag.py:588} INFO - Filling up the DagBag from /opt/airflow/dags/hourly_batch_lakehouse.py
[2026-06-02T06:34:55.194+0000] {processor.py:925} INFO - DAG(s) 'hourly_batch_lakehouse' retrieved from /opt/airflow/dags/hourly_batch_lakehouse.py
[2026-06-02T06:34:55.227+0000] {logging_mixin.py:190} INFO - [2026-06-02T06:34:55.227+0000] {dag.py:3239} INFO - Sync 1 DAGs
[2026-06-02T06:34:55.257+0000] {logging_mixin.py:190} INFO - [2026-06-02T06:34:55.257+0000] {dag.py:4180} INFO - Setting next_dagrun for hourly_batch_lakehouse to 2026-06-02 05:00:00+00:00, run_after=2026-06-02 06:00:00+00:00
[2026-06-02T06:34:55.286+0000] {processor.py:208} INFO - Processing /opt/airflow/dags/hourly_batch_lakehouse.py took 1.058 seconds
[2026-06-02T06:35:25.902+0000] {processor.py:186} INFO - Started process (PID=4094) to work on /opt/airflow/dags/hourly_batch_lakehouse.py
[2026-06-02T06:35:25.904+0000] {processor.py:914} INFO - Processing file /opt/airflow/dags/hourly_batch_lakehouse.py for tasks to queue
[2026-06-02T06:35:25.910+0000] {logging_mixin.py:190} INFO - [2026-06-02T06:35:25.909+0000] {dagbag.py:588} INFO - Filling up the DagBag from /opt/airflow/dags/hourly_batch_lakehouse.py
[2026-06-02T06:35:26.900+0000] {processor.py:925} INFO - DAG(s) 'hourly_batch_lakehouse' retrieved from /opt/airflow/dags/hourly_batch_lakehouse.py
[2026-06-02T06:35:26.949+0000] {logging_mixin.py:190} INFO - [2026-06-02T06:35:26.948+0000] {dag.py:3239} INFO - Sync 1 DAGs
[2026-06-02T06:35:27.000+0000] {logging_mixin.py:190} INFO - [2026-06-02T06:35:27.000+0000] {dag.py:4180} INFO - Setting next_dagrun for hourly_batch_lakehouse to 2026-06-02 05:00:00+00:00, run_after=2026-06-02 06:00:00+00:00
[2026-06-02T06:35:27.056+0000] {processor.py:208} INFO - Processing /opt/airflow/dags/hourly_batch_lakehouse.py took 1.169 seconds
[2026-06-02T06:35:57.647+0000] {processor.py:186} INFO - Started process (PID=4228) to work on /opt/airflow/dags/hourly_batch_lakehouse.py
[2026-06-02T06:35:57.650+0000] {processor.py:914} INFO - Processing file /opt/airflow/dags/hourly_batch_lakehouse.py for tasks to queue
[2026-06-02T06:35:57.661+0000] {logging_mixin.py:190} INFO - [2026-06-02T06:35:57.660+0000] {dagbag.py:588} INFO - Filling up the DagBag from /opt/airflow/dags/hourly_batch_lakehouse.py
[2026-06-02T06:35:58.689+0000] {processor.py:925} INFO - DAG(s) 'hourly_batch_lakehouse' retrieved from /opt/airflow/dags/hourly_batch_lakehouse.py
[2026-06-02T06:35:58.723+0000] {logging_mixin.py:190} INFO - [2026-06-02T06:35:58.722+0000] {dag.py:3239} INFO - Sync 1 DAGs
[2026-06-02T06:35:58.751+0000] {logging_mixin.py:190} INFO - [2026-06-02T06:35:58.751+0000] {dag.py:4180} INFO - Setting next_dagrun for hourly_batch_lakehouse to 2026-06-02 05:00:00+00:00, run_after=2026-06-02 06:00:00+00:00
[2026-06-02T06:35:58.779+0000] {processor.py:208} INFO - Processing /opt/airflow/dags/hourly_batch_lakehouse.py took 1.151 seconds
[2026-06-02T06:36:29.424+0000] {processor.py:186} INFO - Started process (PID=4355) to work on /opt/airflow/dags/hourly_batch_lakehouse.py
[2026-06-02T06:36:29.426+0000] {processor.py:914} INFO - Processing file /opt/airflow/dags/hourly_batch_lakehouse.py for tasks to queue
[2026-06-02T06:36:29.431+0000] {logging_mixin.py:190} INFO - [2026-06-02T06:36:29.431+0000] {dagbag.py:588} INFO - Filling up the DagBag from /opt/airflow/dags/hourly_batch_lakehouse.py
[2026-06-02T06:36:30.842+0000] {processor.py:925} INFO - DAG(s) 'hourly_batch_lakehouse' retrieved from /opt/airflow/dags/hourly_batch_lakehouse.py
[2026-06-02T06:36:30.891+0000] {logging_mixin.py:190} INFO - [2026-06-02T06:36:30.890+0000] {dag.py:3239} INFO - Sync 1 DAGs
[2026-06-02T06:36:30.931+0000] {logging_mixin.py:190} INFO - [2026-06-02T06:36:30.931+0000] {dag.py:4180} INFO - Setting next_dagrun for hourly_batch_lakehouse to 2026-06-02 05:00:00+00:00, run_after=2026-06-02 06:00:00+00:00
[2026-06-02T06:36:30.962+0000] {processor.py:208} INFO - Processing /opt/airflow/dags/hourly_batch_lakehouse.py took 1.555 seconds
[2026-06-02T06:37:01.143+0000] {processor.py:186} INFO - Started process (PID=4491) to work on /opt/airflow/dags/hourly_batch_lakehouse.py
[2026-06-02T06:37:01.144+0000] {processor.py:914} INFO - Processing file /opt/airflow/dags/hourly_batch_lakehouse.py for tasks to queue
[2026-06-02T06:37:01.149+0000] {logging_mixin.py:190} INFO - [2026-06-02T06:37:01.148+0000] {dagbag.py:588} INFO - Filling up the DagBag from /opt/airflow/dags/hourly_batch_lakehouse.py
[2026-06-02T06:37:02.386+0000] {processor.py:925} INFO - DAG(s) 'hourly_batch_lakehouse' retrieved from /opt/airflow/dags/hourly_batch_lakehouse.py
[2026-06-02T06:37:02.428+0000] {logging_mixin.py:190} INFO - [2026-06-02T06:37:02.427+0000] {dag.py:3239} INFO - Sync 1 DAGs
[2026-06-02T06:37:02.465+0000] {logging_mixin.py:190} INFO - [2026-06-02T06:37:02.464+0000] {dag.py:4180} INFO - Setting next_dagrun for hourly_batch_lakehouse to 2026-06-02 05:00:00+00:00, run_after=2026-06-02 06:00:00+00:00
[2026-06-02T06:37:02.498+0000] {processor.py:208} INFO - Processing /opt/airflow/dags/hourly_batch_lakehouse.py took 1.365 seconds
[2026-06-02T06:37:33.243+0000] {processor.py:186} INFO - Started process (PID=4626) to work on /opt/airflow/dags/hourly_batch_lakehouse.py
[2026-06-02T06:37:33.249+0000] {processor.py:914} INFO - Processing file /opt/airflow/dags/hourly_batch_lakehouse.py for tasks to queue
[2026-06-02T06:37:33.252+0000] {logging_mixin.py:190} INFO - [2026-06-02T06:37:33.252+0000] {dagbag.py:588} INFO - Filling up the DagBag from /opt/airflow/dags/hourly_batch_lakehouse.py
[2026-06-02T06:37:34.603+0000] {processor.py:925} INFO - DAG(s) 'hourly_batch_lakehouse' retrieved from /opt/airflow/dags/hourly_batch_lakehouse.py
[2026-06-02T06:37:34.680+0000] {logging_mixin.py:190} INFO - [2026-06-02T06:37:34.680+0000] {dag.py:3239} INFO - Sync 1 DAGs
[2026-06-02T06:37:34.725+0000] {logging_mixin.py:190} INFO - [2026-06-02T06:37:34.725+0000] {dag.py:4180} INFO - Setting next_dagrun for hourly_batch_lakehouse to 2026-06-02 05:00:00+00:00, run_after=2026-06-02 06:00:00+00:00
[2026-06-02T06:37:34.756+0000] {processor.py:208} INFO - Processing /opt/airflow/dags/hourly_batch_lakehouse.py took 1.526 seconds
[2026-06-02T06:38:05.784+0000] {processor.py:186} INFO - Started process (PID=4761) to work on /opt/airflow/dags/hourly_batch_lakehouse.py
[2026-06-02T06:38:05.786+0000] {processor.py:914} INFO - Processing file /opt/airflow/dags/hourly_batch_lakehouse.py for tasks to queue
[2026-06-02T06:38:05.790+0000] {logging_mixin.py:190} INFO - [2026-06-02T06:38:05.790+0000] {dagbag.py:588} INFO - Filling up the DagBag from /opt/airflow/dags/hourly_batch_lakehouse.py
[2026-06-02T06:38:06.686+0000] {processor.py:925} INFO - DAG(s) 'hourly_batch_lakehouse' retrieved from /opt/airflow/dags/hourly_batch_lakehouse.py
[2026-06-02T06:38:06.720+0000] {logging_mixin.py:190} INFO - [2026-06-02T06:38:06.719+0000] {dag.py:3239} INFO - Sync 1 DAGs
[2026-06-02T06:38:06.748+0000] {logging_mixin.py:190} INFO - [2026-06-02T06:38:06.748+0000] {dag.py:4180} INFO - Setting next_dagrun for hourly_batch_lakehouse to 2026-06-02 05:00:00+00:00, run_after=2026-06-02 06:00:00+00:00
[2026-06-02T06:38:06.777+0000] {processor.py:208} INFO - Processing /opt/airflow/dags/hourly_batch_lakehouse.py took 1.006 seconds
[2026-06-02T06:38:37.324+0000] {processor.py:186} INFO - Started process (PID=4896) to work on /opt/airflow/dags/hourly_batch_lakehouse.py
[2026-06-02T06:38:37.325+0000] {processor.py:914} INFO - Processing file /opt/airflow/dags/hourly_batch_lakehouse.py for tasks to queue
[2026-06-02T06:38:37.330+0000] {logging_mixin.py:190} INFO - [2026-06-02T06:38:37.329+0000] {dagbag.py:588} INFO - Filling up the DagBag from /opt/airflow/dags/hourly_batch_lakehouse.py
[2026-06-02T06:38:38.180+0000] {processor.py:925} INFO - DAG(s) 'hourly_batch_lakehouse' retrieved from /opt/airflow/dags/hourly_batch_lakehouse.py
[2026-06-02T06:38:38.211+0000] {logging_mixin.py:190} INFO - [2026-06-02T06:38:38.211+0000] {dag.py:3239} INFO - Sync 1 DAGs
[2026-06-02T06:38:38.239+0000] {logging_mixin.py:190} INFO - [2026-06-02T06:38:38.239+0000] {dag.py:4180} INFO - Setting next_dagrun for hourly_batch_lakehouse to 2026-06-02 05:00:00+00:00, run_after=2026-06-02 06:00:00+00:00
[2026-06-02T06:38:38.265+0000] {processor.py:208} INFO - Processing /opt/airflow/dags/hourly_batch_lakehouse.py took 0.951 seconds
[2026-06-02T06:39:08.949+0000] {processor.py:186} INFO - Started process (PID=5031) to work on /opt/airflow/dags/hourly_batch_lakehouse.py
[2026-06-02T06:39:08.952+0000] {processor.py:914} INFO - Processing file /opt/airflow/dags/hourly_batch_lakehouse.py for tasks to queue
[2026-06-02T06:39:08.957+0000] {logging_mixin.py:190} INFO - [2026-06-02T06:39:08.956+0000] {dagbag.py:588} INFO - Filling up the DagBag from /opt/airflow/dags/hourly_batch_lakehouse.py
[2026-06-02T06:39:09.883+0000] {processor.py:925} INFO - DAG(s) 'hourly_batch_lakehouse' retrieved from /opt/airflow/dags/hourly_batch_lakehouse.py
[2026-06-02T06:39:09.913+0000] {logging_mixin.py:190} INFO - [2026-06-02T06:39:09.913+0000] {dag.py:3239} INFO - Sync 1 DAGs
[2026-06-02T06:39:09.940+0000] {logging_mixin.py:190} INFO - [2026-06-02T06:39:09.940+0000] {dag.py:4180} INFO - Setting next_dagrun for hourly_batch_lakehouse to 2026-06-02 05:00:00+00:00, run_after=2026-06-02 06:00:00+00:00
[2026-06-02T06:39:09.965+0000] {processor.py:208} INFO - Processing /opt/airflow/dags/hourly_batch_lakehouse.py took 1.029 seconds
[2026-06-02T06:39:40.438+0000] {processor.py:186} INFO - Started process (PID=5167) to work on /opt/airflow/dags/hourly_batch_lakehouse.py
[2026-06-02T06:39:40.440+0000] {processor.py:914} INFO - Processing file /opt/airflow/dags/hourly_batch_lakehouse.py for tasks to queue
[2026-06-02T06:39:40.444+0000] {logging_mixin.py:190} INFO - [2026-06-02T06:39:40.443+0000] {dagbag.py:588} INFO - Filling up the DagBag from /opt/airflow/dags/hourly_batch_lakehouse.py
[2026-06-02T06:39:41.303+0000] {processor.py:925} INFO - DAG(s) 'hourly_batch_lakehouse' retrieved from /opt/airflow/dags/hourly_batch_lakehouse.py
[2026-06-02T06:39:41.339+0000] {logging_mixin.py:190} INFO - [2026-06-02T06:39:41.338+0000] {dag.py:3239} INFO - Sync 1 DAGs
[2026-06-02T06:39:41.372+0000] {logging_mixin.py:190} INFO - [2026-06-02T06:39:41.372+0000] {dag.py:4180} INFO - Setting next_dagrun for hourly_batch_lakehouse to 2026-06-02 05:00:00+00:00, run_after=2026-06-02 06:00:00+00:00
[2026-06-02T06:39:41.404+0000] {processor.py:208} INFO - Processing /opt/airflow/dags/hourly_batch_lakehouse.py took 0.978 seconds
[2026-06-02T06:40:12.110+0000] {processor.py:186} INFO - Started process (PID=5302) to work on /opt/airflow/dags/hourly_batch_lakehouse.py
[2026-06-02T06:40:12.111+0000] {processor.py:914} INFO - Processing file /opt/airflow/dags/hourly_batch_lakehouse.py for tasks to queue
[2026-06-02T06:40:12.115+0000] {logging_mixin.py:190} INFO - [2026-06-02T06:40:12.114+0000] {dagbag.py:588} INFO - Filling up the DagBag from /opt/airflow/dags/hourly_batch_lakehouse.py
[2026-06-02T06:40:13.045+0000] {processor.py:925} INFO - DAG(s) 'hourly_batch_lakehouse' retrieved from /opt/airflow/dags/hourly_batch_lakehouse.py
[2026-06-02T06:40:13.099+0000] {logging_mixin.py:190} INFO - [2026-06-02T06:40:13.098+0000] {dag.py:3239} INFO - Sync 1 DAGs
[2026-06-02T06:40:13.143+0000] {logging_mixin.py:190} INFO - [2026-06-02T06:40:13.143+0000] {dag.py:4180} INFO - Setting next_dagrun for hourly_batch_lakehouse to 2026-06-02 05:00:00+00:00, run_after=2026-06-02 06:00:00+00:00
[2026-06-02T06:40:13.179+0000] {processor.py:208} INFO - Processing /opt/airflow/dags/hourly_batch_lakehouse.py took 1.079 seconds
[2026-06-02T06:40:43.941+0000] {processor.py:186} INFO - Started process (PID=5437) to work on /opt/airflow/dags/hourly_batch_lakehouse.py
[2026-06-02T06:40:43.944+0000] {processor.py:914} INFO - Processing file /opt/airflow/dags/hourly_batch_lakehouse.py for tasks to queue
[2026-06-02T06:40:43.950+0000] {logging_mixin.py:190} INFO - [2026-06-02T06:40:43.949+0000] {dagbag.py:588} INFO - Filling up the DagBag from /opt/airflow/dags/hourly_batch_lakehouse.py
[2026-06-02T06:40:45.443+0000] {processor.py:925} INFO - DAG(s) 'hourly_batch_lakehouse' retrieved from /opt/airflow/dags/hourly_batch_lakehouse.py
[2026-06-02T06:40:45.503+0000] {logging_mixin.py:190} INFO - [2026-06-02T06:40:45.503+0000] {dag.py:3239} INFO - Sync 1 DAGs
[2026-06-02T06:40:45.535+0000] {logging_mixin.py:190} INFO - [2026-06-02T06:40:45.535+0000] {dag.py:4180} INFO - Setting next_dagrun for hourly_batch_lakehouse to 2026-06-02 05:00:00+00:00, run_after=2026-06-02 06:00:00+00:00
[2026-06-02T06:40:45.577+0000] {processor.py:208} INFO - Processing /opt/airflow/dags/hourly_batch_lakehouse.py took 1.650 seconds
[2026-06-02T06:41:16.457+0000] {processor.py:186} INFO - Started process (PID=5571) to work on /opt/airflow/dags/hourly_batch_lakehouse.py
[2026-06-02T06:41:16.461+0000] {processor.py:914} INFO - Processing file /opt/airflow/dags/hourly_batch_lakehouse.py for tasks to queue
[2026-06-02T06:41:16.467+0000] {logging_mixin.py:190} INFO - [2026-06-02T06:41:16.466+0000] {dagbag.py:588} INFO - Filling up the DagBag from /opt/airflow/dags/hourly_batch_lakehouse.py
[2026-06-02T06:41:17.804+0000] {processor.py:925} INFO - DAG(s) 'hourly_batch_lakehouse' retrieved from /opt/airflow/dags/hourly_batch_lakehouse.py
[2026-06-02T06:41:17.866+0000] {logging_mixin.py:190} INFO - [2026-06-02T06:41:17.865+0000] {dag.py:3239} INFO - Sync 1 DAGs
[2026-06-02T06:41:17.897+0000] {logging_mixin.py:190} INFO - [2026-06-02T06:41:17.897+0000] {dag.py:4180} INFO - Setting next_dagrun for hourly_batch_lakehouse to 2026-06-02 05:00:00+00:00, run_after=2026-06-02 06:00:00+00:00
[2026-06-02T06:41:17.931+0000] {processor.py:208} INFO - Processing /opt/airflow/dags/hourly_batch_lakehouse.py took 1.490 seconds
[2026-06-02T06:41:48.162+0000] {processor.py:186} INFO - Started process (PID=5698) to work on /opt/airflow/dags/hourly_batch_lakehouse.py
[2026-06-02T06:41:48.164+0000] {processor.py:914} INFO - Processing file /opt/airflow/dags/hourly_batch_lakehouse.py for tasks to queue
[2026-06-02T06:41:48.169+0000] {logging_mixin.py:190} INFO - [2026-06-02T06:41:48.168+0000] {dagbag.py:588} INFO - Filling up the DagBag from /opt/airflow/dags/hourly_batch_lakehouse.py
[2026-06-02T06:41:49.481+0000] {processor.py:925} INFO - DAG(s) 'hourly_batch_lakehouse' retrieved from /opt/airflow/dags/hourly_batch_lakehouse.py
[2026-06-02T06:41:49.575+0000] {logging_mixin.py:190} INFO - [2026-06-02T06:41:49.574+0000] {dag.py:3239} INFO - Sync 1 DAGs
[2026-06-02T06:41:49.623+0000] {logging_mixin.py:190} INFO - [2026-06-02T06:41:49.622+0000] {dag.py:4180} INFO - Setting next_dagrun for hourly_batch_lakehouse to 2026-06-02 05:00:00+00:00, run_after=2026-06-02 06:00:00+00:00
[2026-06-02T06:41:49.656+0000] {processor.py:208} INFO - Processing /opt/airflow/dags/hourly_batch_lakehouse.py took 1.504 seconds
[2026-06-02T06:42:20.623+0000] {processor.py:186} INFO - Started process (PID=5833) to work on /opt/airflow/dags/hourly_batch_lakehouse.py
[2026-06-02T06:42:20.625+0000] {processor.py:914} INFO - Processing file /opt/airflow/dags/hourly_batch_lakehouse.py for tasks to queue
[2026-06-02T06:42:20.629+0000] {logging_mixin.py:190} INFO - [2026-06-02T06:42:20.629+0000] {dagbag.py:588} INFO - Filling up the DagBag from /opt/airflow/dags/hourly_batch_lakehouse.py
[2026-06-02T06:42:21.549+0000] {processor.py:925} INFO - DAG(s) 'hourly_batch_lakehouse' retrieved from /opt/airflow/dags/hourly_batch_lakehouse.py
[2026-06-02T06:42:21.579+0000] {logging_mixin.py:190} INFO - [2026-06-02T06:42:21.578+0000] {dag.py:3239} INFO - Sync 1 DAGs
[2026-06-02T06:42:21.607+0000] {logging_mixin.py:190} INFO - [2026-06-02T06:42:21.607+0000] {dag.py:4180} INFO - Setting next_dagrun for hourly_batch_lakehouse to 2026-06-02 05:00:00+00:00, run_after=2026-06-02 06:00:00+00:00
[2026-06-02T06:42:21.632+0000] {processor.py:208} INFO - Processing /opt/airflow/dags/hourly_batch_lakehouse.py took 1.024 seconds
[2026-06-02T06:42:52.086+0000] {processor.py:186} INFO - Started process (PID=5968) to work on /opt/airflow/dags/hourly_batch_lakehouse.py
[2026-06-02T06:42:52.087+0000] {processor.py:914} INFO - Processing file /opt/airflow/dags/hourly_batch_lakehouse.py for tasks to queue
[2026-06-02T06:42:52.091+0000] {logging_mixin.py:190} INFO - [2026-06-02T06:42:52.091+0000] {dagbag.py:588} INFO - Filling up the DagBag from /opt/airflow/dags/hourly_batch_lakehouse.py
[2026-06-02T06:42:52.915+0000] {processor.py:925} INFO - DAG(s) 'hourly_batch_lakehouse' retrieved from /opt/airflow/dags/hourly_batch_lakehouse.py
[2026-06-02T06:42:52.948+0000] {logging_mixin.py:190} INFO - [2026-06-02T06:42:52.947+0000] {dag.py:3239} INFO - Sync 1 DAGs
[2026-06-02T06:42:52.979+0000] {logging_mixin.py:190} INFO - [2026-06-02T06:42:52.979+0000] {dag.py:4180} INFO - Setting next_dagrun for hourly_batch_lakehouse to 2026-06-02 05:00:00+00:00, run_after=2026-06-02 06:00:00+00:00
[2026-06-02T06:42:53.005+0000] {processor.py:208} INFO - Processing /opt/airflow/dags/hourly_batch_lakehouse.py took 0.930 seconds
[2026-06-02T06:43:23.249+0000] {processor.py:186} INFO - Started process (PID=6103) to work on /opt/airflow/dags/hourly_batch_lakehouse.py
[2026-06-02T06:43:23.251+0000] {processor.py:914} INFO - Processing file /opt/airflow/dags/hourly_batch_lakehouse.py for tasks to queue
[2026-06-02T06:43:23.255+0000] {logging_mixin.py:190} INFO - [2026-06-02T06:43:23.254+0000] {dagbag.py:588} INFO - Filling up the DagBag from /opt/airflow/dags/hourly_batch_lakehouse.py
[2026-06-02T06:43:24.186+0000] {processor.py:925} INFO - DAG(s) 'hourly_batch_lakehouse' retrieved from /opt/airflow/dags/hourly_batch_lakehouse.py
[2026-06-02T06:43:24.222+0000] {logging_mixin.py:190} INFO - [2026-06-02T06:43:24.222+0000] {dag.py:3239} INFO - Sync 1 DAGs
[2026-06-02T06:43:24.252+0000] {logging_mixin.py:190} INFO - [2026-06-02T06:43:24.252+0000] {dag.py:4180} INFO - Setting next_dagrun for hourly_batch_lakehouse to 2026-06-02 05:00:00+00:00, run_after=2026-06-02 06:00:00+00:00
[2026-06-02T06:43:24.283+0000] {processor.py:208} INFO - Processing /opt/airflow/dags/hourly_batch_lakehouse.py took 1.046 seconds
[2026-06-02T06:43:54.926+0000] {processor.py:186} INFO - Started process (PID=6239) to work on /opt/airflow/dags/hourly_batch_lakehouse.py
[2026-06-02T06:43:54.928+0000] {processor.py:914} INFO - Processing file /opt/airflow/dags/hourly_batch_lakehouse.py for tasks to queue
[2026-06-02T06:43:54.933+0000] {logging_mixin.py:190} INFO - [2026-06-02T06:43:54.932+0000] {dagbag.py:588} INFO - Filling up the DagBag from /opt/airflow/dags/hourly_batch_lakehouse.py
[2026-06-02T06:43:55.914+0000] {processor.py:925} INFO - DAG(s) 'hourly_batch_lakehouse' retrieved from /opt/airflow/dags/hourly_batch_lakehouse.py
[2026-06-02T06:43:55.956+0000] {logging_mixin.py:190} INFO - [2026-06-02T06:43:55.956+0000] {dag.py:3239} INFO - Sync 1 DAGs
[2026-06-02T06:43:55.989+0000] {logging_mixin.py:190} INFO - [2026-06-02T06:43:55.989+0000] {dag.py:4180} INFO - Setting next_dagrun for hourly_batch_lakehouse to 2026-06-02 05:00:00+00:00, run_after=2026-06-02 06:00:00+00:00
[2026-06-02T06:43:56.018+0000] {processor.py:208} INFO - Processing /opt/airflow/dags/hourly_batch_lakehouse.py took 1.102 seconds
[2026-06-02T06:44:26.631+0000] {processor.py:186} INFO - Started process (PID=6374) to work on /opt/airflow/dags/hourly_batch_lakehouse.py
[2026-06-02T06:44:26.632+0000] {processor.py:914} INFO - Processing file /opt/airflow/dags/hourly_batch_lakehouse.py for tasks to queue
[2026-06-02T06:44:26.636+0000] {logging_mixin.py:190} INFO - [2026-06-02T06:44:26.635+0000] {dagbag.py:588} INFO - Filling up the DagBag from /opt/airflow/dags/hourly_batch_lakehouse.py
[2026-06-02T06:44:27.564+0000] {processor.py:925} INFO - DAG(s) 'hourly_batch_lakehouse' retrieved from /opt/airflow/dags/hourly_batch_lakehouse.py
[2026-06-02T06:44:27.603+0000] {logging_mixin.py:190} INFO - [2026-06-02T06:44:27.603+0000] {dag.py:3239} INFO - Sync 1 DAGs
[2026-06-02T06:44:27.639+0000] {logging_mixin.py:190} INFO - [2026-06-02T06:44:27.638+0000] {dag.py:4180} INFO - Setting next_dagrun for hourly_batch_lakehouse to 2026-06-02 05:00:00+00:00, run_after=2026-06-02 06:00:00+00:00
[2026-06-02T06:44:27.671+0000] {processor.py:208} INFO - Processing /opt/airflow/dags/hourly_batch_lakehouse.py took 1.050 seconds
[2026-06-02T06:44:58.489+0000] {processor.py:186} INFO - Started process (PID=6509) to work on /opt/airflow/dags/hourly_batch_lakehouse.py
[2026-06-02T06:44:58.490+0000] {processor.py:914} INFO - Processing file /opt/airflow/dags/hourly_batch_lakehouse.py for tasks to queue
[2026-06-02T06:44:58.495+0000] {logging_mixin.py:190} INFO - [2026-06-02T06:44:58.495+0000] {dagbag.py:588} INFO - Filling up the DagBag from /opt/airflow/dags/hourly_batch_lakehouse.py
[2026-06-02T06:44:59.378+0000] {processor.py:925} INFO - DAG(s) 'hourly_batch_lakehouse' retrieved from /opt/airflow/dags/hourly_batch_lakehouse.py
[2026-06-02T06:44:59.418+0000] {logging_mixin.py:190} INFO - [2026-06-02T06:44:59.417+0000] {dag.py:3239} INFO - Sync 1 DAGs
[2026-06-02T06:44:59.449+0000] {logging_mixin.py:190} INFO - [2026-06-02T06:44:59.449+0000] {dag.py:4180} INFO - Setting next_dagrun for hourly_batch_lakehouse to 2026-06-02 05:00:00+00:00, run_after=2026-06-02 06:00:00+00:00
[2026-06-02T06:44:59.484+0000] {processor.py:208} INFO - Processing /opt/airflow/dags/hourly_batch_lakehouse.py took 1.005 seconds
[2026-06-02T06:45:30.241+0000] {processor.py:186} INFO - Started process (PID=6644) to work on /opt/airflow/dags/hourly_batch_lakehouse.py
[2026-06-02T06:45:30.242+0000] {processor.py:914} INFO - Processing file /opt/airflow/dags/hourly_batch_lakehouse.py for tasks to queue
[2026-06-02T06:45:30.246+0000] {logging_mixin.py:190} INFO - [2026-06-02T06:45:30.246+0000] {dagbag.py:588} INFO - Filling up the DagBag from /opt/airflow/dags/hourly_batch_lakehouse.py
[2026-06-02T06:45:31.397+0000] {processor.py:925} INFO - DAG(s) 'hourly_batch_lakehouse' retrieved from /opt/airflow/dags/hourly_batch_lakehouse.py
[2026-06-02T06:45:31.443+0000] {logging_mixin.py:190} INFO - [2026-06-02T06:45:31.442+0000] {dag.py:3239} INFO - Sync 1 DAGs
[2026-06-02T06:45:31.485+0000] {logging_mixin.py:190} INFO - [2026-06-02T06:45:31.485+0000] {dag.py:4180} INFO - Setting next_dagrun for hourly_batch_lakehouse to 2026-06-02 05:00:00+00:00, run_after=2026-06-02 06:00:00+00:00
[2026-06-02T06:45:31.515+0000] {processor.py:208} INFO - Processing /opt/airflow/dags/hourly_batch_lakehouse.py took 1.286 seconds
[2026-06-02T06:46:02.434+0000] {processor.py:186} INFO - Started process (PID=6778) to work on /opt/airflow/dags/hourly_batch_lakehouse.py
[2026-06-02T06:46:02.436+0000] {processor.py:914} INFO - Processing file /opt/airflow/dags/hourly_batch_lakehouse.py for tasks to queue
[2026-06-02T06:46:02.440+0000] {logging_mixin.py:190} INFO - [2026-06-02T06:46:02.439+0000] {dagbag.py:588} INFO - Filling up the DagBag from /opt/airflow/dags/hourly_batch_lakehouse.py
[2026-06-02T06:46:03.332+0000] {processor.py:925} INFO - DAG(s) 'hourly_batch_lakehouse' retrieved from /opt/airflow/dags/hourly_batch_lakehouse.py
[2026-06-02T06:46:03.366+0000] {logging_mixin.py:190} INFO - [2026-06-02T06:46:03.365+0000] {dag.py:3239} INFO - Sync 1 DAGs
[2026-06-02T06:46:03.398+0000] {logging_mixin.py:190} INFO - [2026-06-02T06:46:03.398+0000] {dag.py:4180} INFO - Setting next_dagrun for hourly_batch_lakehouse to 2026-06-02 05:00:00+00:00, run_after=2026-06-02 06:00:00+00:00
[2026-06-02T06:46:03.426+0000] {processor.py:208} INFO - Processing /opt/airflow/dags/hourly_batch_lakehouse.py took 1.005 seconds
[2026-06-02T06:46:34.058+0000] {processor.py:186} INFO - Started process (PID=6913) to work on /opt/airflow/dags/hourly_batch_lakehouse.py
[2026-06-02T06:46:34.060+0000] {processor.py:914} INFO - Processing file /opt/airflow/dags/hourly_batch_lakehouse.py for tasks to queue
[2026-06-02T06:46:34.065+0000] {logging_mixin.py:190} INFO - [2026-06-02T06:46:34.064+0000] {dagbag.py:588} INFO - Filling up the DagBag from /opt/airflow/dags/hourly_batch_lakehouse.py
[2026-06-02T06:46:35.110+0000] {processor.py:925} INFO - DAG(s) 'hourly_batch_lakehouse' retrieved from /opt/airflow/dags/hourly_batch_lakehouse.py
[2026-06-02T06:46:35.146+0000] {logging_mixin.py:190} INFO - [2026-06-02T06:46:35.146+0000] {dag.py:3239} INFO - Sync 1 DAGs
[2026-06-02T06:46:35.183+0000] {logging_mixin.py:190} INFO - [2026-06-02T06:46:35.183+0000] {dag.py:4180} INFO - Setting next_dagrun for hourly_batch_lakehouse to 2026-06-02 05:00:00+00:00, run_after=2026-06-02 06:00:00+00:00
[2026-06-02T06:46:35.221+0000] {processor.py:208} INFO - Processing /opt/airflow/dags/hourly_batch_lakehouse.py took 1.174 seconds
[2026-06-02T06:47:05.819+0000] {processor.py:186} INFO - Started process (PID=7040) to work on /opt/airflow/dags/hourly_batch_lakehouse.py
[2026-06-02T06:47:05.821+0000] {processor.py:914} INFO - Processing file /opt/airflow/dags/hourly_batch_lakehouse.py for tasks to queue
[2026-06-02T06:47:05.826+0000] {logging_mixin.py:190} INFO - [2026-06-02T06:47:05.824+0000] {dagbag.py:588} INFO - Filling up the DagBag from /opt/airflow/dags/hourly_batch_lakehouse.py
[2026-06-02T06:47:06.724+0000] {processor.py:925} INFO - DAG(s) 'hourly_batch_lakehouse' retrieved from /opt/airflow/dags/hourly_batch_lakehouse.py
[2026-06-02T06:47:06.766+0000] {logging_mixin.py:190} INFO - [2026-06-02T06:47:06.766+0000] {dag.py:3239} INFO - Sync 1 DAGs
[2026-06-02T06:47:06.793+0000] {logging_mixin.py:190} INFO - [2026-06-02T06:47:06.793+0000] {dag.py:4180} INFO - Setting next_dagrun for hourly_batch_lakehouse to 2026-06-02 05:00:00+00:00, run_after=2026-06-02 06:00:00+00:00
[2026-06-02T06:47:06.817+0000] {processor.py:208} INFO - Processing /opt/airflow/dags/hourly_batch_lakehouse.py took 1.009 seconds
[2026-06-02T06:47:37.454+0000] {processor.py:186} INFO - Started process (PID=7175) to work on /opt/airflow/dags/hourly_batch_lakehouse.py
[2026-06-02T06:47:37.456+0000] {processor.py:914} INFO - Processing file /opt/airflow/dags/hourly_batch_lakehouse.py for tasks to queue
[2026-06-02T06:47:37.462+0000] {logging_mixin.py:190} INFO - [2026-06-02T06:47:37.461+0000] {dagbag.py:588} INFO - Filling up the DagBag from /opt/airflow/dags/hourly_batch_lakehouse.py
[2026-06-02T06:47:38.326+0000] {processor.py:925} INFO - DAG(s) 'hourly_batch_lakehouse' retrieved from /opt/airflow/dags/hourly_batch_lakehouse.py
[2026-06-02T06:47:38.359+0000] {logging_mixin.py:190} INFO - [2026-06-02T06:47:38.358+0000] {dag.py:3239} INFO - Sync 1 DAGs
[2026-06-02T06:47:38.387+0000] {logging_mixin.py:190} INFO - [2026-06-02T06:47:38.387+0000] {dag.py:4180} INFO - Setting next_dagrun for hourly_batch_lakehouse to 2026-06-02 05:00:00+00:00, run_after=2026-06-02 06:00:00+00:00
[2026-06-02T06:47:38.411+0000] {processor.py:208} INFO - Processing /opt/airflow/dags/hourly_batch_lakehouse.py took 0.968 seconds
[2026-06-02T06:48:08.627+0000] {processor.py:186} INFO - Started process (PID=7310) to work on /opt/airflow/dags/hourly_batch_lakehouse.py
[2026-06-02T06:48:08.629+0000] {processor.py:914} INFO - Processing file /opt/airflow/dags/hourly_batch_lakehouse.py for tasks to queue
[2026-06-02T06:48:08.632+0000] {logging_mixin.py:190} INFO - [2026-06-02T06:48:08.632+0000] {dagbag.py:588} INFO - Filling up the DagBag from /opt/airflow/dags/hourly_batch_lakehouse.py
[2026-06-02T06:48:09.409+0000] {processor.py:925} INFO - DAG(s) 'hourly_batch_lakehouse' retrieved from /opt/airflow/dags/hourly_batch_lakehouse.py
[2026-06-02T06:48:09.439+0000] {logging_mixin.py:190} INFO - [2026-06-02T06:48:09.439+0000] {dag.py:3239} INFO - Sync 1 DAGs
[2026-06-02T06:48:09.467+0000] {logging_mixin.py:190} INFO - [2026-06-02T06:48:09.466+0000] {dag.py:4180} INFO - Setting next_dagrun for hourly_batch_lakehouse to 2026-06-02 05:00:00+00:00, run_after=2026-06-02 06:00:00+00:00
[2026-06-02T06:48:09.496+0000] {processor.py:208} INFO - Processing /opt/airflow/dags/hourly_batch_lakehouse.py took 0.879 seconds
[2026-06-02T06:48:39.648+0000] {processor.py:186} INFO - Started process (PID=7445) to work on /opt/airflow/dags/hourly_batch_lakehouse.py
[2026-06-02T06:48:39.650+0000] {processor.py:914} INFO - Processing file /opt/airflow/dags/hourly_batch_lakehouse.py for tasks to queue
[2026-06-02T06:48:39.655+0000] {logging_mixin.py:190} INFO - [2026-06-02T06:48:39.654+0000] {dagbag.py:588} INFO - Filling up the DagBag from /opt/airflow/dags/hourly_batch_lakehouse.py
[2026-06-02T06:48:40.510+0000] {processor.py:925} INFO - DAG(s) 'hourly_batch_lakehouse' retrieved from /opt/airflow/dags/hourly_batch_lakehouse.py
[2026-06-02T06:48:40.548+0000] {logging_mixin.py:190} INFO - [2026-06-02T06:48:40.548+0000] {dag.py:3239} INFO - Sync 1 DAGs
[2026-06-02T06:48:40.577+0000] {logging_mixin.py:190} INFO - [2026-06-02T06:48:40.576+0000] {dag.py:4180} INFO - Setting next_dagrun for hourly_batch_lakehouse to 2026-06-02 05:00:00+00:00, run_after=2026-06-02 06:00:00+00:00
[2026-06-02T06:48:40.604+0000] {processor.py:208} INFO - Processing /opt/airflow/dags/hourly_batch_lakehouse.py took 0.965 seconds
[2026-06-02T06:49:11.230+0000] {processor.py:186} INFO - Started process (PID=7580) to work on /opt/airflow/dags/hourly_batch_lakehouse.py
[2026-06-02T06:49:11.231+0000] {processor.py:914} INFO - Processing file /opt/airflow/dags/hourly_batch_lakehouse.py for tasks to queue
[2026-06-02T06:49:11.235+0000] {logging_mixin.py:190} INFO - [2026-06-02T06:49:11.234+0000] {dagbag.py:588} INFO - Filling up the DagBag from /opt/airflow/dags/hourly_batch_lakehouse.py
[2026-06-02T06:49:12.035+0000] {processor.py:925} INFO - DAG(s) 'hourly_batch_lakehouse' retrieved from /opt/airflow/dags/hourly_batch_lakehouse.py
[2026-06-02T06:49:12.065+0000] {logging_mixin.py:190} INFO - [2026-06-02T06:49:12.064+0000] {dag.py:3239} INFO - Sync 1 DAGs
[2026-06-02T06:49:12.094+0000] {logging_mixin.py:190} INFO - [2026-06-02T06:49:12.093+0000] {dag.py:4180} INFO - Setting next_dagrun for hourly_batch_lakehouse to 2026-06-02 05:00:00+00:00, run_after=2026-06-02 06:00:00+00:00
[2026-06-02T06:49:12.125+0000] {processor.py:208} INFO - Processing /opt/airflow/dags/hourly_batch_lakehouse.py took 0.905 seconds
[2026-06-02T06:49:42.777+0000] {processor.py:186} INFO - Started process (PID=7715) to work on /opt/airflow/dags/hourly_batch_lakehouse.py
[2026-06-02T06:49:42.780+0000] {processor.py:914} INFO - Processing file /opt/airflow/dags/hourly_batch_lakehouse.py for tasks to queue
[2026-06-02T06:49:42.785+0000] {logging_mixin.py:190} INFO - [2026-06-02T06:49:42.785+0000] {dagbag.py:588} INFO - Filling up the DagBag from /opt/airflow/dags/hourly_batch_lakehouse.py
[2026-06-02T06:49:43.574+0000] {processor.py:925} INFO - DAG(s) 'hourly_batch_lakehouse' retrieved from /opt/airflow/dags/hourly_batch_lakehouse.py
[2026-06-02T06:49:43.605+0000] {logging_mixin.py:190} INFO - [2026-06-02T06:49:43.605+0000] {dag.py:3239} INFO - Sync 1 DAGs
[2026-06-02T06:49:43.630+0000] {logging_mixin.py:190} INFO - [2026-06-02T06:49:43.630+0000] {dag.py:4180} INFO - Setting next_dagrun for hourly_batch_lakehouse to 2026-06-02 05:00:00+00:00, run_after=2026-06-02 06:00:00+00:00
[2026-06-02T06:49:43.660+0000] {processor.py:208} INFO - Processing /opt/airflow/dags/hourly_batch_lakehouse.py took 0.892 seconds
[2026-06-02T06:50:14.237+0000] {processor.py:186} INFO - Started process (PID=7850) to work on /opt/airflow/dags/hourly_batch_lakehouse.py
[2026-06-02T06:50:14.238+0000] {processor.py:914} INFO - Processing file /opt/airflow/dags/hourly_batch_lakehouse.py for tasks to queue
[2026-06-02T06:50:14.242+0000] {logging_mixin.py:190} INFO - [2026-06-02T06:50:14.241+0000] {dagbag.py:588} INFO - Filling up the DagBag from /opt/airflow/dags/hourly_batch_lakehouse.py
[2026-06-02T06:50:15.082+0000] {processor.py:925} INFO - DAG(s) 'hourly_batch_lakehouse' retrieved from /opt/airflow/dags/hourly_batch_lakehouse.py
[2026-06-02T06:50:15.116+0000] {logging_mixin.py:190} INFO - [2026-06-02T06:50:15.116+0000] {dag.py:3239} INFO - Sync 1 DAGs
[2026-06-02T06:50:15.147+0000] {logging_mixin.py:190} INFO - [2026-06-02T06:50:15.146+0000] {dag.py:4180} INFO - Setting next_dagrun for hourly_batch_lakehouse to 2026-06-02 05:00:00+00:00, run_after=2026-06-02 06:00:00+00:00
[2026-06-02T06:50:15.173+0000] {processor.py:208} INFO - Processing /opt/airflow/dags/hourly_batch_lakehouse.py took 0.945 seconds
[2026-06-02T06:50:45.678+0000] {processor.py:186} INFO - Started process (PID=7985) to work on /opt/airflow/dags/hourly_batch_lakehouse.py
[2026-06-02T06:50:45.680+0000] {processor.py:914} INFO - Processing file /opt/airflow/dags/hourly_batch_lakehouse.py for tasks to queue
[2026-06-02T06:50:45.684+0000] {logging_mixin.py:190} INFO - [2026-06-02T06:50:45.683+0000] {dagbag.py:588} INFO - Filling up the DagBag from /opt/airflow/dags/hourly_batch_lakehouse.py
[2026-06-02T06:50:46.527+0000] {processor.py:925} INFO - DAG(s) 'hourly_batch_lakehouse' retrieved from /opt/airflow/dags/hourly_batch_lakehouse.py
[2026-06-02T06:50:46.579+0000] {logging_mixin.py:190} INFO - [2026-06-02T06:50:46.578+0000] {dag.py:3239} INFO - Sync 1 DAGs
[2026-06-02T06:50:46.615+0000] {logging_mixin.py:190} INFO - [2026-06-02T06:50:46.614+0000] {dag.py:4180} INFO - Setting next_dagrun for hourly_batch_lakehouse to 2026-06-02 05:00:00+00:00, run_after=2026-06-02 06:00:00+00:00
[2026-06-02T06:50:46.644+0000] {processor.py:208} INFO - Processing /opt/airflow/dags/hourly_batch_lakehouse.py took 0.975 seconds
[2026-06-02T06:51:17.064+0000] {processor.py:186} INFO - Started process (PID=8120) to work on /opt/airflow/dags/hourly_batch_lakehouse.py
[2026-06-02T06:51:17.065+0000] {processor.py:914} INFO - Processing file /opt/airflow/dags/hourly_batch_lakehouse.py for tasks to queue
[2026-06-02T06:51:17.070+0000] {logging_mixin.py:190} INFO - [2026-06-02T06:51:17.069+0000] {dagbag.py:588} INFO - Filling up the DagBag from /opt/airflow/dags/hourly_batch_lakehouse.py
[2026-06-02T06:51:17.925+0000] {processor.py:925} INFO - DAG(s) 'hourly_batch_lakehouse' retrieved from /opt/airflow/dags/hourly_batch_lakehouse.py
[2026-06-02T06:51:17.958+0000] {logging_mixin.py:190} INFO - [2026-06-02T06:51:17.957+0000] {dag.py:3239} INFO - Sync 1 DAGs
[2026-06-02T06:51:17.988+0000] {logging_mixin.py:190} INFO - [2026-06-02T06:51:17.987+0000] {dag.py:4180} INFO - Setting next_dagrun for hourly_batch_lakehouse to 2026-06-02 05:00:00+00:00, run_after=2026-06-02 06:00:00+00:00
[2026-06-02T06:51:18.011+0000] {processor.py:208} INFO - Processing /opt/airflow/dags/hourly_batch_lakehouse.py took 0.963 seconds
[2026-06-02T06:51:48.625+0000] {processor.py:186} INFO - Started process (PID=8255) to work on /opt/airflow/dags/hourly_batch_lakehouse.py
[2026-06-02T06:51:48.627+0000] {processor.py:914} INFO - Processing file /opt/airflow/dags/hourly_batch_lakehouse.py for tasks to queue
[2026-06-02T06:51:48.630+0000] {logging_mixin.py:190} INFO - [2026-06-02T06:51:48.629+0000] {dagbag.py:588} INFO - Filling up the DagBag from /opt/airflow/dags/hourly_batch_lakehouse.py
[2026-06-02T06:51:49.382+0000] {processor.py:925} INFO - DAG(s) 'hourly_batch_lakehouse' retrieved from /opt/airflow/dags/hourly_batch_lakehouse.py
[2026-06-02T06:51:49.421+0000] {logging_mixin.py:190} INFO - [2026-06-02T06:51:49.420+0000] {dag.py:3239} INFO - Sync 1 DAGs
[2026-06-02T06:51:49.452+0000] {logging_mixin.py:190} INFO - [2026-06-02T06:51:49.452+0000] {dag.py:4180} INFO - Setting next_dagrun for hourly_batch_lakehouse to 2026-06-02 05:00:00+00:00, run_after=2026-06-02 06:00:00+00:00
[2026-06-02T06:51:49.484+0000] {processor.py:208} INFO - Processing /opt/airflow/dags/hourly_batch_lakehouse.py took 0.868 seconds
[2026-06-02T06:52:20.079+0000] {processor.py:186} INFO - Started process (PID=8390) to work on /opt/airflow/dags/hourly_batch_lakehouse.py
[2026-06-02T06:52:20.081+0000] {processor.py:914} INFO - Processing file /opt/airflow/dags/hourly_batch_lakehouse.py for tasks to queue
[2026-06-02T06:52:20.084+0000] {logging_mixin.py:190} INFO - [2026-06-02T06:52:20.083+0000] {dagbag.py:588} INFO - Filling up the DagBag from /opt/airflow/dags/hourly_batch_lakehouse.py
[2026-06-02T06:52:20.888+0000] {processor.py:925} INFO - DAG(s) 'hourly_batch_lakehouse' retrieved from /opt/airflow/dags/hourly_batch_lakehouse.py
[2026-06-02T06:52:20.923+0000] {logging_mixin.py:190} INFO - [2026-06-02T06:52:20.923+0000] {dag.py:3239} INFO - Sync 1 DAGs
[2026-06-02T06:52:20.951+0000] {logging_mixin.py:190} INFO - [2026-06-02T06:52:20.951+0000] {dag.py:4180} INFO - Setting next_dagrun for hourly_batch_lakehouse to 2026-06-02 05:00:00+00:00, run_after=2026-06-02 06:00:00+00:00
[2026-06-02T06:52:20.974+0000] {processor.py:208} INFO - Processing /opt/airflow/dags/hourly_batch_lakehouse.py took 0.904 seconds
[2026-06-02T06:52:51.458+0000] {processor.py:186} INFO - Started process (PID=8524) to work on /opt/airflow/dags/hourly_batch_lakehouse.py
[2026-06-02T06:52:51.459+0000] {processor.py:914} INFO - Processing file /opt/airflow/dags/hourly_batch_lakehouse.py for tasks to queue
[2026-06-02T06:52:51.463+0000] {logging_mixin.py:190} INFO - [2026-06-02T06:52:51.462+0000] {dagbag.py:588} INFO - Filling up the DagBag from /opt/airflow/dags/hourly_batch_lakehouse.py
[2026-06-02T06:52:52.328+0000] {processor.py:925} INFO - DAG(s) 'hourly_batch_lakehouse' retrieved from /opt/airflow/dags/hourly_batch_lakehouse.py
[2026-06-02T06:52:52.368+0000] {logging_mixin.py:190} INFO - [2026-06-02T06:52:52.367+0000] {dag.py:3239} INFO - Sync 1 DAGs
[2026-06-02T06:52:52.400+0000] {logging_mixin.py:190} INFO - [2026-06-02T06:52:52.399+0000] {dag.py:4180} INFO - Setting next_dagrun for hourly_batch_lakehouse to 2026-06-02 05:00:00+00:00, run_after=2026-06-02 06:00:00+00:00
[2026-06-02T06:52:52.425+0000] {processor.py:208} INFO - Processing /opt/airflow/dags/hourly_batch_lakehouse.py took 0.978 seconds
[2026-06-02T06:53:22.851+0000] {processor.py:186} INFO - Started process (PID=8651) to work on /opt/airflow/dags/hourly_batch_lakehouse.py
[2026-06-02T06:53:22.852+0000] {processor.py:914} INFO - Processing file /opt/airflow/dags/hourly_batch_lakehouse.py for tasks to queue
[2026-06-02T06:53:22.856+0000] {logging_mixin.py:190} INFO - [2026-06-02T06:53:22.856+0000] {dagbag.py:588} INFO - Filling up the DagBag from /opt/airflow/dags/hourly_batch_lakehouse.py
[2026-06-02T06:53:23.585+0000] {processor.py:925} INFO - DAG(s) 'hourly_batch_lakehouse' retrieved from /opt/airflow/dags/hourly_batch_lakehouse.py
[2026-06-02T06:53:23.614+0000] {logging_mixin.py:190} INFO - [2026-06-02T06:53:23.613+0000] {dag.py:3239} INFO - Sync 1 DAGs
[2026-06-02T06:53:23.640+0000] {logging_mixin.py:190} INFO - [2026-06-02T06:53:23.640+0000] {dag.py:4180} INFO - Setting next_dagrun for hourly_batch_lakehouse to 2026-06-02 05:00:00+00:00, run_after=2026-06-02 06:00:00+00:00
[2026-06-02T06:53:23.668+0000] {processor.py:208} INFO - Processing /opt/airflow/dags/hourly_batch_lakehouse.py took 0.827 seconds
[2026-06-02T06:53:54.064+0000] {processor.py:186} INFO - Started process (PID=8786) to work on /opt/airflow/dags/hourly_batch_lakehouse.py
[2026-06-02T06:53:54.065+0000] {processor.py:914} INFO - Processing file /opt/airflow/dags/hourly_batch_lakehouse.py for tasks to queue
[2026-06-02T06:53:54.069+0000] {logging_mixin.py:190} INFO - [2026-06-02T06:53:54.069+0000] {dagbag.py:588} INFO - Filling up the DagBag from /opt/airflow/dags/hourly_batch_lakehouse.py
[2026-06-02T06:53:54.860+0000] {processor.py:925} INFO - DAG(s) 'hourly_batch_lakehouse' retrieved from /opt/airflow/dags/hourly_batch_lakehouse.py
[2026-06-02T06:53:54.889+0000] {logging_mixin.py:190} INFO - [2026-06-02T06:53:54.888+0000] {dag.py:3239} INFO - Sync 1 DAGs
[2026-06-02T06:53:54.914+0000] {logging_mixin.py:190} INFO - [2026-06-02T06:53:54.913+0000] {dag.py:4180} INFO - Setting next_dagrun for hourly_batch_lakehouse to 2026-06-02 05:00:00+00:00, run_after=2026-06-02 06:00:00+00:00
[2026-06-02T06:53:54.938+0000] {processor.py:208} INFO - Processing /opt/airflow/dags/hourly_batch_lakehouse.py took 0.883 seconds
[2026-06-02T06:54:25.415+0000] {processor.py:186} INFO - Started process (PID=8921) to work on /opt/airflow/dags/hourly_batch_lakehouse.py
[2026-06-02T06:54:25.417+0000] {processor.py:914} INFO - Processing file /opt/airflow/dags/hourly_batch_lakehouse.py for tasks to queue
[2026-06-02T06:54:25.420+0000] {logging_mixin.py:190} INFO - [2026-06-02T06:54:25.420+0000] {dagbag.py:588} INFO - Filling up the DagBag from /opt/airflow/dags/hourly_batch_lakehouse.py
[2026-06-02T06:54:26.195+0000] {processor.py:925} INFO - DAG(s) 'hourly_batch_lakehouse' retrieved from /opt/airflow/dags/hourly_batch_lakehouse.py
[2026-06-02T06:54:26.225+0000] {logging_mixin.py:190} INFO - [2026-06-02T06:54:26.224+0000] {dag.py:3239} INFO - Sync 1 DAGs
[2026-06-02T06:54:26.253+0000] {logging_mixin.py:190} INFO - [2026-06-02T06:54:26.252+0000] {dag.py:4180} INFO - Setting next_dagrun for hourly_batch_lakehouse to 2026-06-02 05:00:00+00:00, run_after=2026-06-02 06:00:00+00:00
[2026-06-02T06:54:26.276+0000] {processor.py:208} INFO - Processing /opt/airflow/dags/hourly_batch_lakehouse.py took 0.869 seconds
[2026-06-02T06:54:56.721+0000] {processor.py:186} INFO - Started process (PID=9056) to work on /opt/airflow/dags/hourly_batch_lakehouse.py
[2026-06-02T06:54:56.722+0000] {processor.py:914} INFO - Processing file /opt/airflow/dags/hourly_batch_lakehouse.py for tasks to queue
[2026-06-02T06:54:56.725+0000] {logging_mixin.py:190} INFO - [2026-06-02T06:54:56.725+0000] {dagbag.py:588} INFO - Filling up the DagBag from /opt/airflow/dags/hourly_batch_lakehouse.py
[2026-06-02T06:54:57.540+0000] {processor.py:925} INFO - DAG(s) 'hourly_batch_lakehouse' retrieved from /opt/airflow/dags/hourly_batch_lakehouse.py
[2026-06-02T06:54:57.573+0000] {logging_mixin.py:190} INFO - [2026-06-02T06:54:57.572+0000] {dag.py:3239} INFO - Sync 1 DAGs
[2026-06-02T06:54:57.600+0000] {logging_mixin.py:190} INFO - [2026-06-02T06:54:57.599+0000] {dag.py:4180} INFO - Setting next_dagrun for hourly_batch_lakehouse to 2026-06-02 05:00:00+00:00, run_after=2026-06-02 06:00:00+00:00
[2026-06-02T06:54:57.624+0000] {processor.py:208} INFO - Processing /opt/airflow/dags/hourly_batch_lakehouse.py took 0.912 seconds
[2026-06-02T06:55:28.092+0000] {processor.py:186} INFO - Started process (PID=9191) to work on /opt/airflow/dags/hourly_batch_lakehouse.py
[2026-06-02T06:55:28.093+0000] {processor.py:914} INFO - Processing file /opt/airflow/dags/hourly_batch_lakehouse.py for tasks to queue
[2026-06-02T06:55:28.097+0000] {logging_mixin.py:190} INFO - [2026-06-02T06:55:28.097+0000] {dagbag.py:588} INFO - Filling up the DagBag from /opt/airflow/dags/hourly_batch_lakehouse.py
[2026-06-02T06:55:28.910+0000] {processor.py:925} INFO - DAG(s) 'hourly_batch_lakehouse' retrieved from /opt/airflow/dags/hourly_batch_lakehouse.py
[2026-06-02T06:55:28.943+0000] {logging_mixin.py:190} INFO - [2026-06-02T06:55:28.943+0000] {dag.py:3239} INFO - Sync 1 DAGs
[2026-06-02T06:55:28.970+0000] {logging_mixin.py:190} INFO - [2026-06-02T06:55:28.969+0000] {dag.py:4180} INFO - Setting next_dagrun for hourly_batch_lakehouse to 2026-06-02 05:00:00+00:00, run_after=2026-06-02 06:00:00+00:00
[2026-06-02T06:55:28.996+0000] {processor.py:208} INFO - Processing /opt/airflow/dags/hourly_batch_lakehouse.py took 0.913 seconds
[2026-06-02T06:55:59.423+0000] {processor.py:186} INFO - Started process (PID=9326) to work on /opt/airflow/dags/hourly_batch_lakehouse.py
[2026-06-02T06:55:59.424+0000] {processor.py:914} INFO - Processing file /opt/airflow/dags/hourly_batch_lakehouse.py for tasks to queue
[2026-06-02T06:55:59.428+0000] {logging_mixin.py:190} INFO - [2026-06-02T06:55:59.428+0000] {dagbag.py:588} INFO - Filling up the DagBag from /opt/airflow/dags/hourly_batch_lakehouse.py
[2026-06-02T06:56:00.285+0000] {processor.py:925} INFO - DAG(s) 'hourly_batch_lakehouse' retrieved from /opt/airflow/dags/hourly_batch_lakehouse.py
[2026-06-02T06:56:00.322+0000] {logging_mixin.py:190} INFO - [2026-06-02T06:56:00.321+0000] {dag.py:3239} INFO - Sync 1 DAGs
[2026-06-02T06:56:00.350+0000] {logging_mixin.py:190} INFO - [2026-06-02T06:56:00.349+0000] {dag.py:4180} INFO - Setting next_dagrun for hourly_batch_lakehouse to 2026-06-02 05:00:00+00:00, run_after=2026-06-02 06:00:00+00:00
[2026-06-02T06:56:00.381+0000] {processor.py:208} INFO - Processing /opt/airflow/dags/hourly_batch_lakehouse.py took 0.968 seconds
[2026-06-02T06:56:30.761+0000] {processor.py:186} INFO - Started process (PID=9461) to work on /opt/airflow/dags/hourly_batch_lakehouse.py
[2026-06-02T06:56:30.762+0000] {processor.py:914} INFO - Processing file /opt/airflow/dags/hourly_batch_lakehouse.py for tasks to queue
[2026-06-02T06:56:30.766+0000] {logging_mixin.py:190} INFO - [2026-06-02T06:56:30.766+0000] {dagbag.py:588} INFO - Filling up the DagBag from /opt/airflow/dags/hourly_batch_lakehouse.py
[2026-06-02T06:56:31.564+0000] {processor.py:925} INFO - DAG(s) 'hourly_batch_lakehouse' retrieved from /opt/airflow/dags/hourly_batch_lakehouse.py
[2026-06-02T06:56:31.595+0000] {logging_mixin.py:190} INFO - [2026-06-02T06:56:31.595+0000] {dag.py:3239} INFO - Sync 1 DAGs
[2026-06-02T06:56:31.625+0000] {logging_mixin.py:190} INFO - [2026-06-02T06:56:31.625+0000] {dag.py:4180} INFO - Setting next_dagrun for hourly_batch_lakehouse to 2026-06-02 05:00:00+00:00, run_after=2026-06-02 06:00:00+00:00
[2026-06-02T06:56:31.652+0000] {processor.py:208} INFO - Processing /opt/airflow/dags/hourly_batch_lakehouse.py took 0.902 seconds
[2026-06-02T06:57:02.098+0000] {processor.py:186} INFO - Started process (PID=9596) to work on /opt/airflow/dags/hourly_batch_lakehouse.py
[2026-06-02T06:57:02.099+0000] {processor.py:914} INFO - Processing file /opt/airflow/dags/hourly_batch_lakehouse.py for tasks to queue
[2026-06-02T06:57:02.102+0000] {logging_mixin.py:190} INFO - [2026-06-02T06:57:02.102+0000] {dagbag.py:588} INFO - Filling up the DagBag from /opt/airflow/dags/hourly_batch_lakehouse.py
[2026-06-02T06:57:02.931+0000] {processor.py:925} INFO - DAG(s) 'hourly_batch_lakehouse' retrieved from /opt/airflow/dags/hourly_batch_lakehouse.py
[2026-06-02T06:57:02.966+0000] {logging_mixin.py:190} INFO - [2026-06-02T06:57:02.965+0000] {dag.py:3239} INFO - Sync 1 DAGs
[2026-06-02T06:57:02.995+0000] {logging_mixin.py:190} INFO - [2026-06-02T06:57:02.994+0000] {dag.py:4180} INFO - Setting next_dagrun for hourly_batch_lakehouse to 2026-06-02 05:00:00+00:00, run_after=2026-06-02 06:00:00+00:00
[2026-06-02T06:57:03.019+0000] {processor.py:208} INFO - Processing /opt/airflow/dags/hourly_batch_lakehouse.py took 0.930 seconds
[2026-06-02T06:57:33.456+0000] {processor.py:186} INFO - Started process (PID=9731) to work on /opt/airflow/dags/hourly_batch_lakehouse.py
[2026-06-02T06:57:33.457+0000] {processor.py:914} INFO - Processing file /opt/airflow/dags/hourly_batch_lakehouse.py for tasks to queue
[2026-06-02T06:57:33.461+0000] {logging_mixin.py:190} INFO - [2026-06-02T06:57:33.460+0000] {dagbag.py:588} INFO - Filling up the DagBag from /opt/airflow/dags/hourly_batch_lakehouse.py
[2026-06-02T06:57:34.261+0000] {processor.py:925} INFO - DAG(s) 'hourly_batch_lakehouse' retrieved from /opt/airflow/dags/hourly_batch_lakehouse.py
[2026-06-02T06:57:34.293+0000] {logging_mixin.py:190} INFO - [2026-06-02T06:57:34.292+0000] {dag.py:3239} INFO - Sync 1 DAGs
[2026-06-02T06:57:34.322+0000] {logging_mixin.py:190} INFO - [2026-06-02T06:57:34.321+0000] {dag.py:4180} INFO - Setting next_dagrun for hourly_batch_lakehouse to 2026-06-02 05:00:00+00:00, run_after=2026-06-02 06:00:00+00:00
[2026-06-02T06:57:34.346+0000] {processor.py:208} INFO - Processing /opt/airflow/dags/hourly_batch_lakehouse.py took 0.900 seconds
[2026-06-02T06:58:04.837+0000] {processor.py:186} INFO - Started process (PID=9866) to work on /opt/airflow/dags/hourly_batch_lakehouse.py
[2026-06-02T06:58:04.838+0000] {processor.py:914} INFO - Processing file /opt/airflow/dags/hourly_batch_lakehouse.py for tasks to queue
[2026-06-02T06:58:04.841+0000] {logging_mixin.py:190} INFO - [2026-06-02T06:58:04.841+0000] {dagbag.py:588} INFO - Filling up the DagBag from /opt/airflow/dags/hourly_batch_lakehouse.py
[2026-06-02T06:58:05.677+0000] {processor.py:925} INFO - DAG(s) 'hourly_batch_lakehouse' retrieved from /opt/airflow/dags/hourly_batch_lakehouse.py
[2026-06-02T06:58:05.713+0000] {logging_mixin.py:190} INFO - [2026-06-02T06:58:05.713+0000] {dag.py:3239} INFO - Sync 1 DAGs
[2026-06-02T06:58:05.743+0000] {logging_mixin.py:190} INFO - [2026-06-02T06:58:05.743+0000] {dag.py:4180} INFO - Setting next_dagrun for hourly_batch_lakehouse to 2026-06-02 05:00:00+00:00, run_after=2026-06-02 06:00:00+00:00
[2026-06-02T06:58:05.768+0000] {processor.py:208} INFO - Processing /opt/airflow/dags/hourly_batch_lakehouse.py took 0.941 seconds
[2026-06-02T06:58:36.157+0000] {processor.py:186} INFO - Started process (PID=10001) to work on /opt/airflow/dags/hourly_batch_lakehouse.py
[2026-06-02T06:58:36.158+0000] {processor.py:914} INFO - Processing file /opt/airflow/dags/hourly_batch_lakehouse.py for tasks to queue
[2026-06-02T06:58:36.161+0000] {logging_mixin.py:190} INFO - [2026-06-02T06:58:36.161+0000] {dagbag.py:588} INFO - Filling up the DagBag from /opt/airflow/dags/hourly_batch_lakehouse.py
[2026-06-02T06:58:37.003+0000] {processor.py:925} INFO - DAG(s) 'hourly_batch_lakehouse' retrieved from /opt/airflow/dags/hourly_batch_lakehouse.py
[2026-06-02T06:58:37.040+0000] {logging_mixin.py:190} INFO - [2026-06-02T06:58:37.040+0000] {dag.py:3239} INFO - Sync 1 DAGs
[2026-06-02T06:58:37.068+0000] {logging_mixin.py:190} INFO - [2026-06-02T06:58:37.068+0000] {dag.py:4180} INFO - Setting next_dagrun for hourly_batch_lakehouse to 2026-06-02 05:00:00+00:00, run_after=2026-06-02 06:00:00+00:00
[2026-06-02T06:58:37.094+0000] {processor.py:208} INFO - Processing /opt/airflow/dags/hourly_batch_lakehouse.py took 0.946 seconds
[2026-06-02T06:59:07.643+0000] {processor.py:186} INFO - Started process (PID=10136) to work on /opt/airflow/dags/hourly_batch_lakehouse.py
[2026-06-02T06:59:07.644+0000] {processor.py:914} INFO - Processing file /opt/airflow/dags/hourly_batch_lakehouse.py for tasks to queue
[2026-06-02T06:59:07.648+0000] {logging_mixin.py:190} INFO - [2026-06-02T06:59:07.648+0000] {dagbag.py:588} INFO - Filling up the DagBag from /opt/airflow/dags/hourly_batch_lakehouse.py
[2026-06-02T06:59:08.485+0000] {processor.py:925} INFO - DAG(s) 'hourly_batch_lakehouse' retrieved from /opt/airflow/dags/hourly_batch_lakehouse.py
[2026-06-02T06:59:08.517+0000] {logging_mixin.py:190} INFO - [2026-06-02T06:59:08.516+0000] {dag.py:3239} INFO - Sync 1 DAGs
[2026-06-02T06:59:08.544+0000] {logging_mixin.py:190} INFO - [2026-06-02T06:59:08.544+0000] {dag.py:4180} INFO - Setting next_dagrun for hourly_batch_lakehouse to 2026-06-02 05:00:00+00:00, run_after=2026-06-02 06:00:00+00:00
[2026-06-02T06:59:08.571+0000] {processor.py:208} INFO - Processing /opt/airflow/dags/hourly_batch_lakehouse.py took 0.939 seconds
[2026-06-02T06:59:39.130+0000] {processor.py:186} INFO - Started process (PID=10270) to work on /opt/airflow/dags/hourly_batch_lakehouse.py
[2026-06-02T06:59:39.132+0000] {processor.py:914} INFO - Processing file /opt/airflow/dags/hourly_batch_lakehouse.py for tasks to queue
[2026-06-02T06:59:39.136+0000] {logging_mixin.py:190} INFO - [2026-06-02T06:59:39.136+0000] {dagbag.py:588} INFO - Filling up the DagBag from /opt/airflow/dags/hourly_batch_lakehouse.py
[2026-06-02T06:59:39.962+0000] {processor.py:925} INFO - DAG(s) 'hourly_batch_lakehouse' retrieved from /opt/airflow/dags/hourly_batch_lakehouse.py
[2026-06-02T06:59:39.991+0000] {logging_mixin.py:190} INFO - [2026-06-02T06:59:39.990+0000] {dag.py:3239} INFO - Sync 1 DAGs
[2026-06-02T06:59:40.015+0000] {logging_mixin.py:190} INFO - [2026-06-02T06:59:40.014+0000] {dag.py:4180} INFO - Setting next_dagrun for hourly_batch_lakehouse to 2026-06-02 05:00:00+00:00, run_after=2026-06-02 06:00:00+00:00
[2026-06-02T06:59:40.040+0000] {processor.py:208} INFO - Processing /opt/airflow/dags/hourly_batch_lakehouse.py took 0.920 seconds
[2026-06-02T07:00:10.553+0000] {processor.py:186} INFO - Started process (PID=10397) to work on /opt/airflow/dags/hourly_batch_lakehouse.py
[2026-06-02T07:00:10.555+0000] {processor.py:914} INFO - Processing file /opt/airflow/dags/hourly_batch_lakehouse.py for tasks to queue
[2026-06-02T07:00:10.558+0000] {logging_mixin.py:190} INFO - [2026-06-02T07:00:10.557+0000] {dagbag.py:588} INFO - Filling up the DagBag from /opt/airflow/dags/hourly_batch_lakehouse.py
[2026-06-02T07:00:11.335+0000] {processor.py:925} INFO - DAG(s) 'hourly_batch_lakehouse' retrieved from /opt/airflow/dags/hourly_batch_lakehouse.py
[2026-06-02T07:00:11.373+0000] {logging_mixin.py:190} INFO - [2026-06-02T07:00:11.372+0000] {dag.py:3239} INFO - Sync 1 DAGs
[2026-06-02T07:00:11.404+0000] {logging_mixin.py:190} INFO - [2026-06-02T07:00:11.403+0000] {dag.py:4180} INFO - Setting next_dagrun for hourly_batch_lakehouse to 2026-06-02 06:00:00+00:00, run_after=2026-06-02 07:00:00+00:00
[2026-06-02T07:00:11.436+0000] {processor.py:208} INFO - Processing /opt/airflow/dags/hourly_batch_lakehouse.py took 0.890 seconds
[2026-06-02T07:00:41.965+0000] {processor.py:186} INFO - Started process (PID=10532) to work on /opt/airflow/dags/hourly_batch_lakehouse.py
[2026-06-02T07:00:41.967+0000] {processor.py:914} INFO - Processing file /opt/airflow/dags/hourly_batch_lakehouse.py for tasks to queue
[2026-06-02T07:00:41.970+0000] {logging_mixin.py:190} INFO - [2026-06-02T07:00:41.970+0000] {dagbag.py:588} INFO - Filling up the DagBag from /opt/airflow/dags/hourly_batch_lakehouse.py
[2026-06-02T07:00:42.848+0000] {processor.py:925} INFO - DAG(s) 'hourly_batch_lakehouse' retrieved from /opt/airflow/dags/hourly_batch_lakehouse.py
[2026-06-02T07:00:42.886+0000] {logging_mixin.py:190} INFO - [2026-06-02T07:00:42.886+0000] {dag.py:3239} INFO - Sync 1 DAGs
[2026-06-02T07:00:42.918+0000] {logging_mixin.py:190} INFO - [2026-06-02T07:00:42.917+0000] {dag.py:4180} INFO - Setting next_dagrun for hourly_batch_lakehouse to 2026-06-02 06:00:00+00:00, run_after=2026-06-02 07:00:00+00:00
[2026-06-02T07:00:42.946+0000] {processor.py:208} INFO - Processing /opt/airflow/dags/hourly_batch_lakehouse.py took 0.990 seconds
[2026-06-02T07:01:13.342+0000] {processor.py:186} INFO - Started process (PID=10667) to work on /opt/airflow/dags/hourly_batch_lakehouse.py
[2026-06-02T07:01:13.343+0000] {processor.py:914} INFO - Processing file /opt/airflow/dags/hourly_batch_lakehouse.py for tasks to queue
[2026-06-02T07:01:13.347+0000] {logging_mixin.py:190} INFO - [2026-06-02T07:01:13.346+0000] {dagbag.py:588} INFO - Filling up the DagBag from /opt/airflow/dags/hourly_batch_lakehouse.py
[2026-06-02T07:01:14.189+0000] {processor.py:925} INFO - DAG(s) 'hourly_batch_lakehouse' retrieved from /opt/airflow/dags/hourly_batch_lakehouse.py
[2026-06-02T07:01:14.223+0000] {logging_mixin.py:190} INFO - [2026-06-02T07:01:14.223+0000] {dag.py:3239} INFO - Sync 1 DAGs
[2026-06-02T07:01:14.254+0000] {logging_mixin.py:190} INFO - [2026-06-02T07:01:14.254+0000] {dag.py:4180} INFO - Setting next_dagrun for hourly_batch_lakehouse to 2026-06-02 06:00:00+00:00, run_after=2026-06-02 07:00:00+00:00
[2026-06-02T07:01:14.279+0000] {processor.py:208} INFO - Processing /opt/airflow/dags/hourly_batch_lakehouse.py took 0.947 seconds
[2026-06-02T07:01:44.803+0000] {processor.py:186} INFO - Started process (PID=10802) to work on /opt/airflow/dags/hourly_batch_lakehouse.py
[2026-06-02T07:01:44.804+0000] {processor.py:914} INFO - Processing file /opt/airflow/dags/hourly_batch_lakehouse.py for tasks to queue
[2026-06-02T07:01:44.812+0000] {logging_mixin.py:190} INFO - [2026-06-02T07:01:44.810+0000] {dagbag.py:588} INFO - Filling up the DagBag from /opt/airflow/dags/hourly_batch_lakehouse.py
[2026-06-02T07:01:45.870+0000] {processor.py:925} INFO - DAG(s) 'hourly_batch_lakehouse' retrieved from /opt/airflow/dags/hourly_batch_lakehouse.py
[2026-06-02T07:01:45.906+0000] {logging_mixin.py:190} INFO - [2026-06-02T07:01:45.905+0000] {dag.py:3239} INFO - Sync 1 DAGs
[2026-06-02T07:01:45.938+0000] {logging_mixin.py:190} INFO - [2026-06-02T07:01:45.938+0000] {dag.py:4180} INFO - Setting next_dagrun for hourly_batch_lakehouse to 2026-06-02 06:00:00+00:00, run_after=2026-06-02 07:00:00+00:00
[2026-06-02T07:01:45.967+0000] {processor.py:208} INFO - Processing /opt/airflow/dags/hourly_batch_lakehouse.py took 1.174 seconds
[2026-06-02T07:02:16.211+0000] {processor.py:186} INFO - Started process (PID=10937) to work on /opt/airflow/dags/hourly_batch_lakehouse.py
[2026-06-02T07:02:16.214+0000] {processor.py:914} INFO - Processing file /opt/airflow/dags/hourly_batch_lakehouse.py for tasks to queue
[2026-06-02T07:02:16.218+0000] {logging_mixin.py:190} INFO - [2026-06-02T07:02:16.217+0000] {dagbag.py:588} INFO - Filling up the DagBag from /opt/airflow/dags/hourly_batch_lakehouse.py
[2026-06-02T07:02:17.039+0000] {processor.py:925} INFO - DAG(s) 'hourly_batch_lakehouse' retrieved from /opt/airflow/dags/hourly_batch_lakehouse.py
[2026-06-02T07:02:17.081+0000] {logging_mixin.py:190} INFO - [2026-06-02T07:02:17.080+0000] {dag.py:3239} INFO - Sync 1 DAGs
[2026-06-02T07:02:17.116+0000] {logging_mixin.py:190} INFO - [2026-06-02T07:02:17.116+0000] {dag.py:4180} INFO - Setting next_dagrun for hourly_batch_lakehouse to 2026-06-02 06:00:00+00:00, run_after=2026-06-02 07:00:00+00:00
[2026-06-02T07:02:17.142+0000] {processor.py:208} INFO - Processing /opt/airflow/dags/hourly_batch_lakehouse.py took 0.940 seconds
[2026-06-02T07:02:47.530+0000] {processor.py:186} INFO - Started process (PID=11072) to work on /opt/airflow/dags/hourly_batch_lakehouse.py
[2026-06-02T07:02:47.531+0000] {processor.py:914} INFO - Processing file /opt/airflow/dags/hourly_batch_lakehouse.py for tasks to queue
[2026-06-02T07:02:47.534+0000] {logging_mixin.py:190} INFO - [2026-06-02T07:02:47.534+0000] {dagbag.py:588} INFO - Filling up the DagBag from /opt/airflow/dags/hourly_batch_lakehouse.py
[2026-06-02T07:02:48.407+0000] {processor.py:925} INFO - DAG(s) 'hourly_batch_lakehouse' retrieved from /opt/airflow/dags/hourly_batch_lakehouse.py
[2026-06-02T07:02:48.439+0000] {logging_mixin.py:190} INFO - [2026-06-02T07:02:48.439+0000] {dag.py:3239} INFO - Sync 1 DAGs
[2026-06-02T07:02:48.466+0000] {logging_mixin.py:190} INFO - [2026-06-02T07:02:48.466+0000] {dag.py:4180} INFO - Setting next_dagrun for hourly_batch_lakehouse to 2026-06-02 06:00:00+00:00, run_after=2026-06-02 07:00:00+00:00
[2026-06-02T07:02:48.497+0000] {processor.py:208} INFO - Processing /opt/airflow/dags/hourly_batch_lakehouse.py took 0.977 seconds
[2026-06-02T07:03:19.038+0000] {processor.py:186} INFO - Started process (PID=11207) to work on /opt/airflow/dags/hourly_batch_lakehouse.py
[2026-06-02T07:03:19.039+0000] {processor.py:914} INFO - Processing file /opt/airflow/dags/hourly_batch_lakehouse.py for tasks to queue
[2026-06-02T07:03:19.043+0000] {logging_mixin.py:190} INFO - [2026-06-02T07:03:19.042+0000] {dagbag.py:588} INFO - Filling up the DagBag from /opt/airflow/dags/hourly_batch_lakehouse.py
[2026-06-02T07:03:19.837+0000] {processor.py:925} INFO - DAG(s) 'hourly_batch_lakehouse' retrieved from /opt/airflow/dags/hourly_batch_lakehouse.py
[2026-06-02T07:03:19.865+0000] {logging_mixin.py:190} INFO - [2026-06-02T07:03:19.865+0000] {dag.py:3239} INFO - Sync 1 DAGs
[2026-06-02T07:03:19.891+0000] {logging_mixin.py:190} INFO - [2026-06-02T07:03:19.891+0000] {dag.py:4180} INFO - Setting next_dagrun for hourly_batch_lakehouse to 2026-06-02 06:00:00+00:00, run_after=2026-06-02 07:00:00+00:00
[2026-06-02T07:03:19.913+0000] {processor.py:208} INFO - Processing /opt/airflow/dags/hourly_batch_lakehouse.py took 0.883 seconds
[2026-06-02T07:03:50.500+0000] {processor.py:186} INFO - Started process (PID=11342) to work on /opt/airflow/dags/hourly_batch_lakehouse.py
[2026-06-02T07:03:50.501+0000] {processor.py:914} INFO - Processing file /opt/airflow/dags/hourly_batch_lakehouse.py for tasks to queue
[2026-06-02T07:03:50.505+0000] {logging_mixin.py:190} INFO - [2026-06-02T07:03:50.505+0000] {dagbag.py:588} INFO - Filling up the DagBag from /opt/airflow/dags/hourly_batch_lakehouse.py
[2026-06-02T07:03:51.306+0000] {processor.py:925} INFO - DAG(s) 'hourly_batch_lakehouse' retrieved from /opt/airflow/dags/hourly_batch_lakehouse.py
[2026-06-02T07:03:51.343+0000] {logging_mixin.py:190} INFO - [2026-06-02T07:03:51.342+0000] {dag.py:3239} INFO - Sync 1 DAGs
[2026-06-02T07:03:51.370+0000] {logging_mixin.py:190} INFO - [2026-06-02T07:03:51.370+0000] {dag.py:4180} INFO - Setting next_dagrun for hourly_batch_lakehouse to 2026-06-02 06:00:00+00:00, run_after=2026-06-02 07:00:00+00:00
[2026-06-02T07:03:51.392+0000] {processor.py:208} INFO - Processing /opt/airflow/dags/hourly_batch_lakehouse.py took 0.903 seconds
[2026-06-02T07:04:24.969+0000] {processor.py:186} INFO - Started process (PID=11477) to work on /opt/airflow/dags/hourly_batch_lakehouse.py
[2026-06-02T07:04:24.982+0000] {processor.py:914} INFO - Processing file /opt/airflow/dags/hourly_batch_lakehouse.py for tasks to queue
[2026-06-02T07:04:25.003+0000] {logging_mixin.py:190} INFO - [2026-06-02T07:04:25.002+0000] {dagbag.py:588} INFO - Filling up the DagBag from /opt/airflow/dags/hourly_batch_lakehouse.py
[2026-06-02T07:04:26.715+0000] {processor.py:925} INFO - DAG(s) 'hourly_batch_lakehouse' retrieved from /opt/airflow/dags/hourly_batch_lakehouse.py
[2026-06-02T07:04:26.752+0000] {logging_mixin.py:190} INFO - [2026-06-02T07:04:26.752+0000] {dag.py:3239} INFO - Sync 1 DAGs
[2026-06-02T07:04:26.783+0000] {logging_mixin.py:190} INFO - [2026-06-02T07:04:26.783+0000] {dag.py:4180} INFO - Setting next_dagrun for hourly_batch_lakehouse to 2026-06-02 06:00:00+00:00, run_after=2026-06-02 07:00:00+00:00
[2026-06-02T07:04:27.346+0000] {processor.py:208} INFO - Processing /opt/airflow/dags/hourly_batch_lakehouse.py took 2.394 seconds
[2026-06-02T07:04:57.449+0000] {processor.py:186} INFO - Started process (PID=11609) to work on /opt/airflow/dags/hourly_batch_lakehouse.py
[2026-06-02T07:04:57.450+0000] {processor.py:914} INFO - Processing file /opt/airflow/dags/hourly_batch_lakehouse.py for tasks to queue
[2026-06-02T07:04:57.455+0000] {logging_mixin.py:190} INFO - [2026-06-02T07:04:57.454+0000] {dagbag.py:588} INFO - Filling up the DagBag from /opt/airflow/dags/hourly_batch_lakehouse.py
[2026-06-02T07:04:58.365+0000] {processor.py:925} INFO - DAG(s) 'hourly_batch_lakehouse' retrieved from /opt/airflow/dags/hourly_batch_lakehouse.py
[2026-06-02T07:04:58.397+0000] {logging_mixin.py:190} INFO - [2026-06-02T07:04:58.396+0000] {dag.py:3239} INFO - Sync 1 DAGs
[2026-06-02T07:04:58.424+0000] {logging_mixin.py:190} INFO - [2026-06-02T07:04:58.424+0000] {dag.py:4180} INFO - Setting next_dagrun for hourly_batch_lakehouse to 2026-06-02 06:00:00+00:00, run_after=2026-06-02 07:00:00+00:00
[2026-06-02T07:04:58.455+0000] {processor.py:208} INFO - Processing /opt/airflow/dags/hourly_batch_lakehouse.py took 1.016 seconds
[2026-06-02T07:05:29.123+0000] {processor.py:186} INFO - Started process (PID=11744) to work on /opt/airflow/dags/hourly_batch_lakehouse.py
[2026-06-02T07:05:29.125+0000] {processor.py:914} INFO - Processing file /opt/airflow/dags/hourly_batch_lakehouse.py for tasks to queue
[2026-06-02T07:05:29.129+0000] {logging_mixin.py:190} INFO - [2026-06-02T07:05:29.129+0000] {dagbag.py:588} INFO - Filling up the DagBag from /opt/airflow/dags/hourly_batch_lakehouse.py
[2026-06-02T07:05:30.052+0000] {processor.py:925} INFO - DAG(s) 'hourly_batch_lakehouse' retrieved from /opt/airflow/dags/hourly_batch_lakehouse.py
[2026-06-02T07:05:30.080+0000] {logging_mixin.py:190} INFO - [2026-06-02T07:05:30.080+0000] {dag.py:3239} INFO - Sync 1 DAGs
[2026-06-02T07:05:30.105+0000] {logging_mixin.py:190} INFO - [2026-06-02T07:05:30.105+0000] {dag.py:4180} INFO - Setting next_dagrun for hourly_batch_lakehouse to 2026-06-02 06:00:00+00:00, run_after=2026-06-02 07:00:00+00:00
[2026-06-02T07:05:30.131+0000] {processor.py:208} INFO - Processing /opt/airflow/dags/hourly_batch_lakehouse.py took 1.018 seconds
[2026-06-02T07:06:00.544+0000] {processor.py:186} INFO - Started process (PID=11879) to work on /opt/airflow/dags/hourly_batch_lakehouse.py
[2026-06-02T07:06:00.546+0000] {processor.py:914} INFO - Processing file /opt/airflow/dags/hourly_batch_lakehouse.py for tasks to queue
[2026-06-02T07:06:00.549+0000] {logging_mixin.py:190} INFO - [2026-06-02T07:06:00.549+0000] {dagbag.py:588} INFO - Filling up the DagBag from /opt/airflow/dags/hourly_batch_lakehouse.py
[2026-06-02T07:06:01.486+0000] {processor.py:925} INFO - DAG(s) 'hourly_batch_lakehouse' retrieved from /opt/airflow/dags/hourly_batch_lakehouse.py
[2026-06-02T07:06:01.516+0000] {logging_mixin.py:190} INFO - [2026-06-02T07:06:01.515+0000] {dag.py:3239} INFO - Sync 1 DAGs
[2026-06-02T07:06:01.545+0000] {logging_mixin.py:190} INFO - [2026-06-02T07:06:01.545+0000] {dag.py:4180} INFO - Setting next_dagrun for hourly_batch_lakehouse to 2026-06-02 06:00:00+00:00, run_after=2026-06-02 07:00:00+00:00
[2026-06-02T07:06:01.571+0000] {processor.py:208} INFO - Processing /opt/airflow/dags/hourly_batch_lakehouse.py took 1.036 seconds
[2026-06-02T07:06:31.987+0000] {processor.py:186} INFO - Started process (PID=12014) to work on /opt/airflow/dags/hourly_batch_lakehouse.py
[2026-06-02T07:06:31.989+0000] {processor.py:914} INFO - Processing file /opt/airflow/dags/hourly_batch_lakehouse.py for tasks to queue
[2026-06-02T07:06:31.992+0000] {logging_mixin.py:190} INFO - [2026-06-02T07:06:31.991+0000] {dagbag.py:588} INFO - Filling up the DagBag from /opt/airflow/dags/hourly_batch_lakehouse.py
[2026-06-02T07:06:32.944+0000] {processor.py:925} INFO - DAG(s) 'hourly_batch_lakehouse' retrieved from /opt/airflow/dags/hourly_batch_lakehouse.py
[2026-06-02T07:06:32.971+0000] {logging_mixin.py:190} INFO - [2026-06-02T07:06:32.971+0000] {dag.py:3239} INFO - Sync 1 DAGs
[2026-06-02T07:06:32.999+0000] {logging_mixin.py:190} INFO - [2026-06-02T07:06:32.999+0000] {dag.py:4180} INFO - Setting next_dagrun for hourly_batch_lakehouse to 2026-06-02 06:00:00+00:00, run_after=2026-06-02 07:00:00+00:00
[2026-06-02T07:06:33.024+0000] {processor.py:208} INFO - Processing /opt/airflow/dags/hourly_batch_lakehouse.py took 1.046 seconds
[2026-06-02T07:07:03.385+0000] {processor.py:186} INFO - Started process (PID=12149) to work on /opt/airflow/dags/hourly_batch_lakehouse.py
[2026-06-02T07:07:03.386+0000] {processor.py:914} INFO - Processing file /opt/airflow/dags/hourly_batch_lakehouse.py for tasks to queue
[2026-06-02T07:07:03.391+0000] {logging_mixin.py:190} INFO - [2026-06-02T07:07:03.391+0000] {dagbag.py:588} INFO - Filling up the DagBag from /opt/airflow/dags/hourly_batch_lakehouse.py
[2026-06-02T07:07:04.296+0000] {processor.py:925} INFO - DAG(s) 'hourly_batch_lakehouse' retrieved from /opt/airflow/dags/hourly_batch_lakehouse.py
[2026-06-02T07:07:04.332+0000] {logging_mixin.py:190} INFO - [2026-06-02T07:07:04.331+0000] {dag.py:3239} INFO - Sync 1 DAGs
[2026-06-02T07:07:04.357+0000] {logging_mixin.py:190} INFO - [2026-06-02T07:07:04.357+0000] {dag.py:4180} INFO - Setting next_dagrun for hourly_batch_lakehouse to 2026-06-02 06:00:00+00:00, run_after=2026-06-02 07:00:00+00:00
[2026-06-02T07:07:04.384+0000] {processor.py:208} INFO - Processing /opt/airflow/dags/hourly_batch_lakehouse.py took 1.010 seconds
[2026-06-02T07:07:34.761+0000] {processor.py:186} INFO - Started process (PID=12284) to work on /opt/airflow/dags/hourly_batch_lakehouse.py
[2026-06-02T07:07:34.764+0000] {processor.py:914} INFO - Processing file /opt/airflow/dags/hourly_batch_lakehouse.py for tasks to queue
[2026-06-02T07:07:34.769+0000] {logging_mixin.py:190} INFO - [2026-06-02T07:07:34.769+0000] {dagbag.py:588} INFO - Filling up the DagBag from /opt/airflow/dags/hourly_batch_lakehouse.py
[2026-06-02T07:07:35.723+0000] {processor.py:925} INFO - DAG(s) 'hourly_batch_lakehouse' retrieved from /opt/airflow/dags/hourly_batch_lakehouse.py
[2026-06-02T07:07:35.753+0000] {logging_mixin.py:190} INFO - [2026-06-02T07:07:35.753+0000] {dag.py:3239} INFO - Sync 1 DAGs
[2026-06-02T07:07:35.786+0000] {logging_mixin.py:190} INFO - [2026-06-02T07:07:35.786+0000] {dag.py:4180} INFO - Setting next_dagrun for hourly_batch_lakehouse to 2026-06-02 06:00:00+00:00, run_after=2026-06-02 07:00:00+00:00
[2026-06-02T07:07:35.815+0000] {processor.py:208} INFO - Processing /opt/airflow/dags/hourly_batch_lakehouse.py took 1.065 seconds
[2026-06-02T07:08:06.050+0000] {processor.py:186} INFO - Started process (PID=12418) to work on /opt/airflow/dags/hourly_batch_lakehouse.py
[2026-06-02T07:08:06.052+0000] {processor.py:914} INFO - Processing file /opt/airflow/dags/hourly_batch_lakehouse.py for tasks to queue
[2026-06-02T07:08:06.057+0000] {logging_mixin.py:190} INFO - [2026-06-02T07:08:06.056+0000] {dagbag.py:588} INFO - Filling up the DagBag from /opt/airflow/dags/hourly_batch_lakehouse.py
[2026-06-02T07:08:07.028+0000] {processor.py:925} INFO - DAG(s) 'hourly_batch_lakehouse' retrieved from /opt/airflow/dags/hourly_batch_lakehouse.py
[2026-06-02T07:08:07.055+0000] {logging_mixin.py:190} INFO - [2026-06-02T07:08:07.055+0000] {dag.py:3239} INFO - Sync 1 DAGs
[2026-06-02T07:08:07.079+0000] {logging_mixin.py:190} INFO - [2026-06-02T07:08:07.079+0000] {dag.py:4180} INFO - Setting next_dagrun for hourly_batch_lakehouse to 2026-06-02 06:00:00+00:00, run_after=2026-06-02 07:00:00+00:00
[2026-06-02T07:08:07.102+0000] {processor.py:208} INFO - Processing /opt/airflow/dags/hourly_batch_lakehouse.py took 1.067 seconds
[2026-06-02T07:08:37.386+0000] {processor.py:186} INFO - Started process (PID=12545) to work on /opt/airflow/dags/hourly_batch_lakehouse.py
[2026-06-02T07:08:37.388+0000] {processor.py:914} INFO - Processing file /opt/airflow/dags/hourly_batch_lakehouse.py for tasks to queue
[2026-06-02T07:08:37.391+0000] {logging_mixin.py:190} INFO - [2026-06-02T07:08:37.391+0000] {dagbag.py:588} INFO - Filling up the DagBag from /opt/airflow/dags/hourly_batch_lakehouse.py
[2026-06-02T07:08:38.310+0000] {processor.py:925} INFO - DAG(s) 'hourly_batch_lakehouse' retrieved from /opt/airflow/dags/hourly_batch_lakehouse.py
[2026-06-02T07:08:38.340+0000] {logging_mixin.py:190} INFO - [2026-06-02T07:08:38.340+0000] {dag.py:3239} INFO - Sync 1 DAGs
[2026-06-02T07:08:38.370+0000] {logging_mixin.py:190} INFO - [2026-06-02T07:08:38.370+0000] {dag.py:4180} INFO - Setting next_dagrun for hourly_batch_lakehouse to 2026-06-02 06:00:00+00:00, run_after=2026-06-02 07:00:00+00:00
[2026-06-02T07:08:38.396+0000] {processor.py:208} INFO - Processing /opt/airflow/dags/hourly_batch_lakehouse.py took 1.019 seconds
[2026-06-02T07:09:08.804+0000] {processor.py:186} INFO - Started process (PID=12680) to work on /opt/airflow/dags/hourly_batch_lakehouse.py
[2026-06-02T07:09:08.805+0000] {processor.py:914} INFO - Processing file /opt/airflow/dags/hourly_batch_lakehouse.py for tasks to queue
[2026-06-02T07:09:08.809+0000] {logging_mixin.py:190} INFO - [2026-06-02T07:09:08.808+0000] {dagbag.py:588} INFO - Filling up the DagBag from /opt/airflow/dags/hourly_batch_lakehouse.py
[2026-06-02T07:09:09.782+0000] {processor.py:925} INFO - DAG(s) 'hourly_batch_lakehouse' retrieved from /opt/airflow/dags/hourly_batch_lakehouse.py
[2026-06-02T07:09:09.810+0000] {logging_mixin.py:190} INFO - [2026-06-02T07:09:09.810+0000] {dag.py:3239} INFO - Sync 1 DAGs
[2026-06-02T07:09:09.838+0000] {logging_mixin.py:190} INFO - [2026-06-02T07:09:09.838+0000] {dag.py:4180} INFO - Setting next_dagrun for hourly_batch_lakehouse to 2026-06-02 06:00:00+00:00, run_after=2026-06-02 07:00:00+00:00
[2026-06-02T07:09:09.863+0000] {processor.py:208} INFO - Processing /opt/airflow/dags/hourly_batch_lakehouse.py took 1.070 seconds
[2026-06-02T07:09:40.142+0000] {processor.py:186} INFO - Started process (PID=12815) to work on /opt/airflow/dags/hourly_batch_lakehouse.py
[2026-06-02T07:09:40.144+0000] {processor.py:914} INFO - Processing file /opt/airflow/dags/hourly_batch_lakehouse.py for tasks to queue
[2026-06-02T07:09:40.147+0000] {logging_mixin.py:190} INFO - [2026-06-02T07:09:40.147+0000] {dagbag.py:588} INFO - Filling up the DagBag from /opt/airflow/dags/hourly_batch_lakehouse.py
[2026-06-02T07:09:41.217+0000] {processor.py:925} INFO - DAG(s) 'hourly_batch_lakehouse' retrieved from /opt/airflow/dags/hourly_batch_lakehouse.py
[2026-06-02T07:09:41.251+0000] {logging_mixin.py:190} INFO - [2026-06-02T07:09:41.250+0000] {dag.py:3239} INFO - Sync 1 DAGs
[2026-06-02T07:09:41.278+0000] {logging_mixin.py:190} INFO - [2026-06-02T07:09:41.278+0000] {dag.py:4180} INFO - Setting next_dagrun for hourly_batch_lakehouse to 2026-06-02 06:00:00+00:00, run_after=2026-06-02 07:00:00+00:00
[2026-06-02T07:09:41.300+0000] {processor.py:208} INFO - Processing /opt/airflow/dags/hourly_batch_lakehouse.py took 1.168 seconds
[2026-06-02T07:10:11.571+0000] {processor.py:186} INFO - Started process (PID=12950) to work on /opt/airflow/dags/hourly_batch_lakehouse.py
[2026-06-02T07:10:11.573+0000] {processor.py:914} INFO - Processing file /opt/airflow/dags/hourly_batch_lakehouse.py for tasks to queue
[2026-06-02T07:10:11.578+0000] {logging_mixin.py:190} INFO - [2026-06-02T07:10:11.578+0000] {dagbag.py:588} INFO - Filling up the DagBag from /opt/airflow/dags/hourly_batch_lakehouse.py
[2026-06-02T07:10:12.539+0000] {processor.py:925} INFO - DAG(s) 'hourly_batch_lakehouse' retrieved from /opt/airflow/dags/hourly_batch_lakehouse.py
[2026-06-02T07:10:12.573+0000] {logging_mixin.py:190} INFO - [2026-06-02T07:10:12.573+0000] {dag.py:3239} INFO - Sync 1 DAGs
[2026-06-02T07:10:12.600+0000] {logging_mixin.py:190} INFO - [2026-06-02T07:10:12.600+0000] {dag.py:4180} INFO - Setting next_dagrun for hourly_batch_lakehouse to 2026-06-02 06:00:00+00:00, run_after=2026-06-02 07:00:00+00:00
[2026-06-02T07:10:12.623+0000] {processor.py:208} INFO - Processing /opt/airflow/dags/hourly_batch_lakehouse.py took 1.061 seconds
[2026-06-02T07:10:43.156+0000] {processor.py:186} INFO - Started process (PID=13085) to work on /opt/airflow/dags/hourly_batch_lakehouse.py
[2026-06-02T07:10:43.157+0000] {processor.py:914} INFO - Processing file /opt/airflow/dags/hourly_batch_lakehouse.py for tasks to queue
[2026-06-02T07:10:43.160+0000] {logging_mixin.py:190} INFO - [2026-06-02T07:10:43.160+0000] {dagbag.py:588} INFO - Filling up the DagBag from /opt/airflow/dags/hourly_batch_lakehouse.py
[2026-06-02T07:10:44.038+0000] {processor.py:925} INFO - DAG(s) 'hourly_batch_lakehouse' retrieved from /opt/airflow/dags/hourly_batch_lakehouse.py
[2026-06-02T07:10:44.068+0000] {logging_mixin.py:190} INFO - [2026-06-02T07:10:44.068+0000] {dag.py:3239} INFO - Sync 1 DAGs
[2026-06-02T07:10:44.097+0000] {logging_mixin.py:190} INFO - [2026-06-02T07:10:44.097+0000] {dag.py:4180} INFO - Setting next_dagrun for hourly_batch_lakehouse to 2026-06-02 06:00:00+00:00, run_after=2026-06-02 07:00:00+00:00
[2026-06-02T07:10:44.122+0000] {processor.py:208} INFO - Processing /opt/airflow/dags/hourly_batch_lakehouse.py took 0.976 seconds
[2026-06-02T07:11:14.540+0000] {processor.py:186} INFO - Started process (PID=13220) to work on /opt/airflow/dags/hourly_batch_lakehouse.py
[2026-06-02T07:11:14.541+0000] {processor.py:914} INFO - Processing file /opt/airflow/dags/hourly_batch_lakehouse.py for tasks to queue
[2026-06-02T07:11:14.545+0000] {logging_mixin.py:190} INFO - [2026-06-02T07:11:14.545+0000] {dagbag.py:588} INFO - Filling up the DagBag from /opt/airflow/dags/hourly_batch_lakehouse.py
[2026-06-02T07:11:15.761+0000] {processor.py:925} INFO - DAG(s) 'hourly_batch_lakehouse' retrieved from /opt/airflow/dags/hourly_batch_lakehouse.py
[2026-06-02T07:11:15.790+0000] {logging_mixin.py:190} INFO - [2026-06-02T07:11:15.790+0000] {dag.py:3239} INFO - Sync 1 DAGs
[2026-06-02T07:11:15.817+0000] {logging_mixin.py:190} INFO - [2026-06-02T07:11:15.817+0000] {dag.py:4180} INFO - Setting next_dagrun for hourly_batch_lakehouse to 2026-06-02 06:00:00+00:00, run_after=2026-06-02 07:00:00+00:00
[2026-06-02T07:11:15.841+0000] {processor.py:208} INFO - Processing /opt/airflow/dags/hourly_batch_lakehouse.py took 1.313 seconds
[2026-06-02T07:11:46.018+0000] {processor.py:186} INFO - Started process (PID=13355) to work on /opt/airflow/dags/hourly_batch_lakehouse.py
[2026-06-02T07:11:46.019+0000] {processor.py:914} INFO - Processing file /opt/airflow/dags/hourly_batch_lakehouse.py for tasks to queue
[2026-06-02T07:11:46.023+0000] {logging_mixin.py:190} INFO - [2026-06-02T07:11:46.023+0000] {dagbag.py:588} INFO - Filling up the DagBag from /opt/airflow/dags/hourly_batch_lakehouse.py
[2026-06-02T07:11:46.985+0000] {processor.py:925} INFO - DAG(s) 'hourly_batch_lakehouse' retrieved from /opt/airflow/dags/hourly_batch_lakehouse.py
[2026-06-02T07:11:47.018+0000] {logging_mixin.py:190} INFO - [2026-06-02T07:11:47.017+0000] {dag.py:3239} INFO - Sync 1 DAGs
[2026-06-02T07:11:47.048+0000] {logging_mixin.py:190} INFO - [2026-06-02T07:11:47.047+0000] {dag.py:4180} INFO - Setting next_dagrun for hourly_batch_lakehouse to 2026-06-02 06:00:00+00:00, run_after=2026-06-02 07:00:00+00:00
[2026-06-02T07:11:47.073+0000] {processor.py:208} INFO - Processing /opt/airflow/dags/hourly_batch_lakehouse.py took 1.067 seconds
[2026-06-02T07:12:17.435+0000] {processor.py:186} INFO - Started process (PID=13490) to work on /opt/airflow/dags/hourly_batch_lakehouse.py
[2026-06-02T07:12:17.436+0000] {processor.py:914} INFO - Processing file /opt/airflow/dags/hourly_batch_lakehouse.py for tasks to queue
[2026-06-02T07:12:17.440+0000] {logging_mixin.py:190} INFO - [2026-06-02T07:12:17.440+0000] {dagbag.py:588} INFO - Filling up the DagBag from /opt/airflow/dags/hourly_batch_lakehouse.py
[2026-06-02T07:12:18.452+0000] {processor.py:925} INFO - DAG(s) 'hourly_batch_lakehouse' retrieved from /opt/airflow/dags/hourly_batch_lakehouse.py
[2026-06-02T07:12:18.483+0000] {logging_mixin.py:190} INFO - [2026-06-02T07:12:18.482+0000] {dag.py:3239} INFO - Sync 1 DAGs
[2026-06-02T07:12:18.511+0000] {logging_mixin.py:190} INFO - [2026-06-02T07:12:18.511+0000] {dag.py:4180} INFO - Setting next_dagrun for hourly_batch_lakehouse to 2026-06-02 06:00:00+00:00, run_after=2026-06-02 07:00:00+00:00
[2026-06-02T07:12:18.534+0000] {processor.py:208} INFO - Processing /opt/airflow/dags/hourly_batch_lakehouse.py took 1.111 seconds
[2026-06-02T07:12:48.905+0000] {processor.py:186} INFO - Started process (PID=13625) to work on /opt/airflow/dags/hourly_batch_lakehouse.py
[2026-06-02T07:12:48.907+0000] {processor.py:914} INFO - Processing file /opt/airflow/dags/hourly_batch_lakehouse.py for tasks to queue
[2026-06-02T07:12:48.911+0000] {logging_mixin.py:190} INFO - [2026-06-02T07:12:48.911+0000] {dagbag.py:588} INFO - Filling up the DagBag from /opt/airflow/dags/hourly_batch_lakehouse.py
[2026-06-02T07:12:49.857+0000] {processor.py:925} INFO - DAG(s) 'hourly_batch_lakehouse' retrieved from /opt/airflow/dags/hourly_batch_lakehouse.py
[2026-06-02T07:12:49.888+0000] {logging_mixin.py:190} INFO - [2026-06-02T07:12:49.888+0000] {dag.py:3239} INFO - Sync 1 DAGs
[2026-06-02T07:12:49.915+0000] {logging_mixin.py:190} INFO - [2026-06-02T07:12:49.915+0000] {dag.py:4180} INFO - Setting next_dagrun for hourly_batch_lakehouse to 2026-06-02 06:00:00+00:00, run_after=2026-06-02 07:00:00+00:00
[2026-06-02T07:12:49.947+0000] {processor.py:208} INFO - Processing /opt/airflow/dags/hourly_batch_lakehouse.py took 1.051 seconds
[2026-06-02T07:13:20.179+0000] {processor.py:186} INFO - Started process (PID=13760) to work on /opt/airflow/dags/hourly_batch_lakehouse.py
[2026-06-02T07:13:20.180+0000] {processor.py:914} INFO - Processing file /opt/airflow/dags/hourly_batch_lakehouse.py for tasks to queue
[2026-06-02T07:13:20.184+0000] {logging_mixin.py:190} INFO - [2026-06-02T07:13:20.184+0000] {dagbag.py:588} INFO - Filling up the DagBag from /opt/airflow/dags/hourly_batch_lakehouse.py
[2026-06-02T07:13:21.179+0000] {processor.py:925} INFO - DAG(s) 'hourly_batch_lakehouse' retrieved from /opt/airflow/dags/hourly_batch_lakehouse.py
[2026-06-02T07:13:21.216+0000] {logging_mixin.py:190} INFO - [2026-06-02T07:13:21.215+0000] {dag.py:3239} INFO - Sync 1 DAGs
[2026-06-02T07:13:21.241+0000] {logging_mixin.py:190} INFO - [2026-06-02T07:13:21.241+0000] {dag.py:4180} INFO - Setting next_dagrun for hourly_batch_lakehouse to 2026-06-02 06:00:00+00:00, run_after=2026-06-02 07:00:00+00:00
[2026-06-02T07:13:21.268+0000] {processor.py:208} INFO - Processing /opt/airflow/dags/hourly_batch_lakehouse.py took 1.098 seconds
[2026-06-02T07:13:51.498+0000] {processor.py:186} INFO - Started process (PID=13896) to work on /opt/airflow/dags/hourly_batch_lakehouse.py
[2026-06-02T07:13:51.500+0000] {processor.py:914} INFO - Processing file /opt/airflow/dags/hourly_batch_lakehouse.py for tasks to queue
[2026-06-02T07:13:51.501+0000] {logging_mixin.py:190} INFO - [2026-06-02T07:13:51.501+0000] {dagbag.py:588} INFO - Filling up the DagBag from /opt/airflow/dags/hourly_batch_lakehouse.py
[2026-06-02T07:13:52.432+0000] {processor.py:925} INFO - DAG(s) 'hourly_batch_lakehouse' retrieved from /opt/airflow/dags/hourly_batch_lakehouse.py
[2026-06-02T07:13:52.462+0000] {logging_mixin.py:190} INFO - [2026-06-02T07:13:52.461+0000] {dag.py:3239} INFO - Sync 1 DAGs
[2026-06-02T07:13:52.490+0000] {logging_mixin.py:190} INFO - [2026-06-02T07:13:52.490+0000] {dag.py:4180} INFO - Setting next_dagrun for hourly_batch_lakehouse to 2026-06-02 06:00:00+00:00, run_after=2026-06-02 07:00:00+00:00
[2026-06-02T07:13:52.514+0000] {processor.py:208} INFO - Processing /opt/airflow/dags/hourly_batch_lakehouse.py took 1.029 seconds
[2026-06-02T07:14:23.066+0000] {processor.py:186} INFO - Started process (PID=14031) to work on /opt/airflow/dags/hourly_batch_lakehouse.py
[2026-06-02T07:14:23.068+0000] {processor.py:914} INFO - Processing file /opt/airflow/dags/hourly_batch_lakehouse.py for tasks to queue
[2026-06-02T07:14:23.071+0000] {logging_mixin.py:190} INFO - [2026-06-02T07:14:23.071+0000] {dagbag.py:588} INFO - Filling up the DagBag from /opt/airflow/dags/hourly_batch_lakehouse.py
[2026-06-02T07:14:23.962+0000] {processor.py:925} INFO - DAG(s) 'hourly_batch_lakehouse' retrieved from /opt/airflow/dags/hourly_batch_lakehouse.py
[2026-06-02T07:14:23.990+0000] {logging_mixin.py:190} INFO - [2026-06-02T07:14:23.990+0000] {dag.py:3239} INFO - Sync 1 DAGs
[2026-06-02T07:14:24.019+0000] {logging_mixin.py:190} INFO - [2026-06-02T07:14:24.019+0000] {dag.py:4180} INFO - Setting next_dagrun for hourly_batch_lakehouse to 2026-06-02 06:00:00+00:00, run_after=2026-06-02 07:00:00+00:00
[2026-06-02T07:14:24.043+0000] {processor.py:208} INFO - Processing /opt/airflow/dags/hourly_batch_lakehouse.py took 0.987 seconds
[2026-06-02T07:14:54.401+0000] {processor.py:186} INFO - Started process (PID=14166) to work on /opt/airflow/dags/hourly_batch_lakehouse.py
[2026-06-02T07:14:54.404+0000] {processor.py:914} INFO - Processing file /opt/airflow/dags/hourly_batch_lakehouse.py for tasks to queue
[2026-06-02T07:14:54.408+0000] {logging_mixin.py:190} INFO - [2026-06-02T07:14:54.408+0000] {dagbag.py:588} INFO - Filling up the DagBag from /opt/airflow/dags/hourly_batch_lakehouse.py
[2026-06-02T07:14:55.391+0000] {processor.py:925} INFO - DAG(s) 'hourly_batch_lakehouse' retrieved from /opt/airflow/dags/hourly_batch_lakehouse.py
[2026-06-02T07:14:55.419+0000] {logging_mixin.py:190} INFO - [2026-06-02T07:14:55.418+0000] {dag.py:3239} INFO - Sync 1 DAGs
[2026-06-02T07:14:55.444+0000] {logging_mixin.py:190} INFO - [2026-06-02T07:14:55.444+0000] {dag.py:4180} INFO - Setting next_dagrun for hourly_batch_lakehouse to 2026-06-02 06:00:00+00:00, run_after=2026-06-02 07:00:00+00:00
[2026-06-02T07:14:55.466+0000] {processor.py:208} INFO - Processing /opt/airflow/dags/hourly_batch_lakehouse.py took 1.081 seconds
[2026-06-02T07:15:25.914+0000] {processor.py:186} INFO - Started process (PID=14300) to work on /opt/airflow/dags/hourly_batch_lakehouse.py
[2026-06-02T07:15:25.916+0000] {processor.py:914} INFO - Processing file /opt/airflow/dags/hourly_batch_lakehouse.py for tasks to queue
[2026-06-02T07:15:25.921+0000] {logging_mixin.py:190} INFO - [2026-06-02T07:15:25.921+0000] {dagbag.py:588} INFO - Filling up the DagBag from /opt/airflow/dags/hourly_batch_lakehouse.py
[2026-06-02T07:15:26.902+0000] {processor.py:925} INFO - DAG(s) 'hourly_batch_lakehouse' retrieved from /opt/airflow/dags/hourly_batch_lakehouse.py
[2026-06-02T07:15:26.936+0000] {logging_mixin.py:190} INFO - [2026-06-02T07:15:26.936+0000] {dag.py:3239} INFO - Sync 1 DAGs
[2026-06-02T07:15:26.963+0000] {logging_mixin.py:190} INFO - [2026-06-02T07:15:26.963+0000] {dag.py:4180} INFO - Setting next_dagrun for hourly_batch_lakehouse to 2026-06-02 06:00:00+00:00, run_after=2026-06-02 07:00:00+00:00
[2026-06-02T07:15:26.984+0000] {processor.py:208} INFO - Processing /opt/airflow/dags/hourly_batch_lakehouse.py took 1.080 seconds
[2026-06-02T07:15:57.337+0000] {processor.py:186} INFO - Started process (PID=14427) to work on /opt/airflow/dags/hourly_batch_lakehouse.py
[2026-06-02T07:15:57.339+0000] {processor.py:914} INFO - Processing file /opt/airflow/dags/hourly_batch_lakehouse.py for tasks to queue
[2026-06-02T07:15:57.343+0000] {logging_mixin.py:190} INFO - [2026-06-02T07:15:57.342+0000] {dagbag.py:588} INFO - Filling up the DagBag from /opt/airflow/dags/hourly_batch_lakehouse.py
[2026-06-02T07:15:58.232+0000] {processor.py:925} INFO - DAG(s) 'hourly_batch_lakehouse' retrieved from /opt/airflow/dags/hourly_batch_lakehouse.py
[2026-06-02T07:15:58.263+0000] {logging_mixin.py:190} INFO - [2026-06-02T07:15:58.263+0000] {dag.py:3239} INFO - Sync 1 DAGs
[2026-06-02T07:15:58.294+0000] {logging_mixin.py:190} INFO - [2026-06-02T07:15:58.293+0000] {dag.py:4180} INFO - Setting next_dagrun for hourly_batch_lakehouse to 2026-06-02 06:00:00+00:00, run_after=2026-06-02 07:00:00+00:00
[2026-06-02T07:15:58.326+0000] {processor.py:208} INFO - Processing /opt/airflow/dags/hourly_batch_lakehouse.py took 0.999 seconds
[2026-06-02T07:16:28.788+0000] {processor.py:186} INFO - Started process (PID=14562) to work on /opt/airflow/dags/hourly_batch_lakehouse.py
[2026-06-02T07:16:28.790+0000] {processor.py:914} INFO - Processing file /opt/airflow/dags/hourly_batch_lakehouse.py for tasks to queue
[2026-06-02T07:16:28.794+0000] {logging_mixin.py:190} INFO - [2026-06-02T07:16:28.793+0000] {dagbag.py:588} INFO - Filling up the DagBag from /opt/airflow/dags/hourly_batch_lakehouse.py
[2026-06-02T07:16:29.730+0000] {processor.py:925} INFO - DAG(s) 'hourly_batch_lakehouse' retrieved from /opt/airflow/dags/hourly_batch_lakehouse.py
[2026-06-02T07:16:29.761+0000] {logging_mixin.py:190} INFO - [2026-06-02T07:16:29.761+0000] {dag.py:3239} INFO - Sync 1 DAGs
[2026-06-02T07:16:29.792+0000] {logging_mixin.py:190} INFO - [2026-06-02T07:16:29.791+0000] {dag.py:4180} INFO - Setting next_dagrun for hourly_batch_lakehouse to 2026-06-02 06:00:00+00:00, run_after=2026-06-02 07:00:00+00:00
[2026-06-02T07:16:29.815+0000] {processor.py:208} INFO - Processing /opt/airflow/dags/hourly_batch_lakehouse.py took 1.037 seconds
[2026-06-02T07:17:00.264+0000] {processor.py:186} INFO - Started process (PID=14697) to work on /opt/airflow/dags/hourly_batch_lakehouse.py
[2026-06-02T07:17:00.265+0000] {processor.py:914} INFO - Processing file /opt/airflow/dags/hourly_batch_lakehouse.py for tasks to queue
[2026-06-02T07:17:00.268+0000] {logging_mixin.py:190} INFO - [2026-06-02T07:17:00.268+0000] {dagbag.py:588} INFO - Filling up the DagBag from /opt/airflow/dags/hourly_batch_lakehouse.py
[2026-06-02T07:17:01.255+0000] {processor.py:925} INFO - DAG(s) 'hourly_batch_lakehouse' retrieved from /opt/airflow/dags/hourly_batch_lakehouse.py
[2026-06-02T07:17:01.287+0000] {logging_mixin.py:190} INFO - [2026-06-02T07:17:01.287+0000] {dag.py:3239} INFO - Sync 1 DAGs
[2026-06-02T07:17:01.314+0000] {logging_mixin.py:190} INFO - [2026-06-02T07:17:01.314+0000] {dag.py:4180} INFO - Setting next_dagrun for hourly_batch_lakehouse to 2026-06-02 06:00:00+00:00, run_after=2026-06-02 07:00:00+00:00
[2026-06-02T07:17:01.337+0000] {processor.py:208} INFO - Processing /opt/airflow/dags/hourly_batch_lakehouse.py took 1.083 seconds
[2026-06-02T07:17:31.800+0000] {processor.py:186} INFO - Started process (PID=14832) to work on /opt/airflow/dags/hourly_batch_lakehouse.py
[2026-06-02T07:17:31.802+0000] {processor.py:914} INFO - Processing file /opt/airflow/dags/hourly_batch_lakehouse.py for tasks to queue
[2026-06-02T07:17:31.805+0000] {logging_mixin.py:190} INFO - [2026-06-02T07:17:31.805+0000] {dagbag.py:588} INFO - Filling up the DagBag from /opt/airflow/dags/hourly_batch_lakehouse.py
[2026-06-02T07:17:32.862+0000] {processor.py:925} INFO - DAG(s) 'hourly_batch_lakehouse' retrieved from /opt/airflow/dags/hourly_batch_lakehouse.py
[2026-06-02T07:17:32.892+0000] {logging_mixin.py:190} INFO - [2026-06-02T07:17:32.891+0000] {dag.py:3239} INFO - Sync 1 DAGs
[2026-06-02T07:17:32.920+0000] {logging_mixin.py:190} INFO - [2026-06-02T07:17:32.920+0000] {dag.py:4180} INFO - Setting next_dagrun for hourly_batch_lakehouse to 2026-06-02 06:00:00+00:00, run_after=2026-06-02 07:00:00+00:00
[2026-06-02T07:17:32.947+0000] {processor.py:208} INFO - Processing /opt/airflow/dags/hourly_batch_lakehouse.py took 1.157 seconds
[2026-06-02T07:18:03.243+0000] {processor.py:186} INFO - Started process (PID=14967) to work on /opt/airflow/dags/hourly_batch_lakehouse.py
[2026-06-02T07:18:03.245+0000] {processor.py:914} INFO - Processing file /opt/airflow/dags/hourly_batch_lakehouse.py for tasks to queue
[2026-06-02T07:18:03.250+0000] {logging_mixin.py:190} INFO - [2026-06-02T07:18:03.249+0000] {dagbag.py:588} INFO - Filling up the DagBag from /opt/airflow/dags/hourly_batch_lakehouse.py
[2026-06-02T07:18:04.181+0000] {processor.py:925} INFO - DAG(s) 'hourly_batch_lakehouse' retrieved from /opt/airflow/dags/hourly_batch_lakehouse.py
[2026-06-02T07:18:04.209+0000] {logging_mixin.py:190} INFO - [2026-06-02T07:18:04.208+0000] {dag.py:3239} INFO - Sync 1 DAGs
[2026-06-02T07:18:04.233+0000] {logging_mixin.py:190} INFO - [2026-06-02T07:18:04.233+0000] {dag.py:4180} INFO - Setting next_dagrun for hourly_batch_lakehouse to 2026-06-02 06:00:00+00:00, run_after=2026-06-02 07:00:00+00:00
[2026-06-02T07:18:04.257+0000] {processor.py:208} INFO - Processing /opt/airflow/dags/hourly_batch_lakehouse.py took 1.025 seconds
[2026-06-02T07:18:34.594+0000] {processor.py:186} INFO - Started process (PID=15102) to work on /opt/airflow/dags/hourly_batch_lakehouse.py
[2026-06-02T07:18:34.596+0000] {processor.py:914} INFO - Processing file /opt/airflow/dags/hourly_batch_lakehouse.py for tasks to queue
[2026-06-02T07:18:34.601+0000] {logging_mixin.py:190} INFO - [2026-06-02T07:18:34.600+0000] {dagbag.py:588} INFO - Filling up the DagBag from /opt/airflow/dags/hourly_batch_lakehouse.py
[2026-06-02T07:18:35.492+0000] {processor.py:925} INFO - DAG(s) 'hourly_batch_lakehouse' retrieved from /opt/airflow/dags/hourly_batch_lakehouse.py
[2026-06-02T07:18:35.522+0000] {logging_mixin.py:190} INFO - [2026-06-02T07:18:35.522+0000] {dag.py:3239} INFO - Sync 1 DAGs
[2026-06-02T07:18:35.547+0000] {logging_mixin.py:190} INFO - [2026-06-02T07:18:35.547+0000] {dag.py:4180} INFO - Setting next_dagrun for hourly_batch_lakehouse to 2026-06-02 06:00:00+00:00, run_after=2026-06-02 07:00:00+00:00
[2026-06-02T07:18:35.579+0000] {processor.py:208} INFO - Processing /opt/airflow/dags/hourly_batch_lakehouse.py took 0.995 seconds
[2026-06-02T07:19:05.934+0000] {processor.py:186} INFO - Started process (PID=15237) to work on /opt/airflow/dags/hourly_batch_lakehouse.py
[2026-06-02T07:19:05.936+0000] {processor.py:914} INFO - Processing file /opt/airflow/dags/hourly_batch_lakehouse.py for tasks to queue
[2026-06-02T07:19:05.940+0000] {logging_mixin.py:190} INFO - [2026-06-02T07:19:05.940+0000] {dagbag.py:588} INFO - Filling up the DagBag from /opt/airflow/dags/hourly_batch_lakehouse.py
[2026-06-02T07:19:06.872+0000] {processor.py:925} INFO - DAG(s) 'hourly_batch_lakehouse' retrieved from /opt/airflow/dags/hourly_batch_lakehouse.py
[2026-06-02T07:19:06.899+0000] {logging_mixin.py:190} INFO - [2026-06-02T07:19:06.899+0000] {dag.py:3239} INFO - Sync 1 DAGs
[2026-06-02T07:19:06.923+0000] {logging_mixin.py:190} INFO - [2026-06-02T07:19:06.922+0000] {dag.py:4180} INFO - Setting next_dagrun for hourly_batch_lakehouse to 2026-06-02 06:00:00+00:00, run_after=2026-06-02 07:00:00+00:00
[2026-06-02T07:19:06.945+0000] {processor.py:208} INFO - Processing /opt/airflow/dags/hourly_batch_lakehouse.py took 1.021 seconds
[2026-06-02T07:19:37.199+0000] {processor.py:186} INFO - Started process (PID=15372) to work on /opt/airflow/dags/hourly_batch_lakehouse.py
[2026-06-02T07:19:37.201+0000] {processor.py:914} INFO - Processing file /opt/airflow/dags/hourly_batch_lakehouse.py for tasks to queue
[2026-06-02T07:19:37.206+0000] {logging_mixin.py:190} INFO - [2026-06-02T07:19:37.205+0000] {dagbag.py:588} INFO - Filling up the DagBag from /opt/airflow/dags/hourly_batch_lakehouse.py
[2026-06-02T07:19:38.159+0000] {processor.py:925} INFO - DAG(s) 'hourly_batch_lakehouse' retrieved from /opt/airflow/dags/hourly_batch_lakehouse.py
[2026-06-02T07:19:38.187+0000] {logging_mixin.py:190} INFO - [2026-06-02T07:19:38.186+0000] {dag.py:3239} INFO - Sync 1 DAGs
[2026-06-02T07:19:38.211+0000] {logging_mixin.py:190} INFO - [2026-06-02T07:19:38.211+0000] {dag.py:4180} INFO - Setting next_dagrun for hourly_batch_lakehouse to 2026-06-02 06:00:00+00:00, run_after=2026-06-02 07:00:00+00:00
[2026-06-02T07:19:38.237+0000] {processor.py:208} INFO - Processing /opt/airflow/dags/hourly_batch_lakehouse.py took 1.047 seconds
[2026-06-02T07:20:08.521+0000] {processor.py:186} INFO - Started process (PID=15507) to work on /opt/airflow/dags/hourly_batch_lakehouse.py
[2026-06-02T07:20:08.522+0000] {processor.py:914} INFO - Processing file /opt/airflow/dags/hourly_batch_lakehouse.py for tasks to queue
[2026-06-02T07:20:08.526+0000] {logging_mixin.py:190} INFO - [2026-06-02T07:20:08.525+0000] {dagbag.py:588} INFO - Filling up the DagBag from /opt/airflow/dags/hourly_batch_lakehouse.py
[2026-06-02T07:20:09.449+0000] {processor.py:925} INFO - DAG(s) 'hourly_batch_lakehouse' retrieved from /opt/airflow/dags/hourly_batch_lakehouse.py
[2026-06-02T07:20:09.482+0000] {logging_mixin.py:190} INFO - [2026-06-02T07:20:09.481+0000] {dag.py:3239} INFO - Sync 1 DAGs
[2026-06-02T07:20:09.507+0000] {logging_mixin.py:190} INFO - [2026-06-02T07:20:09.507+0000] {dag.py:4180} INFO - Setting next_dagrun for hourly_batch_lakehouse to 2026-06-02 06:00:00+00:00, run_after=2026-06-02 07:00:00+00:00
[2026-06-02T07:20:09.530+0000] {processor.py:208} INFO - Processing /opt/airflow/dags/hourly_batch_lakehouse.py took 1.019 seconds
[2026-06-02T07:20:39.851+0000] {processor.py:186} INFO - Started process (PID=15642) to work on /opt/airflow/dags/hourly_batch_lakehouse.py
[2026-06-02T07:20:39.853+0000] {processor.py:914} INFO - Processing file /opt/airflow/dags/hourly_batch_lakehouse.py for tasks to queue
[2026-06-02T07:20:39.857+0000] {logging_mixin.py:190} INFO - [2026-06-02T07:20:39.857+0000] {dagbag.py:588} INFO - Filling up the DagBag from /opt/airflow/dags/hourly_batch_lakehouse.py
[2026-06-02T07:20:40.835+0000] {processor.py:925} INFO - DAG(s) 'hourly_batch_lakehouse' retrieved from /opt/airflow/dags/hourly_batch_lakehouse.py
[2026-06-02T07:20:40.870+0000] {logging_mixin.py:190} INFO - [2026-06-02T07:20:40.869+0000] {dag.py:3239} INFO - Sync 1 DAGs
[2026-06-02T07:20:40.899+0000] {logging_mixin.py:190} INFO - [2026-06-02T07:20:40.899+0000] {dag.py:4180} INFO - Setting next_dagrun for hourly_batch_lakehouse to 2026-06-02 06:00:00+00:00, run_after=2026-06-02 07:00:00+00:00
[2026-06-02T07:20:40.924+0000] {processor.py:208} INFO - Processing /opt/airflow/dags/hourly_batch_lakehouse.py took 1.082 seconds
[2026-06-02T07:21:11.188+0000] {processor.py:186} INFO - Started process (PID=15777) to work on /opt/airflow/dags/hourly_batch_lakehouse.py
[2026-06-02T07:21:11.190+0000] {processor.py:914} INFO - Processing file /opt/airflow/dags/hourly_batch_lakehouse.py for tasks to queue
[2026-06-02T07:21:11.197+0000] {logging_mixin.py:190} INFO - [2026-06-02T07:21:11.196+0000] {dagbag.py:588} INFO - Filling up the DagBag from /opt/airflow/dags/hourly_batch_lakehouse.py
[2026-06-02T07:21:12.199+0000] {processor.py:925} INFO - DAG(s) 'hourly_batch_lakehouse' retrieved from /opt/airflow/dags/hourly_batch_lakehouse.py
[2026-06-02T07:21:12.229+0000] {logging_mixin.py:190} INFO - [2026-06-02T07:21:12.228+0000] {dag.py:3239} INFO - Sync 1 DAGs
[2026-06-02T07:21:12.252+0000] {logging_mixin.py:190} INFO - [2026-06-02T07:21:12.252+0000] {dag.py:4180} INFO - Setting next_dagrun for hourly_batch_lakehouse to 2026-06-02 06:00:00+00:00, run_after=2026-06-02 07:00:00+00:00
[2026-06-02T07:21:12.273+0000] {processor.py:208} INFO - Processing /opt/airflow/dags/hourly_batch_lakehouse.py took 1.096 seconds
[2026-06-02T07:21:42.565+0000] {processor.py:186} INFO - Started process (PID=15912) to work on /opt/airflow/dags/hourly_batch_lakehouse.py
[2026-06-02T07:21:42.566+0000] {processor.py:914} INFO - Processing file /opt/airflow/dags/hourly_batch_lakehouse.py for tasks to queue
[2026-06-02T07:21:42.570+0000] {logging_mixin.py:190} INFO - [2026-06-02T07:21:42.570+0000] {dagbag.py:588} INFO - Filling up the DagBag from /opt/airflow/dags/hourly_batch_lakehouse.py
[2026-06-02T07:21:43.412+0000] {processor.py:925} INFO - DAG(s) 'hourly_batch_lakehouse' retrieved from /opt/airflow/dags/hourly_batch_lakehouse.py
[2026-06-02T07:21:43.444+0000] {logging_mixin.py:190} INFO - [2026-06-02T07:21:43.443+0000] {dag.py:3239} INFO - Sync 1 DAGs
[2026-06-02T07:21:43.476+0000] {logging_mixin.py:190} INFO - [2026-06-02T07:21:43.475+0000] {dag.py:4180} INFO - Setting next_dagrun for hourly_batch_lakehouse to 2026-06-02 06:00:00+00:00, run_after=2026-06-02 07:00:00+00:00
[2026-06-02T07:21:43.500+0000] {processor.py:208} INFO - Processing /opt/airflow/dags/hourly_batch_lakehouse.py took 0.946 seconds
[2026-06-02T07:22:13.869+0000] {processor.py:186} INFO - Started process (PID=16046) to work on /opt/airflow/dags/hourly_batch_lakehouse.py
[2026-06-02T07:22:13.871+0000] {processor.py:914} INFO - Processing file /opt/airflow/dags/hourly_batch_lakehouse.py for tasks to queue
[2026-06-02T07:22:13.876+0000] {logging_mixin.py:190} INFO - [2026-06-02T07:22:13.875+0000] {dagbag.py:588} INFO - Filling up the DagBag from /opt/airflow/dags/hourly_batch_lakehouse.py
[2026-06-02T07:22:14.853+0000] {processor.py:925} INFO - DAG(s) 'hourly_batch_lakehouse' retrieved from /opt/airflow/dags/hourly_batch_lakehouse.py
[2026-06-02T07:22:14.883+0000] {logging_mixin.py:190} INFO - [2026-06-02T07:22:14.883+0000] {dag.py:3239} INFO - Sync 1 DAGs
[2026-06-02T07:22:14.911+0000] {logging_mixin.py:190} INFO - [2026-06-02T07:22:14.911+0000] {dag.py:4180} INFO - Setting next_dagrun for hourly_batch_lakehouse to 2026-06-02 06:00:00+00:00, run_after=2026-06-02 07:00:00+00:00
[2026-06-02T07:22:14.937+0000] {processor.py:208} INFO - Processing /opt/airflow/dags/hourly_batch_lakehouse.py took 1.081 seconds
[2026-06-02T07:22:45.248+0000] {processor.py:186} INFO - Started process (PID=16173) to work on /opt/airflow/dags/hourly_batch_lakehouse.py
[2026-06-02T07:22:45.250+0000] {processor.py:914} INFO - Processing file /opt/airflow/dags/hourly_batch_lakehouse.py for tasks to queue
[2026-06-02T07:22:45.254+0000] {logging_mixin.py:190} INFO - [2026-06-02T07:22:45.253+0000] {dagbag.py:588} INFO - Filling up the DagBag from /opt/airflow/dags/hourly_batch_lakehouse.py
[2026-06-02T07:22:46.225+0000] {processor.py:925} INFO - DAG(s) 'hourly_batch_lakehouse' retrieved from /opt/airflow/dags/hourly_batch_lakehouse.py
[2026-06-02T07:22:46.256+0000] {logging_mixin.py:190} INFO - [2026-06-02T07:22:46.256+0000] {dag.py:3239} INFO - Sync 1 DAGs
[2026-06-02T07:22:46.284+0000] {logging_mixin.py:190} INFO - [2026-06-02T07:22:46.284+0000] {dag.py:4180} INFO - Setting next_dagrun for hourly_batch_lakehouse to 2026-06-02 06:00:00+00:00, run_after=2026-06-02 07:00:00+00:00
[2026-06-02T07:22:46.312+0000] {processor.py:208} INFO - Processing /opt/airflow/dags/hourly_batch_lakehouse.py took 1.073 seconds
[2026-06-02T07:23:16.695+0000] {processor.py:186} INFO - Started process (PID=16308) to work on /opt/airflow/dags/hourly_batch_lakehouse.py
[2026-06-02T07:23:16.696+0000] {processor.py:914} INFO - Processing file /opt/airflow/dags/hourly_batch_lakehouse.py for tasks to queue
[2026-06-02T07:23:16.700+0000] {logging_mixin.py:190} INFO - [2026-06-02T07:23:16.700+0000] {dagbag.py:588} INFO - Filling up the DagBag from /opt/airflow/dags/hourly_batch_lakehouse.py
[2026-06-02T07:23:17.651+0000] {processor.py:925} INFO - DAG(s) 'hourly_batch_lakehouse' retrieved from /opt/airflow/dags/hourly_batch_lakehouse.py
[2026-06-02T07:23:17.685+0000] {logging_mixin.py:190} INFO - [2026-06-02T07:23:17.685+0000] {dag.py:3239} INFO - Sync 1 DAGs
[2026-06-02T07:23:17.717+0000] {logging_mixin.py:190} INFO - [2026-06-02T07:23:17.717+0000] {dag.py:4180} INFO - Setting next_dagrun for hourly_batch_lakehouse to 2026-06-02 06:00:00+00:00, run_after=2026-06-02 07:00:00+00:00
[2026-06-02T07:23:17.740+0000] {processor.py:208} INFO - Processing /opt/airflow/dags/hourly_batch_lakehouse.py took 1.056 seconds
[2026-06-02T07:23:48.197+0000] {processor.py:186} INFO - Started process (PID=16443) to work on /opt/airflow/dags/hourly_batch_lakehouse.py
[2026-06-02T07:23:48.198+0000] {processor.py:914} INFO - Processing file /opt/airflow/dags/hourly_batch_lakehouse.py for tasks to queue
[2026-06-02T07:23:48.201+0000] {logging_mixin.py:190} INFO - [2026-06-02T07:23:48.201+0000] {dagbag.py:588} INFO - Filling up the DagBag from /opt/airflow/dags/hourly_batch_lakehouse.py
[2026-06-02T07:23:49.210+0000] {processor.py:925} INFO - DAG(s) 'hourly_batch_lakehouse' retrieved from /opt/airflow/dags/hourly_batch_lakehouse.py
[2026-06-02T07:23:49.241+0000] {logging_mixin.py:190} INFO - [2026-06-02T07:23:49.240+0000] {dag.py:3239} INFO - Sync 1 DAGs
[2026-06-02T07:23:49.269+0000] {logging_mixin.py:190} INFO - [2026-06-02T07:23:49.269+0000] {dag.py:4180} INFO - Setting next_dagrun for hourly_batch_lakehouse to 2026-06-02 06:00:00+00:00, run_after=2026-06-02 07:00:00+00:00
[2026-06-02T07:23:49.291+0000] {processor.py:208} INFO - Processing /opt/airflow/dags/hourly_batch_lakehouse.py took 1.104 seconds
[2026-06-02T07:24:19.532+0000] {processor.py:186} INFO - Started process (PID=16578) to work on /opt/airflow/dags/hourly_batch_lakehouse.py
[2026-06-02T07:24:19.535+0000] {processor.py:914} INFO - Processing file /opt/airflow/dags/hourly_batch_lakehouse.py for tasks to queue
[2026-06-02T07:24:19.539+0000] {logging_mixin.py:190} INFO - [2026-06-02T07:24:19.539+0000] {dagbag.py:588} INFO - Filling up the DagBag from /opt/airflow/dags/hourly_batch_lakehouse.py
[2026-06-02T07:24:20.520+0000] {processor.py:925} INFO - DAG(s) 'hourly_batch_lakehouse' retrieved from /opt/airflow/dags/hourly_batch_lakehouse.py
[2026-06-02T07:24:20.562+0000] {logging_mixin.py:190} INFO - [2026-06-02T07:24:20.561+0000] {dag.py:3239} INFO - Sync 1 DAGs
[2026-06-02T07:24:20.596+0000] {logging_mixin.py:190} INFO - [2026-06-02T07:24:20.595+0000] {dag.py:4180} INFO - Setting next_dagrun for hourly_batch_lakehouse to 2026-06-02 06:00:00+00:00, run_after=2026-06-02 07:00:00+00:00
[2026-06-02T07:24:20.625+0000] {processor.py:208} INFO - Processing /opt/airflow/dags/hourly_batch_lakehouse.py took 1.102 seconds
[2026-06-02T07:24:50.945+0000] {processor.py:186} INFO - Started process (PID=16713) to work on /opt/airflow/dags/hourly_batch_lakehouse.py
[2026-06-02T07:24:50.947+0000] {processor.py:914} INFO - Processing file /opt/airflow/dags/hourly_batch_lakehouse.py for tasks to queue
[2026-06-02T07:24:50.951+0000] {logging_mixin.py:190} INFO - [2026-06-02T07:24:50.950+0000] {dagbag.py:588} INFO - Filling up the DagBag from /opt/airflow/dags/hourly_batch_lakehouse.py
[2026-06-02T07:24:51.984+0000] {processor.py:925} INFO - DAG(s) 'hourly_batch_lakehouse' retrieved from /opt/airflow/dags/hourly_batch_lakehouse.py
[2026-06-02T07:24:52.015+0000] {logging_mixin.py:190} INFO - [2026-06-02T07:24:52.015+0000] {dag.py:3239} INFO - Sync 1 DAGs
[2026-06-02T07:24:52.044+0000] {logging_mixin.py:190} INFO - [2026-06-02T07:24:52.043+0000] {dag.py:4180} INFO - Setting next_dagrun for hourly_batch_lakehouse to 2026-06-02 06:00:00+00:00, run_after=2026-06-02 07:00:00+00:00
[2026-06-02T07:24:52.071+0000] {processor.py:208} INFO - Processing /opt/airflow/dags/hourly_batch_lakehouse.py took 1.138 seconds
[2026-06-02T07:25:22.330+0000] {processor.py:186} INFO - Started process (PID=16848) to work on /opt/airflow/dags/hourly_batch_lakehouse.py
[2026-06-02T07:25:22.332+0000] {processor.py:914} INFO - Processing file /opt/airflow/dags/hourly_batch_lakehouse.py for tasks to queue
[2026-06-02T07:25:22.335+0000] {logging_mixin.py:190} INFO - [2026-06-02T07:25:22.335+0000] {dagbag.py:588} INFO - Filling up the DagBag from /opt/airflow/dags/hourly_batch_lakehouse.py
[2026-06-02T07:25:23.235+0000] {processor.py:925} INFO - DAG(s) 'hourly_batch_lakehouse' retrieved from /opt/airflow/dags/hourly_batch_lakehouse.py
[2026-06-02T07:25:23.265+0000] {logging_mixin.py:190} INFO - [2026-06-02T07:25:23.265+0000] {dag.py:3239} INFO - Sync 1 DAGs
[2026-06-02T07:25:23.291+0000] {logging_mixin.py:190} INFO - [2026-06-02T07:25:23.291+0000] {dag.py:4180} INFO - Setting next_dagrun for hourly_batch_lakehouse to 2026-06-02 06:00:00+00:00, run_after=2026-06-02 07:00:00+00:00
[2026-06-02T07:25:23.317+0000] {processor.py:208} INFO - Processing /opt/airflow/dags/hourly_batch_lakehouse.py took 0.997 seconds
[2026-06-02T07:25:53.852+0000] {processor.py:186} INFO - Started process (PID=16983) to work on /opt/airflow/dags/hourly_batch_lakehouse.py
[2026-06-02T07:25:53.853+0000] {processor.py:914} INFO - Processing file /opt/airflow/dags/hourly_batch_lakehouse.py for tasks to queue
[2026-06-02T07:25:53.857+0000] {logging_mixin.py:190} INFO - [2026-06-02T07:25:53.856+0000] {dagbag.py:588} INFO - Filling up the DagBag from /opt/airflow/dags/hourly_batch_lakehouse.py
[2026-06-02T07:25:54.930+0000] {processor.py:925} INFO - DAG(s) 'hourly_batch_lakehouse' retrieved from /opt/airflow/dags/hourly_batch_lakehouse.py
[2026-06-02T07:25:54.967+0000] {logging_mixin.py:190} INFO - [2026-06-02T07:25:54.966+0000] {dag.py:3239} INFO - Sync 1 DAGs
[2026-06-02T07:25:54.999+0000] {logging_mixin.py:190} INFO - [2026-06-02T07:25:54.999+0000] {dag.py:4180} INFO - Setting next_dagrun for hourly_batch_lakehouse to 2026-06-02 06:00:00+00:00, run_after=2026-06-02 07:00:00+00:00
[2026-06-02T07:25:55.029+0000] {processor.py:208} INFO - Processing /opt/airflow/dags/hourly_batch_lakehouse.py took 1.186 seconds
[2026-06-02T07:26:25.278+0000] {processor.py:186} INFO - Started process (PID=17118) to work on /opt/airflow/dags/hourly_batch_lakehouse.py
[2026-06-02T07:26:25.279+0000] {processor.py:914} INFO - Processing file /opt/airflow/dags/hourly_batch_lakehouse.py for tasks to queue
[2026-06-02T07:26:25.285+0000] {logging_mixin.py:190} INFO - [2026-06-02T07:26:25.284+0000] {dagbag.py:588} INFO - Filling up the DagBag from /opt/airflow/dags/hourly_batch_lakehouse.py
[2026-06-02T07:26:26.131+0000] {processor.py:925} INFO - DAG(s) 'hourly_batch_lakehouse' retrieved from /opt/airflow/dags/hourly_batch_lakehouse.py
[2026-06-02T07:26:26.161+0000] {logging_mixin.py:190} INFO - [2026-06-02T07:26:26.161+0000] {dag.py:3239} INFO - Sync 1 DAGs
[2026-06-02T07:26:26.188+0000] {logging_mixin.py:190} INFO - [2026-06-02T07:26:26.188+0000] {dag.py:4180} INFO - Setting next_dagrun for hourly_batch_lakehouse to 2026-06-02 06:00:00+00:00, run_after=2026-06-02 07:00:00+00:00
[2026-06-02T07:26:26.421+0000] {processor.py:208} INFO - Processing /opt/airflow/dags/hourly_batch_lakehouse.py took 1.152 seconds
[2026-06-02T07:26:56.708+0000] {processor.py:186} INFO - Started process (PID=17253) to work on /opt/airflow/dags/hourly_batch_lakehouse.py
[2026-06-02T07:26:56.711+0000] {processor.py:914} INFO - Processing file /opt/airflow/dags/hourly_batch_lakehouse.py for tasks to queue
[2026-06-02T07:26:56.718+0000] {logging_mixin.py:190} INFO - [2026-06-02T07:26:56.717+0000] {dagbag.py:588} INFO - Filling up the DagBag from /opt/airflow/dags/hourly_batch_lakehouse.py
[2026-06-02T07:26:57.689+0000] {processor.py:925} INFO - DAG(s) 'hourly_batch_lakehouse' retrieved from /opt/airflow/dags/hourly_batch_lakehouse.py
[2026-06-02T07:26:57.723+0000] {logging_mixin.py:190} INFO - [2026-06-02T07:26:57.722+0000] {dag.py:3239} INFO - Sync 1 DAGs
[2026-06-02T07:26:57.750+0000] {logging_mixin.py:190} INFO - [2026-06-02T07:26:57.750+0000] {dag.py:4180} INFO - Setting next_dagrun for hourly_batch_lakehouse to 2026-06-02 06:00:00+00:00, run_after=2026-06-02 07:00:00+00:00
[2026-06-02T07:26:57.771+0000] {processor.py:208} INFO - Processing /opt/airflow/dags/hourly_batch_lakehouse.py took 1.077 seconds
[2026-06-02T07:27:28.097+0000] {processor.py:186} INFO - Started process (PID=17388) to work on /opt/airflow/dags/hourly_batch_lakehouse.py
[2026-06-02T07:27:28.099+0000] {processor.py:914} INFO - Processing file /opt/airflow/dags/hourly_batch_lakehouse.py for tasks to queue
[2026-06-02T07:27:28.103+0000] {logging_mixin.py:190} INFO - [2026-06-02T07:27:28.102+0000] {dagbag.py:588} INFO - Filling up the DagBag from /opt/airflow/dags/hourly_batch_lakehouse.py
[2026-06-02T07:27:29.034+0000] {processor.py:925} INFO - DAG(s) 'hourly_batch_lakehouse' retrieved from /opt/airflow/dags/hourly_batch_lakehouse.py
[2026-06-02T07:27:29.067+0000] {logging_mixin.py:190} INFO - [2026-06-02T07:27:29.066+0000] {dag.py:3239} INFO - Sync 1 DAGs
[2026-06-02T07:27:29.094+0000] {logging_mixin.py:190} INFO - [2026-06-02T07:27:29.093+0000] {dag.py:4180} INFO - Setting next_dagrun for hourly_batch_lakehouse to 2026-06-02 06:00:00+00:00, run_after=2026-06-02 07:00:00+00:00
[2026-06-02T07:27:29.117+0000] {processor.py:208} INFO - Processing /opt/airflow/dags/hourly_batch_lakehouse.py took 1.030 seconds
[2026-06-02T07:27:59.503+0000] {processor.py:186} INFO - Started process (PID=17523) to work on /opt/airflow/dags/hourly_batch_lakehouse.py
[2026-06-02T07:27:59.505+0000] {processor.py:914} INFO - Processing file /opt/airflow/dags/hourly_batch_lakehouse.py for tasks to queue
[2026-06-02T07:27:59.508+0000] {logging_mixin.py:190} INFO - [2026-06-02T07:27:59.508+0000] {dagbag.py:588} INFO - Filling up the DagBag from /opt/airflow/dags/hourly_batch_lakehouse.py
[2026-06-02T07:28:00.507+0000] {processor.py:925} INFO - DAG(s) 'hourly_batch_lakehouse' retrieved from /opt/airflow/dags/hourly_batch_lakehouse.py
[2026-06-02T07:28:00.541+0000] {logging_mixin.py:190} INFO - [2026-06-02T07:28:00.540+0000] {dag.py:3239} INFO - Sync 1 DAGs
[2026-06-02T07:28:00.567+0000] {logging_mixin.py:190} INFO - [2026-06-02T07:28:00.567+0000] {dag.py:4180} INFO - Setting next_dagrun for hourly_batch_lakehouse to 2026-06-02 06:00:00+00:00, run_after=2026-06-02 07:00:00+00:00
[2026-06-02T07:28:00.595+0000] {processor.py:208} INFO - Processing /opt/airflow/dags/hourly_batch_lakehouse.py took 1.102 seconds
[2026-06-02T07:28:30.993+0000] {processor.py:186} INFO - Started process (PID=17658) to work on /opt/airflow/dags/hourly_batch_lakehouse.py
[2026-06-02T07:28:30.996+0000] {processor.py:914} INFO - Processing file /opt/airflow/dags/hourly_batch_lakehouse.py for tasks to queue
[2026-06-02T07:28:31.000+0000] {logging_mixin.py:190} INFO - [2026-06-02T07:28:30.999+0000] {dagbag.py:588} INFO - Filling up the DagBag from /opt/airflow/dags/hourly_batch_lakehouse.py
[2026-06-02T07:28:31.956+0000] {processor.py:925} INFO - DAG(s) 'hourly_batch_lakehouse' retrieved from /opt/airflow/dags/hourly_batch_lakehouse.py
[2026-06-02T07:28:31.987+0000] {logging_mixin.py:190} INFO - [2026-06-02T07:28:31.987+0000] {dag.py:3239} INFO - Sync 1 DAGs
[2026-06-02T07:28:32.018+0000] {logging_mixin.py:190} INFO - [2026-06-02T07:28:32.018+0000] {dag.py:4180} INFO - Setting next_dagrun for hourly_batch_lakehouse to 2026-06-02 06:00:00+00:00, run_after=2026-06-02 07:00:00+00:00
[2026-06-02T07:28:32.048+0000] {processor.py:208} INFO - Processing /opt/airflow/dags/hourly_batch_lakehouse.py took 1.065 seconds
[2026-06-02T07:29:02.369+0000] {processor.py:186} INFO - Started process (PID=17793) to work on /opt/airflow/dags/hourly_batch_lakehouse.py
[2026-06-02T07:29:02.370+0000] {processor.py:914} INFO - Processing file /opt/airflow/dags/hourly_batch_lakehouse.py for tasks to queue
[2026-06-02T07:29:02.373+0000] {logging_mixin.py:190} INFO - [2026-06-02T07:29:02.373+0000] {dagbag.py:588} INFO - Filling up the DagBag from /opt/airflow/dags/hourly_batch_lakehouse.py
[2026-06-02T07:29:03.333+0000] {processor.py:925} INFO - DAG(s) 'hourly_batch_lakehouse' retrieved from /opt/airflow/dags/hourly_batch_lakehouse.py
[2026-06-02T07:29:03.367+0000] {logging_mixin.py:190} INFO - [2026-06-02T07:29:03.367+0000] {dag.py:3239} INFO - Sync 1 DAGs
[2026-06-02T07:29:03.396+0000] {logging_mixin.py:190} INFO - [2026-06-02T07:29:03.396+0000] {dag.py:4180} INFO - Setting next_dagrun for hourly_batch_lakehouse to 2026-06-02 06:00:00+00:00, run_after=2026-06-02 07:00:00+00:00
[2026-06-02T07:29:03.420+0000] {processor.py:208} INFO - Processing /opt/airflow/dags/hourly_batch_lakehouse.py took 1.060 seconds
[2026-06-02T07:29:33.930+0000] {processor.py:186} INFO - Started process (PID=17927) to work on /opt/airflow/dags/hourly_batch_lakehouse.py
[2026-06-02T07:29:33.932+0000] {processor.py:914} INFO - Processing file /opt/airflow/dags/hourly_batch_lakehouse.py for tasks to queue
[2026-06-02T07:29:33.936+0000] {logging_mixin.py:190} INFO - [2026-06-02T07:29:33.935+0000] {dagbag.py:588} INFO - Filling up the DagBag from /opt/airflow/dags/hourly_batch_lakehouse.py
[2026-06-02T07:29:34.990+0000] {processor.py:925} INFO - DAG(s) 'hourly_batch_lakehouse' retrieved from /opt/airflow/dags/hourly_batch_lakehouse.py
[2026-06-02T07:29:35.022+0000] {logging_mixin.py:190} INFO - [2026-06-02T07:29:35.021+0000] {dag.py:3239} INFO - Sync 1 DAGs
[2026-06-02T07:29:35.049+0000] {logging_mixin.py:190} INFO - [2026-06-02T07:29:35.049+0000] {dag.py:4180} INFO - Setting next_dagrun for hourly_batch_lakehouse to 2026-06-02 06:00:00+00:00, run_after=2026-06-02 07:00:00+00:00
[2026-06-02T07:29:35.073+0000] {processor.py:208} INFO - Processing /opt/airflow/dags/hourly_batch_lakehouse.py took 1.157 seconds
[2026-06-02T07:30:05.268+0000] {processor.py:186} INFO - Started process (PID=18054) to work on /opt/airflow/dags/hourly_batch_lakehouse.py
[2026-06-02T07:30:05.269+0000] {processor.py:914} INFO - Processing file /opt/airflow/dags/hourly_batch_lakehouse.py for tasks to queue
[2026-06-02T07:30:05.273+0000] {logging_mixin.py:190} INFO - [2026-06-02T07:30:05.273+0000] {dagbag.py:588} INFO - Filling up the DagBag from /opt/airflow/dags/hourly_batch_lakehouse.py
[2026-06-02T07:30:06.248+0000] {processor.py:925} INFO - DAG(s) 'hourly_batch_lakehouse' retrieved from /opt/airflow/dags/hourly_batch_lakehouse.py
[2026-06-02T07:30:06.280+0000] {logging_mixin.py:190} INFO - [2026-06-02T07:30:06.279+0000] {dag.py:3239} INFO - Sync 1 DAGs
[2026-06-02T07:30:06.306+0000] {logging_mixin.py:190} INFO - [2026-06-02T07:30:06.306+0000] {dag.py:4180} INFO - Setting next_dagrun for hourly_batch_lakehouse to 2026-06-02 06:00:00+00:00, run_after=2026-06-02 07:00:00+00:00
[2026-06-02T07:30:06.331+0000] {processor.py:208} INFO - Processing /opt/airflow/dags/hourly_batch_lakehouse.py took 1.072 seconds
[2026-06-02T07:30:36.741+0000] {processor.py:186} INFO - Started process (PID=18189) to work on /opt/airflow/dags/hourly_batch_lakehouse.py
[2026-06-02T07:30:36.742+0000] {processor.py:914} INFO - Processing file /opt/airflow/dags/hourly_batch_lakehouse.py for tasks to queue
[2026-06-02T07:30:36.746+0000] {logging_mixin.py:190} INFO - [2026-06-02T07:30:36.745+0000] {dagbag.py:588} INFO - Filling up the DagBag from /opt/airflow/dags/hourly_batch_lakehouse.py
[2026-06-02T07:30:37.713+0000] {processor.py:925} INFO - DAG(s) 'hourly_batch_lakehouse' retrieved from /opt/airflow/dags/hourly_batch_lakehouse.py
[2026-06-02T07:30:37.743+0000] {logging_mixin.py:190} INFO - [2026-06-02T07:30:37.742+0000] {dag.py:3239} INFO - Sync 1 DAGs
[2026-06-02T07:30:37.774+0000] {logging_mixin.py:190} INFO - [2026-06-02T07:30:37.774+0000] {dag.py:4180} INFO - Setting next_dagrun for hourly_batch_lakehouse to 2026-06-02 06:00:00+00:00, run_after=2026-06-02 07:00:00+00:00
[2026-06-02T07:30:37.798+0000] {processor.py:208} INFO - Processing /opt/airflow/dags/hourly_batch_lakehouse.py took 1.068 seconds
[2026-06-02T07:31:08.364+0000] {processor.py:186} INFO - Started process (PID=18324) to work on /opt/airflow/dags/hourly_batch_lakehouse.py
[2026-06-02T07:31:08.365+0000] {processor.py:914} INFO - Processing file /opt/airflow/dags/hourly_batch_lakehouse.py for tasks to queue
[2026-06-02T07:31:08.369+0000] {logging_mixin.py:190} INFO - [2026-06-02T07:31:08.368+0000] {dagbag.py:588} INFO - Filling up the DagBag from /opt/airflow/dags/hourly_batch_lakehouse.py
[2026-06-02T07:31:09.382+0000] {processor.py:925} INFO - DAG(s) 'hourly_batch_lakehouse' retrieved from /opt/airflow/dags/hourly_batch_lakehouse.py
[2026-06-02T07:31:09.416+0000] {logging_mixin.py:190} INFO - [2026-06-02T07:31:09.415+0000] {dag.py:3239} INFO - Sync 1 DAGs
[2026-06-02T07:31:09.446+0000] {logging_mixin.py:190} INFO - [2026-06-02T07:31:09.446+0000] {dag.py:4180} INFO - Setting next_dagrun for hourly_batch_lakehouse to 2026-06-02 06:00:00+00:00, run_after=2026-06-02 07:00:00+00:00
[2026-06-02T07:31:09.473+0000] {processor.py:208} INFO - Processing /opt/airflow/dags/hourly_batch_lakehouse.py took 1.118 seconds
[2026-06-02T07:31:39.670+0000] {processor.py:186} INFO - Started process (PID=18459) to work on /opt/airflow/dags/hourly_batch_lakehouse.py
[2026-06-02T07:31:39.671+0000] {processor.py:914} INFO - Processing file /opt/airflow/dags/hourly_batch_lakehouse.py for tasks to queue
[2026-06-02T07:31:39.675+0000] {logging_mixin.py:190} INFO - [2026-06-02T07:31:39.674+0000] {dagbag.py:588} INFO - Filling up the DagBag from /opt/airflow/dags/hourly_batch_lakehouse.py
[2026-06-02T07:31:40.615+0000] {processor.py:925} INFO - DAG(s) 'hourly_batch_lakehouse' retrieved from /opt/airflow/dags/hourly_batch_lakehouse.py
[2026-06-02T07:31:40.648+0000] {logging_mixin.py:190} INFO - [2026-06-02T07:31:40.648+0000] {dag.py:3239} INFO - Sync 1 DAGs
[2026-06-02T07:31:40.676+0000] {logging_mixin.py:190} INFO - [2026-06-02T07:31:40.676+0000] {dag.py:4180} INFO - Setting next_dagrun for hourly_batch_lakehouse to 2026-06-02 06:00:00+00:00, run_after=2026-06-02 07:00:00+00:00
[2026-06-02T07:31:40.697+0000] {processor.py:208} INFO - Processing /opt/airflow/dags/hourly_batch_lakehouse.py took 1.036 seconds
[2026-06-02T07:32:11.068+0000] {processor.py:186} INFO - Started process (PID=18594) to work on /opt/airflow/dags/hourly_batch_lakehouse.py
[2026-06-02T07:32:11.069+0000] {processor.py:914} INFO - Processing file /opt/airflow/dags/hourly_batch_lakehouse.py for tasks to queue
[2026-06-02T07:32:11.073+0000] {logging_mixin.py:190} INFO - [2026-06-02T07:32:11.073+0000] {dagbag.py:588} INFO - Filling up the DagBag from /opt/airflow/dags/hourly_batch_lakehouse.py
[2026-06-02T07:32:12.057+0000] {processor.py:925} INFO - DAG(s) 'hourly_batch_lakehouse' retrieved from /opt/airflow/dags/hourly_batch_lakehouse.py
[2026-06-02T07:32:12.089+0000] {logging_mixin.py:190} INFO - [2026-06-02T07:32:12.089+0000] {dag.py:3239} INFO - Sync 1 DAGs
[2026-06-02T07:32:12.118+0000] {logging_mixin.py:190} INFO - [2026-06-02T07:32:12.117+0000] {dag.py:4180} INFO - Setting next_dagrun for hourly_batch_lakehouse to 2026-06-02 06:00:00+00:00, run_after=2026-06-02 07:00:00+00:00
[2026-06-02T07:32:12.142+0000] {processor.py:208} INFO - Processing /opt/airflow/dags/hourly_batch_lakehouse.py took 1.083 seconds
[2026-06-02T07:32:42.490+0000] {processor.py:186} INFO - Started process (PID=18729) to work on /opt/airflow/dags/hourly_batch_lakehouse.py
[2026-06-02T07:32:42.492+0000] {processor.py:914} INFO - Processing file /opt/airflow/dags/hourly_batch_lakehouse.py for tasks to queue
[2026-06-02T07:32:42.497+0000] {logging_mixin.py:190} INFO - [2026-06-02T07:32:42.496+0000] {dagbag.py:588} INFO - Filling up the DagBag from /opt/airflow/dags/hourly_batch_lakehouse.py
[2026-06-02T07:32:43.473+0000] {processor.py:925} INFO - DAG(s) 'hourly_batch_lakehouse' retrieved from /opt/airflow/dags/hourly_batch_lakehouse.py
[2026-06-02T07:32:43.505+0000] {logging_mixin.py:190} INFO - [2026-06-02T07:32:43.505+0000] {dag.py:3239} INFO - Sync 1 DAGs
[2026-06-02T07:32:43.531+0000] {logging_mixin.py:190} INFO - [2026-06-02T07:32:43.530+0000] {dag.py:4180} INFO - Setting next_dagrun for hourly_batch_lakehouse to 2026-06-02 06:00:00+00:00, run_after=2026-06-02 07:00:00+00:00
[2026-06-02T07:32:43.554+0000] {processor.py:208} INFO - Processing /opt/airflow/dags/hourly_batch_lakehouse.py took 1.073 seconds
[2026-06-02T07:33:13.906+0000] {processor.py:186} INFO - Started process (PID=18864) to work on /opt/airflow/dags/hourly_batch_lakehouse.py
[2026-06-02T07:33:13.907+0000] {processor.py:914} INFO - Processing file /opt/airflow/dags/hourly_batch_lakehouse.py for tasks to queue
[2026-06-02T07:33:13.912+0000] {logging_mixin.py:190} INFO - [2026-06-02T07:33:13.912+0000] {dagbag.py:588} INFO - Filling up the DagBag from /opt/airflow/dags/hourly_batch_lakehouse.py
[2026-06-02T07:33:14.931+0000] {processor.py:925} INFO - DAG(s) 'hourly_batch_lakehouse' retrieved from /opt/airflow/dags/hourly_batch_lakehouse.py
[2026-06-02T07:33:14.962+0000] {logging_mixin.py:190} INFO - [2026-06-02T07:33:14.961+0000] {dag.py:3239} INFO - Sync 1 DAGs
[2026-06-02T07:33:14.986+0000] {logging_mixin.py:190} INFO - [2026-06-02T07:33:14.986+0000] {dag.py:4180} INFO - Setting next_dagrun for hourly_batch_lakehouse to 2026-06-02 06:00:00+00:00, run_after=2026-06-02 07:00:00+00:00
[2026-06-02T07:33:15.010+0000] {processor.py:208} INFO - Processing /opt/airflow/dags/hourly_batch_lakehouse.py took 1.114 seconds
[2026-06-02T07:33:45.218+0000] {processor.py:186} INFO - Started process (PID=18999) to work on /opt/airflow/dags/hourly_batch_lakehouse.py
[2026-06-02T07:33:45.219+0000] {processor.py:914} INFO - Processing file /opt/airflow/dags/hourly_batch_lakehouse.py for tasks to queue
[2026-06-02T07:33:45.224+0000] {logging_mixin.py:190} INFO - [2026-06-02T07:33:45.223+0000] {dagbag.py:588} INFO - Filling up the DagBag from /opt/airflow/dags/hourly_batch_lakehouse.py
[2026-06-02T07:33:46.314+0000] {processor.py:925} INFO - DAG(s) 'hourly_batch_lakehouse' retrieved from /opt/airflow/dags/hourly_batch_lakehouse.py
[2026-06-02T07:33:46.350+0000] {logging_mixin.py:190} INFO - [2026-06-02T07:33:46.349+0000] {dag.py:3239} INFO - Sync 1 DAGs
[2026-06-02T07:33:46.376+0000] {logging_mixin.py:190} INFO - [2026-06-02T07:33:46.375+0000] {dag.py:4180} INFO - Setting next_dagrun for hourly_batch_lakehouse to 2026-06-02 06:00:00+00:00, run_after=2026-06-02 07:00:00+00:00
[2026-06-02T07:33:46.515+0000] {processor.py:208} INFO - Processing /opt/airflow/dags/hourly_batch_lakehouse.py took 1.308 seconds
[2026-06-02T07:34:16.918+0000] {processor.py:186} INFO - Started process (PID=19134) to work on /opt/airflow/dags/hourly_batch_lakehouse.py
[2026-06-02T07:34:16.920+0000] {processor.py:914} INFO - Processing file /opt/airflow/dags/hourly_batch_lakehouse.py for tasks to queue
[2026-06-02T07:34:16.924+0000] {logging_mixin.py:190} INFO - [2026-06-02T07:34:16.923+0000] {dagbag.py:588} INFO - Filling up the DagBag from /opt/airflow/dags/hourly_batch_lakehouse.py
[2026-06-02T07:34:18.379+0000] {processor.py:925} INFO - DAG(s) 'hourly_batch_lakehouse' retrieved from /opt/airflow/dags/hourly_batch_lakehouse.py
[2026-06-02T07:34:18.422+0000] {logging_mixin.py:190} INFO - [2026-06-02T07:34:18.421+0000] {dag.py:3239} INFO - Sync 1 DAGs
[2026-06-02T07:34:18.460+0000] {logging_mixin.py:190} INFO - [2026-06-02T07:34:18.460+0000] {dag.py:4180} INFO - Setting next_dagrun for hourly_batch_lakehouse to 2026-06-02 06:00:00+00:00, run_after=2026-06-02 07:00:00+00:00
[2026-06-02T07:34:18.505+0000] {processor.py:208} INFO - Processing /opt/airflow/dags/hourly_batch_lakehouse.py took 1.601 seconds
[2026-06-02T07:34:48.811+0000] {processor.py:186} INFO - Started process (PID=19269) to work on /opt/airflow/dags/hourly_batch_lakehouse.py
[2026-06-02T07:34:48.812+0000] {processor.py:914} INFO - Processing file /opt/airflow/dags/hourly_batch_lakehouse.py for tasks to queue
[2026-06-02T07:34:48.816+0000] {logging_mixin.py:190} INFO - [2026-06-02T07:34:48.816+0000] {dagbag.py:588} INFO - Filling up the DagBag from /opt/airflow/dags/hourly_batch_lakehouse.py
[2026-06-02T07:34:49.881+0000] {processor.py:925} INFO - DAG(s) 'hourly_batch_lakehouse' retrieved from /opt/airflow/dags/hourly_batch_lakehouse.py
[2026-06-02T07:34:49.910+0000] {logging_mixin.py:190} INFO - [2026-06-02T07:34:49.910+0000] {dag.py:3239} INFO - Sync 1 DAGs
[2026-06-02T07:34:49.938+0000] {logging_mixin.py:190} INFO - [2026-06-02T07:34:49.937+0000] {dag.py:4180} INFO - Setting next_dagrun for hourly_batch_lakehouse to 2026-06-02 06:00:00+00:00, run_after=2026-06-02 07:00:00+00:00
[2026-06-02T07:34:49.964+0000] {processor.py:208} INFO - Processing /opt/airflow/dags/hourly_batch_lakehouse.py took 1.164 seconds
[2026-06-02T07:35:20.251+0000] {processor.py:186} INFO - Started process (PID=19404) to work on /opt/airflow/dags/hourly_batch_lakehouse.py
[2026-06-02T07:35:20.253+0000] {processor.py:914} INFO - Processing file /opt/airflow/dags/hourly_batch_lakehouse.py for tasks to queue
[2026-06-02T07:35:20.258+0000] {logging_mixin.py:190} INFO - [2026-06-02T07:35:20.257+0000] {dagbag.py:588} INFO - Filling up the DagBag from /opt/airflow/dags/hourly_batch_lakehouse.py
[2026-06-02T07:35:21.242+0000] {processor.py:925} INFO - DAG(s) 'hourly_batch_lakehouse' retrieved from /opt/airflow/dags/hourly_batch_lakehouse.py
[2026-06-02T07:35:21.275+0000] {logging_mixin.py:190} INFO - [2026-06-02T07:35:21.274+0000] {dag.py:3239} INFO - Sync 1 DAGs
[2026-06-02T07:35:21.309+0000] {logging_mixin.py:190} INFO - [2026-06-02T07:35:21.309+0000] {dag.py:4180} INFO - Setting next_dagrun for hourly_batch_lakehouse to 2026-06-02 06:00:00+00:00, run_after=2026-06-02 07:00:00+00:00
[2026-06-02T07:35:21.336+0000] {processor.py:208} INFO - Processing /opt/airflow/dags/hourly_batch_lakehouse.py took 1.095 seconds
