[2026-06-02T06:04:00.240+0000] {processor.py:186} INFO - Started process (PID=275) to work on /opt/airflow/dags/kafka_topic_bootstrap.py
[2026-06-02T06:04:00.242+0000] {processor.py:914} INFO - Processing file /opt/airflow/dags/kafka_topic_bootstrap.py for tasks to queue
[2026-06-02T06:04:00.249+0000] {logging_mixin.py:190} INFO - [2026-06-02T06:04:00.249+0000] {dagbag.py:588} INFO - Filling up the DagBag from /opt/airflow/dags/kafka_topic_bootstrap.py
[2026-06-02T06:04:01.824+0000] {processor.py:925} INFO - DAG(s) 'kafka_topic_bootstrap' retrieved from /opt/airflow/dags/kafka_topic_bootstrap.py
[2026-06-02T06:04:02.057+0000] {logging_mixin.py:190} INFO - [2026-06-02T06:04:02.056+0000] {override.py:1912} INFO - Created Permission View: can delete on DAG:kafka_topic_bootstrap
[2026-06-02T06:04:02.081+0000] {logging_mixin.py:190} INFO - [2026-06-02T06:04:02.080+0000] {override.py:1912} INFO - Created Permission View: can read on DAG:kafka_topic_bootstrap
[2026-06-02T06:04:02.102+0000] {logging_mixin.py:190} INFO - [2026-06-02T06:04:02.101+0000] {override.py:1912} INFO - Created Permission View: can edit on DAG:kafka_topic_bootstrap
[2026-06-02T06:04:02.120+0000] {logging_mixin.py:190} INFO - [2026-06-02T06:04:02.119+0000] {override.py:1912} INFO - Created Permission View: can delete on DAG Run:kafka_topic_bootstrap
[2026-06-02T06:04:02.134+0000] {logging_mixin.py:190} INFO - [2026-06-02T06:04:02.134+0000] {override.py:1912} INFO - Created Permission View: menu access on DAG Run:kafka_topic_bootstrap
[2026-06-02T06:04:02.153+0000] {logging_mixin.py:190} INFO - [2026-06-02T06:04:02.153+0000] {override.py:1912} INFO - Created Permission View: can read on DAG Run:kafka_topic_bootstrap
[2026-06-02T06:04:02.169+0000] {logging_mixin.py:190} INFO - [2026-06-02T06:04:02.168+0000] {override.py:1912} INFO - Created Permission View: can create on DAG Run:kafka_topic_bootstrap
[2026-06-02T06:04:02.173+0000] {logging_mixin.py:190} INFO - [2026-06-02T06:04:02.172+0000] {dag.py:3239} INFO - Sync 1 DAGs
[2026-06-02T06:04:02.210+0000] {logging_mixin.py:190} INFO - [2026-06-02T06:04:02.209+0000] {dag.py:3262} INFO - Creating ORM DAG for kafka_topic_bootstrap
[2026-06-02T06:04:02.215+0000] {logging_mixin.py:190} INFO - [2026-06-02T06:04:02.214+0000] {dag.py:4180} INFO - Setting next_dagrun for kafka_topic_bootstrap to None, run_after=None
[2026-06-02T06:04:02.294+0000] {processor.py:208} INFO - Processing /opt/airflow/dags/kafka_topic_bootstrap.py took 2.068 seconds
[2026-06-02T06:04:32.708+0000] {processor.py:186} INFO - Started process (PID=412) to work on /opt/airflow/dags/kafka_topic_bootstrap.py
[2026-06-02T06:04:32.710+0000] {processor.py:914} INFO - Processing file /opt/airflow/dags/kafka_topic_bootstrap.py for tasks to queue
[2026-06-02T06:04:32.714+0000] {logging_mixin.py:190} INFO - [2026-06-02T06:04:32.713+0000] {dagbag.py:588} INFO - Filling up the DagBag from /opt/airflow/dags/kafka_topic_bootstrap.py
[2026-06-02T06:04:33.596+0000] {processor.py:925} INFO - DAG(s) 'kafka_topic_bootstrap' retrieved from /opt/airflow/dags/kafka_topic_bootstrap.py
[2026-06-02T06:04:33.629+0000] {logging_mixin.py:190} INFO - [2026-06-02T06:04:33.628+0000] {dag.py:3239} INFO - Sync 1 DAGs
[2026-06-02T06:04:33.648+0000] {logging_mixin.py:190} INFO - [2026-06-02T06:04:33.648+0000] {dag.py:4180} INFO - Setting next_dagrun for kafka_topic_bootstrap to None, run_after=None
[2026-06-02T06:04:33.676+0000] {processor.py:208} INFO - Processing /opt/airflow/dags/kafka_topic_bootstrap.py took 0.983 seconds
[2026-06-02T06:05:04.261+0000] {processor.py:186} INFO - Started process (PID=531) to work on /opt/airflow/dags/kafka_topic_bootstrap.py
[2026-06-02T06:05:04.264+0000] {processor.py:914} INFO - Processing file /opt/airflow/dags/kafka_topic_bootstrap.py for tasks to queue
[2026-06-02T06:05:04.269+0000] {logging_mixin.py:190} INFO - [2026-06-02T06:05:04.268+0000] {dagbag.py:588} INFO - Filling up the DagBag from /opt/airflow/dags/kafka_topic_bootstrap.py
[2026-06-02T06:05:05.450+0000] {processor.py:925} INFO - DAG(s) 'kafka_topic_bootstrap' retrieved from /opt/airflow/dags/kafka_topic_bootstrap.py
[2026-06-02T06:05:05.484+0000] {logging_mixin.py:190} INFO - [2026-06-02T06:05:05.481+0000] {dag.py:3239} INFO - Sync 1 DAGs
[2026-06-02T06:05:05.500+0000] {logging_mixin.py:190} INFO - [2026-06-02T06:05:05.500+0000] {dag.py:4180} INFO - Setting next_dagrun for kafka_topic_bootstrap to None, run_after=None
[2026-06-02T06:05:05.526+0000] {processor.py:208} INFO - Processing /opt/airflow/dags/kafka_topic_bootstrap.py took 1.276 seconds
[2026-06-02T06:05:35.618+0000] {processor.py:186} INFO - Started process (PID=665) to work on /opt/airflow/dags/kafka_topic_bootstrap.py
[2026-06-02T06:05:35.620+0000] {processor.py:914} INFO - Processing file /opt/airflow/dags/kafka_topic_bootstrap.py for tasks to queue
[2026-06-02T06:05:35.624+0000] {logging_mixin.py:190} INFO - [2026-06-02T06:05:35.623+0000] {dagbag.py:588} INFO - Filling up the DagBag from /opt/airflow/dags/kafka_topic_bootstrap.py
[2026-06-02T06:05:36.668+0000] {processor.py:925} INFO - DAG(s) 'kafka_topic_bootstrap' retrieved from /opt/airflow/dags/kafka_topic_bootstrap.py
[2026-06-02T06:05:36.709+0000] {logging_mixin.py:190} INFO - [2026-06-02T06:05:36.708+0000] {dag.py:3239} INFO - Sync 1 DAGs
[2026-06-02T06:05:36.728+0000] {logging_mixin.py:190} INFO - [2026-06-02T06:05:36.728+0000] {dag.py:4180} INFO - Setting next_dagrun for kafka_topic_bootstrap to None, run_after=None
[2026-06-02T06:05:36.760+0000] {processor.py:208} INFO - Processing /opt/airflow/dags/kafka_topic_bootstrap.py took 1.152 seconds
[2026-06-02T06:06:07.585+0000] {processor.py:186} INFO - Started process (PID=817) to work on /opt/airflow/dags/kafka_topic_bootstrap.py
[2026-06-02T06:06:07.586+0000] {processor.py:914} INFO - Processing file /opt/airflow/dags/kafka_topic_bootstrap.py for tasks to queue
[2026-06-02T06:06:07.590+0000] {logging_mixin.py:190} INFO - [2026-06-02T06:06:07.590+0000] {dagbag.py:588} INFO - Filling up the DagBag from /opt/airflow/dags/kafka_topic_bootstrap.py
[2026-06-02T06:06:09.543+0000] {processor.py:925} INFO - DAG(s) 'kafka_topic_bootstrap' retrieved from /opt/airflow/dags/kafka_topic_bootstrap.py
[2026-06-02T06:06:09.588+0000] {logging_mixin.py:190} INFO - [2026-06-02T06:06:09.587+0000] {dag.py:3239} INFO - Sync 1 DAGs
[2026-06-02T06:06:09.609+0000] {logging_mixin.py:190} INFO - [2026-06-02T06:06:09.608+0000] {dag.py:4180} INFO - Setting next_dagrun for kafka_topic_bootstrap to None, run_after=None
[2026-06-02T06:06:09.641+0000] {processor.py:208} INFO - Processing /opt/airflow/dags/kafka_topic_bootstrap.py took 2.068 seconds
[2026-06-02T06:06:41.746+0000] {processor.py:186} INFO - Started process (PID=944) to work on /opt/airflow/dags/kafka_topic_bootstrap.py
[2026-06-02T06:06:41.747+0000] {processor.py:914} INFO - Processing file /opt/airflow/dags/kafka_topic_bootstrap.py for tasks to queue
[2026-06-02T06:06:41.752+0000] {logging_mixin.py:190} INFO - [2026-06-02T06:06:41.751+0000] {dagbag.py:588} INFO - Filling up the DagBag from /opt/airflow/dags/kafka_topic_bootstrap.py
[2026-06-02T06:06:42.828+0000] {processor.py:925} INFO - DAG(s) 'kafka_topic_bootstrap' retrieved from /opt/airflow/dags/kafka_topic_bootstrap.py
[2026-06-02T06:06:42.862+0000] {logging_mixin.py:190} INFO - [2026-06-02T06:06:42.861+0000] {dag.py:3239} INFO - Sync 1 DAGs
[2026-06-02T06:06:42.881+0000] {logging_mixin.py:190} INFO - [2026-06-02T06:06:42.880+0000] {dag.py:4180} INFO - Setting next_dagrun for kafka_topic_bootstrap to None, run_after=None
[2026-06-02T06:06:42.912+0000] {processor.py:208} INFO - Processing /opt/airflow/dags/kafka_topic_bootstrap.py took 1.176 seconds
[2026-06-02T06:07:13.338+0000] {processor.py:186} INFO - Started process (PID=1079) to work on /opt/airflow/dags/kafka_topic_bootstrap.py
[2026-06-02T06:07:13.340+0000] {processor.py:914} INFO - Processing file /opt/airflow/dags/kafka_topic_bootstrap.py for tasks to queue
[2026-06-02T06:07:13.344+0000] {logging_mixin.py:190} INFO - [2026-06-02T06:07:13.344+0000] {dagbag.py:588} INFO - Filling up the DagBag from /opt/airflow/dags/kafka_topic_bootstrap.py
[2026-06-02T06:07:14.583+0000] {processor.py:925} INFO - DAG(s) 'kafka_topic_bootstrap' retrieved from /opt/airflow/dags/kafka_topic_bootstrap.py
[2026-06-02T06:07:14.616+0000] {logging_mixin.py:190} INFO - [2026-06-02T06:07:14.615+0000] {dag.py:3239} INFO - Sync 1 DAGs
[2026-06-02T06:07:14.632+0000] {logging_mixin.py:190} INFO - [2026-06-02T06:07:14.631+0000] {dag.py:4180} INFO - Setting next_dagrun for kafka_topic_bootstrap to None, run_after=None
[2026-06-02T06:07:14.660+0000] {processor.py:208} INFO - Processing /opt/airflow/dags/kafka_topic_bootstrap.py took 1.334 seconds
[2026-06-02T06:07:45.157+0000] {processor.py:186} INFO - Started process (PID=1214) to work on /opt/airflow/dags/kafka_topic_bootstrap.py
[2026-06-02T06:07:45.159+0000] {processor.py:914} INFO - Processing file /opt/airflow/dags/kafka_topic_bootstrap.py for tasks to queue
[2026-06-02T06:07:45.162+0000] {logging_mixin.py:190} INFO - [2026-06-02T06:07:45.162+0000] {dagbag.py:588} INFO - Filling up the DagBag from /opt/airflow/dags/kafka_topic_bootstrap.py
[2026-06-02T06:07:46.147+0000] {processor.py:925} INFO - DAG(s) 'kafka_topic_bootstrap' retrieved from /opt/airflow/dags/kafka_topic_bootstrap.py
[2026-06-02T06:07:46.178+0000] {logging_mixin.py:190} INFO - [2026-06-02T06:07:46.177+0000] {dag.py:3239} INFO - Sync 1 DAGs
[2026-06-02T06:07:46.195+0000] {logging_mixin.py:190} INFO - [2026-06-02T06:07:46.194+0000] {dag.py:4180} INFO - Setting next_dagrun for kafka_topic_bootstrap to None, run_after=None
[2026-06-02T06:07:46.224+0000] {processor.py:208} INFO - Processing /opt/airflow/dags/kafka_topic_bootstrap.py took 1.077 seconds
[2026-06-02T06:08:16.383+0000] {processor.py:186} INFO - Started process (PID=1349) to work on /opt/airflow/dags/kafka_topic_bootstrap.py
[2026-06-02T06:08:16.385+0000] {processor.py:914} INFO - Processing file /opt/airflow/dags/kafka_topic_bootstrap.py for tasks to queue
[2026-06-02T06:08:16.389+0000] {logging_mixin.py:190} INFO - [2026-06-02T06:08:16.389+0000] {dagbag.py:588} INFO - Filling up the DagBag from /opt/airflow/dags/kafka_topic_bootstrap.py
[2026-06-02T06:08:17.431+0000] {processor.py:925} INFO - DAG(s) 'kafka_topic_bootstrap' retrieved from /opt/airflow/dags/kafka_topic_bootstrap.py
[2026-06-02T06:08:17.465+0000] {logging_mixin.py:190} INFO - [2026-06-02T06:08:17.464+0000] {dag.py:3239} INFO - Sync 1 DAGs
[2026-06-02T06:08:17.482+0000] {logging_mixin.py:190} INFO - [2026-06-02T06:08:17.482+0000] {dag.py:4180} INFO - Setting next_dagrun for kafka_topic_bootstrap to None, run_after=None
[2026-06-02T06:08:17.511+0000] {processor.py:208} INFO - Processing /opt/airflow/dags/kafka_topic_bootstrap.py took 1.141 seconds
[2026-06-02T06:08:48.768+0000] {processor.py:186} INFO - Started process (PID=1484) to work on /opt/airflow/dags/kafka_topic_bootstrap.py
[2026-06-02T06:08:48.770+0000] {processor.py:914} INFO - Processing file /opt/airflow/dags/kafka_topic_bootstrap.py for tasks to queue
[2026-06-02T06:08:48.774+0000] {logging_mixin.py:190} INFO - [2026-06-02T06:08:48.773+0000] {dagbag.py:588} INFO - Filling up the DagBag from /opt/airflow/dags/kafka_topic_bootstrap.py
[2026-06-02T06:08:49.949+0000] {processor.py:925} INFO - DAG(s) 'kafka_topic_bootstrap' retrieved from /opt/airflow/dags/kafka_topic_bootstrap.py
[2026-06-02T06:08:49.987+0000] {logging_mixin.py:190} INFO - [2026-06-02T06:08:49.987+0000] {dag.py:3239} INFO - Sync 1 DAGs
[2026-06-02T06:08:50.004+0000] {logging_mixin.py:190} INFO - [2026-06-02T06:08:50.004+0000] {dag.py:4180} INFO - Setting next_dagrun for kafka_topic_bootstrap to None, run_after=None
[2026-06-02T06:08:50.037+0000] {processor.py:208} INFO - Processing /opt/airflow/dags/kafka_topic_bootstrap.py took 1.283 seconds
[2026-06-02T06:09:20.932+0000] {processor.py:186} INFO - Started process (PID=1619) to work on /opt/airflow/dags/kafka_topic_bootstrap.py
[2026-06-02T06:09:20.934+0000] {processor.py:914} INFO - Processing file /opt/airflow/dags/kafka_topic_bootstrap.py for tasks to queue
[2026-06-02T06:09:20.941+0000] {logging_mixin.py:190} INFO - [2026-06-02T06:09:20.940+0000] {dagbag.py:588} INFO - Filling up the DagBag from /opt/airflow/dags/kafka_topic_bootstrap.py
[2026-06-02T06:09:22.273+0000] {processor.py:925} INFO - DAG(s) 'kafka_topic_bootstrap' retrieved from /opt/airflow/dags/kafka_topic_bootstrap.py
[2026-06-02T06:09:22.309+0000] {logging_mixin.py:190} INFO - [2026-06-02T06:09:22.308+0000] {dag.py:3239} INFO - Sync 1 DAGs
[2026-06-02T06:09:22.331+0000] {logging_mixin.py:190} INFO - [2026-06-02T06:09:22.331+0000] {dag.py:4180} INFO - Setting next_dagrun for kafka_topic_bootstrap to None, run_after=None
[2026-06-02T06:09:22.361+0000] {processor.py:208} INFO - Processing /opt/airflow/dags/kafka_topic_bootstrap.py took 1.446 seconds
[2026-06-02T06:09:53.017+0000] {processor.py:186} INFO - Started process (PID=1754) to work on /opt/airflow/dags/kafka_topic_bootstrap.py
[2026-06-02T06:09:53.018+0000] {processor.py:914} INFO - Processing file /opt/airflow/dags/kafka_topic_bootstrap.py for tasks to queue
[2026-06-02T06:09:53.022+0000] {logging_mixin.py:190} INFO - [2026-06-02T06:09:53.021+0000] {dagbag.py:588} INFO - Filling up the DagBag from /opt/airflow/dags/kafka_topic_bootstrap.py
[2026-06-02T06:09:53.900+0000] {processor.py:925} INFO - DAG(s) 'kafka_topic_bootstrap' retrieved from /opt/airflow/dags/kafka_topic_bootstrap.py
[2026-06-02T06:09:53.930+0000] {logging_mixin.py:190} INFO - [2026-06-02T06:09:53.930+0000] {dag.py:3239} INFO - Sync 1 DAGs
[2026-06-02T06:09:53.946+0000] {logging_mixin.py:190} INFO - [2026-06-02T06:09:53.945+0000] {dag.py:4180} INFO - Setting next_dagrun for kafka_topic_bootstrap to None, run_after=None
[2026-06-02T06:09:53.975+0000] {processor.py:208} INFO - Processing /opt/airflow/dags/kafka_topic_bootstrap.py took 0.969 seconds
[2026-06-02T06:10:24.742+0000] {processor.py:186} INFO - Started process (PID=1889) to work on /opt/airflow/dags/kafka_topic_bootstrap.py
[2026-06-02T06:10:24.744+0000] {processor.py:914} INFO - Processing file /opt/airflow/dags/kafka_topic_bootstrap.py for tasks to queue
[2026-06-02T06:10:24.748+0000] {logging_mixin.py:190} INFO - [2026-06-02T06:10:24.747+0000] {dagbag.py:588} INFO - Filling up the DagBag from /opt/airflow/dags/kafka_topic_bootstrap.py
[2026-06-02T06:10:25.629+0000] {processor.py:925} INFO - DAG(s) 'kafka_topic_bootstrap' retrieved from /opt/airflow/dags/kafka_topic_bootstrap.py
[2026-06-02T06:10:25.660+0000] {logging_mixin.py:190} INFO - [2026-06-02T06:10:25.660+0000] {dag.py:3239} INFO - Sync 1 DAGs
[2026-06-02T06:10:25.678+0000] {logging_mixin.py:190} INFO - [2026-06-02T06:10:25.677+0000] {dag.py:4180} INFO - Setting next_dagrun for kafka_topic_bootstrap to None, run_after=None
[2026-06-02T06:10:25.704+0000] {processor.py:208} INFO - Processing /opt/airflow/dags/kafka_topic_bootstrap.py took 0.973 seconds
[2026-06-02T06:10:56.336+0000] {processor.py:186} INFO - Started process (PID=2024) to work on /opt/airflow/dags/kafka_topic_bootstrap.py
[2026-06-02T06:10:56.338+0000] {processor.py:914} INFO - Processing file /opt/airflow/dags/kafka_topic_bootstrap.py for tasks to queue
[2026-06-02T06:10:56.343+0000] {logging_mixin.py:190} INFO - [2026-06-02T06:10:56.343+0000] {dagbag.py:588} INFO - Filling up the DagBag from /opt/airflow/dags/kafka_topic_bootstrap.py
[2026-06-02T06:10:57.212+0000] {processor.py:925} INFO - DAG(s) 'kafka_topic_bootstrap' retrieved from /opt/airflow/dags/kafka_topic_bootstrap.py
[2026-06-02T06:10:57.249+0000] {logging_mixin.py:190} INFO - [2026-06-02T06:10:57.246+0000] {dag.py:3239} INFO - Sync 1 DAGs
[2026-06-02T06:10:57.265+0000] {logging_mixin.py:190} INFO - [2026-06-02T06:10:57.265+0000] {dag.py:4180} INFO - Setting next_dagrun for kafka_topic_bootstrap to None, run_after=None
[2026-06-02T06:10:57.336+0000] {processor.py:208} INFO - Processing /opt/airflow/dags/kafka_topic_bootstrap.py took 1.010 seconds
[2026-06-02T06:11:27.968+0000] {processor.py:186} INFO - Started process (PID=2158) to work on /opt/airflow/dags/kafka_topic_bootstrap.py
[2026-06-02T06:11:27.970+0000] {processor.py:914} INFO - Processing file /opt/airflow/dags/kafka_topic_bootstrap.py for tasks to queue
[2026-06-02T06:11:27.975+0000] {logging_mixin.py:190} INFO - [2026-06-02T06:11:27.974+0000] {dagbag.py:588} INFO - Filling up the DagBag from /opt/airflow/dags/kafka_topic_bootstrap.py
[2026-06-02T06:11:29.061+0000] {processor.py:925} INFO - DAG(s) 'kafka_topic_bootstrap' retrieved from /opt/airflow/dags/kafka_topic_bootstrap.py
[2026-06-02T06:11:29.097+0000] {logging_mixin.py:190} INFO - [2026-06-02T06:11:29.097+0000] {dag.py:3239} INFO - Sync 1 DAGs
[2026-06-02T06:11:29.114+0000] {logging_mixin.py:190} INFO - [2026-06-02T06:11:29.114+0000] {dag.py:4180} INFO - Setting next_dagrun for kafka_topic_bootstrap to None, run_after=None
[2026-06-02T06:11:29.142+0000] {processor.py:208} INFO - Processing /opt/airflow/dags/kafka_topic_bootstrap.py took 1.185 seconds
[2026-06-02T06:12:01.414+0000] {processor.py:186} INFO - Started process (PID=2293) to work on /opt/airflow/dags/kafka_topic_bootstrap.py
[2026-06-02T06:12:01.416+0000] {processor.py:914} INFO - Processing file /opt/airflow/dags/kafka_topic_bootstrap.py for tasks to queue
[2026-06-02T06:12:01.422+0000] {logging_mixin.py:190} INFO - [2026-06-02T06:12:01.421+0000] {dagbag.py:588} INFO - Filling up the DagBag from /opt/airflow/dags/kafka_topic_bootstrap.py
[2026-06-02T06:12:02.982+0000] {processor.py:925} INFO - DAG(s) 'kafka_topic_bootstrap' retrieved from /opt/airflow/dags/kafka_topic_bootstrap.py
[2026-06-02T06:12:03.021+0000] {logging_mixin.py:190} INFO - [2026-06-02T06:12:03.020+0000] {dag.py:3239} INFO - Sync 1 DAGs
[2026-06-02T06:12:03.040+0000] {logging_mixin.py:190} INFO - [2026-06-02T06:12:03.039+0000] {dag.py:4180} INFO - Setting next_dagrun for kafka_topic_bootstrap to None, run_after=None
[2026-06-02T06:12:03.078+0000] {processor.py:208} INFO - Processing /opt/airflow/dags/kafka_topic_bootstrap.py took 1.682 seconds
[2026-06-02T06:12:35.047+0000] {processor.py:186} INFO - Started process (PID=2420) to work on /opt/airflow/dags/kafka_topic_bootstrap.py
[2026-06-02T06:12:35.050+0000] {processor.py:914} INFO - Processing file /opt/airflow/dags/kafka_topic_bootstrap.py for tasks to queue
[2026-06-02T06:12:35.060+0000] {logging_mixin.py:190} INFO - [2026-06-02T06:12:35.059+0000] {dagbag.py:588} INFO - Filling up the DagBag from /opt/airflow/dags/kafka_topic_bootstrap.py
[2026-06-02T06:12:36.798+0000] {processor.py:925} INFO - DAG(s) 'kafka_topic_bootstrap' retrieved from /opt/airflow/dags/kafka_topic_bootstrap.py
[2026-06-02T06:12:36.840+0000] {logging_mixin.py:190} INFO - [2026-06-02T06:12:36.840+0000] {dag.py:3239} INFO - Sync 1 DAGs
[2026-06-02T06:12:36.868+0000] {logging_mixin.py:190} INFO - [2026-06-02T06:12:36.867+0000] {dag.py:4180} INFO - Setting next_dagrun for kafka_topic_bootstrap to None, run_after=None
[2026-06-02T06:12:36.902+0000] {processor.py:208} INFO - Processing /opt/airflow/dags/kafka_topic_bootstrap.py took 1.876 seconds
[2026-06-02T06:13:07.340+0000] {processor.py:186} INFO - Started process (PID=2555) to work on /opt/airflow/dags/kafka_topic_bootstrap.py
[2026-06-02T06:13:07.342+0000] {processor.py:914} INFO - Processing file /opt/airflow/dags/kafka_topic_bootstrap.py for tasks to queue
[2026-06-02T06:13:07.346+0000] {logging_mixin.py:190} INFO - [2026-06-02T06:13:07.345+0000] {dagbag.py:588} INFO - Filling up the DagBag from /opt/airflow/dags/kafka_topic_bootstrap.py
[2026-06-02T06:13:08.358+0000] {processor.py:925} INFO - DAG(s) 'kafka_topic_bootstrap' retrieved from /opt/airflow/dags/kafka_topic_bootstrap.py
[2026-06-02T06:13:08.390+0000] {logging_mixin.py:190} INFO - [2026-06-02T06:13:08.389+0000] {dag.py:3239} INFO - Sync 1 DAGs
[2026-06-02T06:13:08.410+0000] {logging_mixin.py:190} INFO - [2026-06-02T06:13:08.410+0000] {dag.py:4180} INFO - Setting next_dagrun for kafka_topic_bootstrap to None, run_after=None
[2026-06-02T06:13:08.438+0000] {processor.py:208} INFO - Processing /opt/airflow/dags/kafka_topic_bootstrap.py took 1.109 seconds
[2026-06-02T06:13:38.675+0000] {processor.py:186} INFO - Started process (PID=2690) to work on /opt/airflow/dags/kafka_topic_bootstrap.py
[2026-06-02T06:13:38.676+0000] {processor.py:914} INFO - Processing file /opt/airflow/dags/kafka_topic_bootstrap.py for tasks to queue
[2026-06-02T06:13:38.680+0000] {logging_mixin.py:190} INFO - [2026-06-02T06:13:38.680+0000] {dagbag.py:588} INFO - Filling up the DagBag from /opt/airflow/dags/kafka_topic_bootstrap.py
[2026-06-02T06:13:40.116+0000] {processor.py:925} INFO - DAG(s) 'kafka_topic_bootstrap' retrieved from /opt/airflow/dags/kafka_topic_bootstrap.py
[2026-06-02T06:13:40.160+0000] {logging_mixin.py:190} INFO - [2026-06-02T06:13:40.159+0000] {dag.py:3239} INFO - Sync 1 DAGs
[2026-06-02T06:13:40.186+0000] {logging_mixin.py:190} INFO - [2026-06-02T06:13:40.186+0000] {dag.py:4180} INFO - Setting next_dagrun for kafka_topic_bootstrap to None, run_after=None
[2026-06-02T06:13:40.221+0000] {processor.py:208} INFO - Processing /opt/airflow/dags/kafka_topic_bootstrap.py took 1.557 seconds
[2026-06-02T06:14:10.453+0000] {processor.py:186} INFO - Started process (PID=2825) to work on /opt/airflow/dags/kafka_topic_bootstrap.py
[2026-06-02T06:14:10.455+0000] {processor.py:914} INFO - Processing file /opt/airflow/dags/kafka_topic_bootstrap.py for tasks to queue
[2026-06-02T06:14:10.460+0000] {logging_mixin.py:190} INFO - [2026-06-02T06:14:10.459+0000] {dagbag.py:588} INFO - Filling up the DagBag from /opt/airflow/dags/kafka_topic_bootstrap.py
[2026-06-02T06:14:11.904+0000] {processor.py:925} INFO - DAG(s) 'kafka_topic_bootstrap' retrieved from /opt/airflow/dags/kafka_topic_bootstrap.py
[2026-06-02T06:14:11.946+0000] {logging_mixin.py:190} INFO - [2026-06-02T06:14:11.945+0000] {dag.py:3239} INFO - Sync 1 DAGs
[2026-06-02T06:14:11.967+0000] {logging_mixin.py:190} INFO - [2026-06-02T06:14:11.966+0000] {dag.py:4180} INFO - Setting next_dagrun for kafka_topic_bootstrap to None, run_after=None
[2026-06-02T06:14:12.002+0000] {processor.py:208} INFO - Processing /opt/airflow/dags/kafka_topic_bootstrap.py took 1.566 seconds
[2026-06-02T06:14:44.408+0000] {processor.py:186} INFO - Started process (PID=2943) to work on /opt/airflow/dags/kafka_topic_bootstrap.py
[2026-06-02T06:14:44.410+0000] {processor.py:914} INFO - Processing file /opt/airflow/dags/kafka_topic_bootstrap.py for tasks to queue
[2026-06-02T06:14:44.415+0000] {logging_mixin.py:190} INFO - [2026-06-02T06:14:44.414+0000] {dagbag.py:588} INFO - Filling up the DagBag from /opt/airflow/dags/kafka_topic_bootstrap.py
[2026-06-02T06:14:45.742+0000] {processor.py:925} INFO - DAG(s) 'kafka_topic_bootstrap' retrieved from /opt/airflow/dags/kafka_topic_bootstrap.py
[2026-06-02T06:14:45.781+0000] {logging_mixin.py:190} INFO - [2026-06-02T06:14:45.780+0000] {dag.py:3239} INFO - Sync 1 DAGs
[2026-06-02T06:14:45.801+0000] {logging_mixin.py:190} INFO - [2026-06-02T06:14:45.801+0000] {dag.py:4180} INFO - Setting next_dagrun for kafka_topic_bootstrap to None, run_after=None
[2026-06-02T06:14:45.843+0000] {processor.py:208} INFO - Processing /opt/airflow/dags/kafka_topic_bootstrap.py took 1.448 seconds
[2026-06-02T06:15:17.054+0000] {processor.py:186} INFO - Started process (PID=3078) to work on /opt/airflow/dags/kafka_topic_bootstrap.py
[2026-06-02T06:15:17.056+0000] {processor.py:914} INFO - Processing file /opt/airflow/dags/kafka_topic_bootstrap.py for tasks to queue
[2026-06-02T06:15:17.060+0000] {logging_mixin.py:190} INFO - [2026-06-02T06:15:17.060+0000] {dagbag.py:588} INFO - Filling up the DagBag from /opt/airflow/dags/kafka_topic_bootstrap.py
[2026-06-02T06:15:18.344+0000] {processor.py:925} INFO - DAG(s) 'kafka_topic_bootstrap' retrieved from /opt/airflow/dags/kafka_topic_bootstrap.py
[2026-06-02T06:15:18.381+0000] {logging_mixin.py:190} INFO - [2026-06-02T06:15:18.380+0000] {dag.py:3239} INFO - Sync 1 DAGs
[2026-06-02T06:15:18.398+0000] {logging_mixin.py:190} INFO - [2026-06-02T06:15:18.398+0000] {dag.py:4180} INFO - Setting next_dagrun for kafka_topic_bootstrap to None, run_after=None
[2026-06-02T06:15:18.430+0000] {processor.py:208} INFO - Processing /opt/airflow/dags/kafka_topic_bootstrap.py took 1.387 seconds
[2026-06-02T06:15:49.133+0000] {processor.py:186} INFO - Started process (PID=3228) to work on /opt/airflow/dags/kafka_topic_bootstrap.py
[2026-06-02T06:15:49.135+0000] {processor.py:914} INFO - Processing file /opt/airflow/dags/kafka_topic_bootstrap.py for tasks to queue
[2026-06-02T06:15:49.143+0000] {logging_mixin.py:190} INFO - [2026-06-02T06:15:49.143+0000] {dagbag.py:588} INFO - Filling up the DagBag from /opt/airflow/dags/kafka_topic_bootstrap.py
[2026-06-02T06:15:50.579+0000] {processor.py:925} INFO - DAG(s) 'kafka_topic_bootstrap' retrieved from /opt/airflow/dags/kafka_topic_bootstrap.py
[2026-06-02T06:15:50.614+0000] {logging_mixin.py:190} INFO - [2026-06-02T06:15:50.613+0000] {dag.py:3239} INFO - Sync 1 DAGs
[2026-06-02T06:15:50.634+0000] {logging_mixin.py:190} INFO - [2026-06-02T06:15:50.633+0000] {dag.py:4180} INFO - Setting next_dagrun for kafka_topic_bootstrap to None, run_after=None
[2026-06-02T06:15:50.667+0000] {processor.py:208} INFO - Processing /opt/airflow/dags/kafka_topic_bootstrap.py took 1.546 seconds
[2026-06-02T06:16:21.669+0000] {processor.py:186} INFO - Started process (PID=3365) to work on /opt/airflow/dags/kafka_topic_bootstrap.py
[2026-06-02T06:16:21.671+0000] {processor.py:914} INFO - Processing file /opt/airflow/dags/kafka_topic_bootstrap.py for tasks to queue
[2026-06-02T06:16:21.675+0000] {logging_mixin.py:190} INFO - [2026-06-02T06:16:21.674+0000] {dagbag.py:588} INFO - Filling up the DagBag from /opt/airflow/dags/kafka_topic_bootstrap.py
[2026-06-02T06:16:22.621+0000] {processor.py:925} INFO - DAG(s) 'kafka_topic_bootstrap' retrieved from /opt/airflow/dags/kafka_topic_bootstrap.py
[2026-06-02T06:16:22.656+0000] {logging_mixin.py:190} INFO - [2026-06-02T06:16:22.655+0000] {dag.py:3239} INFO - Sync 1 DAGs
[2026-06-02T06:16:22.675+0000] {logging_mixin.py:190} INFO - [2026-06-02T06:16:22.675+0000] {dag.py:4180} INFO - Setting next_dagrun for kafka_topic_bootstrap to None, run_after=None
[2026-06-02T06:16:22.701+0000] {processor.py:208} INFO - Processing /opt/airflow/dags/kafka_topic_bootstrap.py took 1.042 seconds
[2026-06-02T06:16:53.344+0000] {processor.py:186} INFO - Started process (PID=3500) to work on /opt/airflow/dags/kafka_topic_bootstrap.py
[2026-06-02T06:16:53.346+0000] {processor.py:914} INFO - Processing file /opt/airflow/dags/kafka_topic_bootstrap.py for tasks to queue
[2026-06-02T06:16:53.351+0000] {logging_mixin.py:190} INFO - [2026-06-02T06:16:53.350+0000] {dagbag.py:588} INFO - Filling up the DagBag from /opt/airflow/dags/kafka_topic_bootstrap.py
[2026-06-02T06:16:54.308+0000] {processor.py:925} INFO - DAG(s) 'kafka_topic_bootstrap' retrieved from /opt/airflow/dags/kafka_topic_bootstrap.py
[2026-06-02T06:16:54.343+0000] {logging_mixin.py:190} INFO - [2026-06-02T06:16:54.340+0000] {dag.py:3239} INFO - Sync 1 DAGs
[2026-06-02T06:16:54.359+0000] {logging_mixin.py:190} INFO - [2026-06-02T06:16:54.358+0000] {dag.py:4180} INFO - Setting next_dagrun for kafka_topic_bootstrap to None, run_after=None
[2026-06-02T06:16:54.385+0000] {processor.py:208} INFO - Processing /opt/airflow/dags/kafka_topic_bootstrap.py took 1.055 seconds
[2026-06-02T06:17:24.887+0000] {processor.py:186} INFO - Started process (PID=3635) to work on /opt/airflow/dags/kafka_topic_bootstrap.py
[2026-06-02T06:17:24.889+0000] {processor.py:914} INFO - Processing file /opt/airflow/dags/kafka_topic_bootstrap.py for tasks to queue
[2026-06-02T06:17:24.898+0000] {logging_mixin.py:190} INFO - [2026-06-02T06:17:24.897+0000] {dagbag.py:588} INFO - Filling up the DagBag from /opt/airflow/dags/kafka_topic_bootstrap.py
[2026-06-02T06:17:26.276+0000] {processor.py:925} INFO - DAG(s) 'kafka_topic_bootstrap' retrieved from /opt/airflow/dags/kafka_topic_bootstrap.py
[2026-06-02T06:17:26.312+0000] {logging_mixin.py:190} INFO - [2026-06-02T06:17:26.311+0000] {dag.py:3239} INFO - Sync 1 DAGs
[2026-06-02T06:17:26.329+0000] {logging_mixin.py:190} INFO - [2026-06-02T06:17:26.328+0000] {dag.py:4180} INFO - Setting next_dagrun for kafka_topic_bootstrap to None, run_after=None
[2026-06-02T06:17:26.369+0000] {processor.py:208} INFO - Processing /opt/airflow/dags/kafka_topic_bootstrap.py took 1.501 seconds
[2026-06-02T06:17:57.055+0000] {processor.py:186} INFO - Started process (PID=3769) to work on /opt/airflow/dags/kafka_topic_bootstrap.py
[2026-06-02T06:17:57.056+0000] {processor.py:914} INFO - Processing file /opt/airflow/dags/kafka_topic_bootstrap.py for tasks to queue
[2026-06-02T06:17:57.062+0000] {logging_mixin.py:190} INFO - [2026-06-02T06:17:57.061+0000] {dagbag.py:588} INFO - Filling up the DagBag from /opt/airflow/dags/kafka_topic_bootstrap.py
[2026-06-02T06:17:58.164+0000] {processor.py:925} INFO - DAG(s) 'kafka_topic_bootstrap' retrieved from /opt/airflow/dags/kafka_topic_bootstrap.py
[2026-06-02T06:17:58.209+0000] {logging_mixin.py:190} INFO - [2026-06-02T06:17:58.208+0000] {dag.py:3239} INFO - Sync 1 DAGs
[2026-06-02T06:17:58.230+0000] {logging_mixin.py:190} INFO - [2026-06-02T06:17:58.229+0000] {dag.py:4180} INFO - Setting next_dagrun for kafka_topic_bootstrap to None, run_after=None
[2026-06-02T06:17:58.258+0000] {processor.py:208} INFO - Processing /opt/airflow/dags/kafka_topic_bootstrap.py took 1.213 seconds
[2026-06-02T06:18:30.125+0000] {processor.py:186} INFO - Started process (PID=3938) to work on /opt/airflow/dags/kafka_topic_bootstrap.py
[2026-06-02T06:18:30.127+0000] {processor.py:914} INFO - Processing file /opt/airflow/dags/kafka_topic_bootstrap.py for tasks to queue
[2026-06-02T06:18:30.130+0000] {logging_mixin.py:190} INFO - [2026-06-02T06:18:30.130+0000] {dagbag.py:588} INFO - Filling up the DagBag from /opt/airflow/dags/kafka_topic_bootstrap.py
[2026-06-02T06:18:31.349+0000] {processor.py:925} INFO - DAG(s) 'kafka_topic_bootstrap' retrieved from /opt/airflow/dags/kafka_topic_bootstrap.py
[2026-06-02T06:18:31.382+0000] {logging_mixin.py:190} INFO - [2026-06-02T06:18:31.381+0000] {dag.py:3239} INFO - Sync 1 DAGs
[2026-06-02T06:18:31.397+0000] {logging_mixin.py:190} INFO - [2026-06-02T06:18:31.397+0000] {dag.py:4180} INFO - Setting next_dagrun for kafka_topic_bootstrap to None, run_after=None
[2026-06-02T06:18:31.424+0000] {processor.py:208} INFO - Processing /opt/airflow/dags/kafka_topic_bootstrap.py took 1.310 seconds
[2026-06-02T06:19:02.277+0000] {processor.py:186} INFO - Started process (PID=4073) to work on /opt/airflow/dags/kafka_topic_bootstrap.py
[2026-06-02T06:19:02.279+0000] {processor.py:914} INFO - Processing file /opt/airflow/dags/kafka_topic_bootstrap.py for tasks to queue
[2026-06-02T06:19:02.284+0000] {logging_mixin.py:190} INFO - [2026-06-02T06:19:02.283+0000] {dagbag.py:588} INFO - Filling up the DagBag from /opt/airflow/dags/kafka_topic_bootstrap.py
[2026-06-02T06:19:03.510+0000] {processor.py:925} INFO - DAG(s) 'kafka_topic_bootstrap' retrieved from /opt/airflow/dags/kafka_topic_bootstrap.py
[2026-06-02T06:19:03.562+0000] {logging_mixin.py:190} INFO - [2026-06-02T06:19:03.561+0000] {dag.py:3239} INFO - Sync 1 DAGs
[2026-06-02T06:19:03.589+0000] {logging_mixin.py:190} INFO - [2026-06-02T06:19:03.588+0000] {dag.py:4180} INFO - Setting next_dagrun for kafka_topic_bootstrap to None, run_after=None
[2026-06-02T06:19:03.626+0000] {processor.py:208} INFO - Processing /opt/airflow/dags/kafka_topic_bootstrap.py took 1.362 seconds
[2026-06-02T06:20:04.473+0000] {processor.py:186} INFO - Started process (PID=261) to work on /opt/airflow/dags/kafka_topic_bootstrap.py
[2026-06-02T06:20:04.475+0000] {processor.py:914} INFO - Processing file /opt/airflow/dags/kafka_topic_bootstrap.py for tasks to queue
[2026-06-02T06:20:04.479+0000] {logging_mixin.py:190} INFO - [2026-06-02T06:20:04.478+0000] {dagbag.py:588} INFO - Filling up the DagBag from /opt/airflow/dags/kafka_topic_bootstrap.py
[2026-06-02T06:20:05.668+0000] {processor.py:925} INFO - DAG(s) 'kafka_topic_bootstrap' retrieved from /opt/airflow/dags/kafka_topic_bootstrap.py
[2026-06-02T06:20:05.707+0000] {logging_mixin.py:190} INFO - [2026-06-02T06:20:05.707+0000] {dag.py:3239} INFO - Sync 1 DAGs
[2026-06-02T06:20:05.729+0000] {logging_mixin.py:190} INFO - [2026-06-02T06:20:05.728+0000] {dag.py:4180} INFO - Setting next_dagrun for kafka_topic_bootstrap to None, run_after=None
[2026-06-02T06:20:05.771+0000] {processor.py:208} INFO - Processing /opt/airflow/dags/kafka_topic_bootstrap.py took 1.308 seconds
[2026-06-02T06:20:36.185+0000] {processor.py:186} INFO - Started process (PID=413) to work on /opt/airflow/dags/kafka_topic_bootstrap.py
[2026-06-02T06:20:36.187+0000] {processor.py:914} INFO - Processing file /opt/airflow/dags/kafka_topic_bootstrap.py for tasks to queue
[2026-06-02T06:20:36.192+0000] {logging_mixin.py:190} INFO - [2026-06-02T06:20:36.191+0000] {dagbag.py:588} INFO - Filling up the DagBag from /opt/airflow/dags/kafka_topic_bootstrap.py
[2026-06-02T06:20:37.277+0000] {processor.py:925} INFO - DAG(s) 'kafka_topic_bootstrap' retrieved from /opt/airflow/dags/kafka_topic_bootstrap.py
[2026-06-02T06:20:37.311+0000] {logging_mixin.py:190} INFO - [2026-06-02T06:20:37.310+0000] {dag.py:3239} INFO - Sync 1 DAGs
[2026-06-02T06:20:37.326+0000] {logging_mixin.py:190} INFO - [2026-06-02T06:20:37.325+0000] {dag.py:4180} INFO - Setting next_dagrun for kafka_topic_bootstrap to None, run_after=None
[2026-06-02T06:20:37.362+0000] {processor.py:208} INFO - Processing /opt/airflow/dags/kafka_topic_bootstrap.py took 1.186 seconds
[2026-06-02T06:21:08.131+0000] {processor.py:186} INFO - Started process (PID=548) to work on /opt/airflow/dags/kafka_topic_bootstrap.py
[2026-06-02T06:21:08.133+0000] {processor.py:914} INFO - Processing file /opt/airflow/dags/kafka_topic_bootstrap.py for tasks to queue
[2026-06-02T06:21:08.138+0000] {logging_mixin.py:190} INFO - [2026-06-02T06:21:08.137+0000] {dagbag.py:588} INFO - Filling up the DagBag from /opt/airflow/dags/kafka_topic_bootstrap.py
[2026-06-02T06:21:09.336+0000] {processor.py:925} INFO - DAG(s) 'kafka_topic_bootstrap' retrieved from /opt/airflow/dags/kafka_topic_bootstrap.py
[2026-06-02T06:21:09.378+0000] {logging_mixin.py:190} INFO - [2026-06-02T06:21:09.377+0000] {dag.py:3239} INFO - Sync 1 DAGs
[2026-06-02T06:21:09.399+0000] {logging_mixin.py:190} INFO - [2026-06-02T06:21:09.398+0000] {dag.py:4180} INFO - Setting next_dagrun for kafka_topic_bootstrap to None, run_after=None
[2026-06-02T06:21:09.432+0000] {processor.py:208} INFO - Processing /opt/airflow/dags/kafka_topic_bootstrap.py took 1.312 seconds
[2026-06-02T06:21:40.064+0000] {processor.py:186} INFO - Started process (PID=683) to work on /opt/airflow/dags/kafka_topic_bootstrap.py
[2026-06-02T06:21:40.066+0000] {processor.py:914} INFO - Processing file /opt/airflow/dags/kafka_topic_bootstrap.py for tasks to queue
[2026-06-02T06:21:40.069+0000] {logging_mixin.py:190} INFO - [2026-06-02T06:21:40.069+0000] {dagbag.py:588} INFO - Filling up the DagBag from /opt/airflow/dags/kafka_topic_bootstrap.py
[2026-06-02T06:21:41.109+0000] {processor.py:925} INFO - DAG(s) 'kafka_topic_bootstrap' retrieved from /opt/airflow/dags/kafka_topic_bootstrap.py
[2026-06-02T06:21:41.139+0000] {logging_mixin.py:190} INFO - [2026-06-02T06:21:41.138+0000] {dag.py:3239} INFO - Sync 1 DAGs
[2026-06-02T06:21:41.154+0000] {logging_mixin.py:190} INFO - [2026-06-02T06:21:41.154+0000] {dag.py:4180} INFO - Setting next_dagrun for kafka_topic_bootstrap to None, run_after=None
[2026-06-02T06:21:41.180+0000] {processor.py:208} INFO - Processing /opt/airflow/dags/kafka_topic_bootstrap.py took 1.127 seconds
[2026-06-02T06:22:11.681+0000] {processor.py:186} INFO - Started process (PID=801) to work on /opt/airflow/dags/kafka_topic_bootstrap.py
[2026-06-02T06:22:11.683+0000] {processor.py:914} INFO - Processing file /opt/airflow/dags/kafka_topic_bootstrap.py for tasks to queue
[2026-06-02T06:22:11.687+0000] {logging_mixin.py:190} INFO - [2026-06-02T06:22:11.686+0000] {dagbag.py:588} INFO - Filling up the DagBag from /opt/airflow/dags/kafka_topic_bootstrap.py
[2026-06-02T06:22:12.738+0000] {processor.py:925} INFO - DAG(s) 'kafka_topic_bootstrap' retrieved from /opt/airflow/dags/kafka_topic_bootstrap.py
[2026-06-02T06:22:12.771+0000] {logging_mixin.py:190} INFO - [2026-06-02T06:22:12.770+0000] {dag.py:3239} INFO - Sync 1 DAGs
[2026-06-02T06:22:12.786+0000] {logging_mixin.py:190} INFO - [2026-06-02T06:22:12.786+0000] {dag.py:4180} INFO - Setting next_dagrun for kafka_topic_bootstrap to None, run_after=None
[2026-06-02T06:22:12.810+0000] {processor.py:208} INFO - Processing /opt/airflow/dags/kafka_topic_bootstrap.py took 1.140 seconds
[2026-06-02T06:22:43.958+0000] {processor.py:186} INFO - Started process (PID=936) to work on /opt/airflow/dags/kafka_topic_bootstrap.py
[2026-06-02T06:22:43.960+0000] {processor.py:914} INFO - Processing file /opt/airflow/dags/kafka_topic_bootstrap.py for tasks to queue
[2026-06-02T06:22:43.964+0000] {logging_mixin.py:190} INFO - [2026-06-02T06:22:43.963+0000] {dagbag.py:588} INFO - Filling up the DagBag from /opt/airflow/dags/kafka_topic_bootstrap.py
[2026-06-02T06:22:45.562+0000] {processor.py:925} INFO - DAG(s) 'kafka_topic_bootstrap' retrieved from /opt/airflow/dags/kafka_topic_bootstrap.py
[2026-06-02T06:22:45.616+0000] {logging_mixin.py:190} INFO - [2026-06-02T06:22:45.615+0000] {dag.py:3239} INFO - Sync 1 DAGs
[2026-06-02T06:22:45.645+0000] {logging_mixin.py:190} INFO - [2026-06-02T06:22:45.645+0000] {dag.py:4180} INFO - Setting next_dagrun for kafka_topic_bootstrap to None, run_after=None
[2026-06-02T06:22:45.706+0000] {processor.py:208} INFO - Processing /opt/airflow/dags/kafka_topic_bootstrap.py took 1.766 seconds
[2026-06-02T06:23:20.845+0000] {processor.py:186} INFO - Started process (PID=1088) to work on /opt/airflow/dags/kafka_topic_bootstrap.py
[2026-06-02T06:23:20.848+0000] {processor.py:914} INFO - Processing file /opt/airflow/dags/kafka_topic_bootstrap.py for tasks to queue
[2026-06-02T06:23:20.852+0000] {logging_mixin.py:190} INFO - [2026-06-02T06:23:20.852+0000] {dagbag.py:588} INFO - Filling up the DagBag from /opt/airflow/dags/kafka_topic_bootstrap.py
[2026-06-02T06:23:22.017+0000] {processor.py:925} INFO - DAG(s) 'kafka_topic_bootstrap' retrieved from /opt/airflow/dags/kafka_topic_bootstrap.py
[2026-06-02T06:23:22.050+0000] {logging_mixin.py:190} INFO - [2026-06-02T06:23:22.050+0000] {dag.py:3239} INFO - Sync 1 DAGs
[2026-06-02T06:23:22.068+0000] {logging_mixin.py:190} INFO - [2026-06-02T06:23:22.068+0000] {dag.py:4180} INFO - Setting next_dagrun for kafka_topic_bootstrap to None, run_after=None
[2026-06-02T06:23:22.614+0000] {processor.py:208} INFO - Processing /opt/airflow/dags/kafka_topic_bootstrap.py took 1.785 seconds
[2026-06-02T06:23:53.584+0000] {processor.py:186} INFO - Started process (PID=1223) to work on /opt/airflow/dags/kafka_topic_bootstrap.py
[2026-06-02T06:23:53.586+0000] {processor.py:914} INFO - Processing file /opt/airflow/dags/kafka_topic_bootstrap.py for tasks to queue
[2026-06-02T06:23:53.591+0000] {logging_mixin.py:190} INFO - [2026-06-02T06:23:53.590+0000] {dagbag.py:588} INFO - Filling up the DagBag from /opt/airflow/dags/kafka_topic_bootstrap.py
[2026-06-02T06:23:54.695+0000] {processor.py:925} INFO - DAG(s) 'kafka_topic_bootstrap' retrieved from /opt/airflow/dags/kafka_topic_bootstrap.py
[2026-06-02T06:23:54.742+0000] {logging_mixin.py:190} INFO - [2026-06-02T06:23:54.741+0000] {dag.py:3239} INFO - Sync 1 DAGs
[2026-06-02T06:23:54.761+0000] {logging_mixin.py:190} INFO - [2026-06-02T06:23:54.760+0000] {dag.py:4180} INFO - Setting next_dagrun for kafka_topic_bootstrap to None, run_after=None
[2026-06-02T06:23:54.806+0000] {processor.py:208} INFO - Processing /opt/airflow/dags/kafka_topic_bootstrap.py took 1.232 seconds
[2026-06-02T06:24:25.336+0000] {processor.py:186} INFO - Started process (PID=1358) to work on /opt/airflow/dags/kafka_topic_bootstrap.py
[2026-06-02T06:24:25.337+0000] {processor.py:914} INFO - Processing file /opt/airflow/dags/kafka_topic_bootstrap.py for tasks to queue
[2026-06-02T06:24:25.341+0000] {logging_mixin.py:190} INFO - [2026-06-02T06:24:25.341+0000] {dagbag.py:588} INFO - Filling up the DagBag from /opt/airflow/dags/kafka_topic_bootstrap.py
[2026-06-02T06:24:26.380+0000] {processor.py:925} INFO - DAG(s) 'kafka_topic_bootstrap' retrieved from /opt/airflow/dags/kafka_topic_bootstrap.py
[2026-06-02T06:24:26.422+0000] {logging_mixin.py:190} INFO - [2026-06-02T06:24:26.421+0000] {dag.py:3239} INFO - Sync 1 DAGs
[2026-06-02T06:24:26.440+0000] {logging_mixin.py:190} INFO - [2026-06-02T06:24:26.440+0000] {dag.py:4180} INFO - Setting next_dagrun for kafka_topic_bootstrap to None, run_after=None
[2026-06-02T06:24:26.470+0000] {processor.py:208} INFO - Processing /opt/airflow/dags/kafka_topic_bootstrap.py took 1.146 seconds
[2026-06-02T06:24:57.258+0000] {processor.py:186} INFO - Started process (PID=1493) to work on /opt/airflow/dags/kafka_topic_bootstrap.py
[2026-06-02T06:24:57.260+0000] {processor.py:914} INFO - Processing file /opt/airflow/dags/kafka_topic_bootstrap.py for tasks to queue
[2026-06-02T06:24:57.266+0000] {logging_mixin.py:190} INFO - [2026-06-02T06:24:57.265+0000] {dagbag.py:588} INFO - Filling up the DagBag from /opt/airflow/dags/kafka_topic_bootstrap.py
[2026-06-02T06:24:58.571+0000] {processor.py:925} INFO - DAG(s) 'kafka_topic_bootstrap' retrieved from /opt/airflow/dags/kafka_topic_bootstrap.py
[2026-06-02T06:24:58.612+0000] {logging_mixin.py:190} INFO - [2026-06-02T06:24:58.611+0000] {dag.py:3239} INFO - Sync 1 DAGs
[2026-06-02T06:24:58.639+0000] {logging_mixin.py:190} INFO - [2026-06-02T06:24:58.638+0000] {dag.py:4180} INFO - Setting next_dagrun for kafka_topic_bootstrap to None, run_after=None
[2026-06-02T06:24:58.676+0000] {processor.py:208} INFO - Processing /opt/airflow/dags/kafka_topic_bootstrap.py took 1.433 seconds
[2026-06-02T06:25:29.073+0000] {processor.py:186} INFO - Started process (PID=1628) to work on /opt/airflow/dags/kafka_topic_bootstrap.py
[2026-06-02T06:25:29.076+0000] {processor.py:914} INFO - Processing file /opt/airflow/dags/kafka_topic_bootstrap.py for tasks to queue
[2026-06-02T06:25:29.079+0000] {logging_mixin.py:190} INFO - [2026-06-02T06:25:29.079+0000] {dagbag.py:588} INFO - Filling up the DagBag from /opt/airflow/dags/kafka_topic_bootstrap.py
[2026-06-02T06:25:30.221+0000] {processor.py:925} INFO - DAG(s) 'kafka_topic_bootstrap' retrieved from /opt/airflow/dags/kafka_topic_bootstrap.py
[2026-06-02T06:25:30.262+0000] {logging_mixin.py:190} INFO - [2026-06-02T06:25:30.262+0000] {dag.py:3239} INFO - Sync 1 DAGs
[2026-06-02T06:25:30.284+0000] {logging_mixin.py:190} INFO - [2026-06-02T06:25:30.284+0000] {dag.py:4180} INFO - Setting next_dagrun for kafka_topic_bootstrap to None, run_after=None
[2026-06-02T06:25:30.316+0000] {processor.py:208} INFO - Processing /opt/airflow/dags/kafka_topic_bootstrap.py took 1.259 seconds
[2026-06-02T06:26:01.076+0000] {processor.py:186} INFO - Started process (PID=1762) to work on /opt/airflow/dags/kafka_topic_bootstrap.py
[2026-06-02T06:26:01.078+0000] {processor.py:914} INFO - Processing file /opt/airflow/dags/kafka_topic_bootstrap.py for tasks to queue
[2026-06-02T06:26:01.082+0000] {logging_mixin.py:190} INFO - [2026-06-02T06:26:01.081+0000] {dagbag.py:588} INFO - Filling up the DagBag from /opt/airflow/dags/kafka_topic_bootstrap.py
[2026-06-02T06:26:02.214+0000] {processor.py:925} INFO - DAG(s) 'kafka_topic_bootstrap' retrieved from /opt/airflow/dags/kafka_topic_bootstrap.py
[2026-06-02T06:26:02.251+0000] {logging_mixin.py:190} INFO - [2026-06-02T06:26:02.250+0000] {dag.py:3239} INFO - Sync 1 DAGs
[2026-06-02T06:26:02.276+0000] {logging_mixin.py:190} INFO - [2026-06-02T06:26:02.276+0000] {dag.py:4180} INFO - Setting next_dagrun for kafka_topic_bootstrap to None, run_after=None
[2026-06-02T06:26:02.311+0000] {processor.py:208} INFO - Processing /opt/airflow/dags/kafka_topic_bootstrap.py took 1.248 seconds
[2026-06-02T06:26:32.725+0000] {processor.py:186} INFO - Started process (PID=1889) to work on /opt/airflow/dags/kafka_topic_bootstrap.py
[2026-06-02T06:26:32.727+0000] {processor.py:914} INFO - Processing file /opt/airflow/dags/kafka_topic_bootstrap.py for tasks to queue
[2026-06-02T06:26:32.731+0000] {logging_mixin.py:190} INFO - [2026-06-02T06:26:32.730+0000] {dagbag.py:588} INFO - Filling up the DagBag from /opt/airflow/dags/kafka_topic_bootstrap.py
[2026-06-02T06:26:33.610+0000] {processor.py:925} INFO - DAG(s) 'kafka_topic_bootstrap' retrieved from /opt/airflow/dags/kafka_topic_bootstrap.py
[2026-06-02T06:26:33.644+0000] {logging_mixin.py:190} INFO - [2026-06-02T06:26:33.643+0000] {dag.py:3239} INFO - Sync 1 DAGs
[2026-06-02T06:26:33.660+0000] {logging_mixin.py:190} INFO - [2026-06-02T06:26:33.659+0000] {dag.py:4180} INFO - Setting next_dagrun for kafka_topic_bootstrap to None, run_after=None
[2026-06-02T06:26:33.684+0000] {processor.py:208} INFO - Processing /opt/airflow/dags/kafka_topic_bootstrap.py took 0.969 seconds
[2026-06-02T06:27:04.351+0000] {processor.py:186} INFO - Started process (PID=2024) to work on /opt/airflow/dags/kafka_topic_bootstrap.py
[2026-06-02T06:27:04.353+0000] {processor.py:914} INFO - Processing file /opt/airflow/dags/kafka_topic_bootstrap.py for tasks to queue
[2026-06-02T06:27:04.358+0000] {logging_mixin.py:190} INFO - [2026-06-02T06:27:04.357+0000] {dagbag.py:588} INFO - Filling up the DagBag from /opt/airflow/dags/kafka_topic_bootstrap.py
[2026-06-02T06:27:05.269+0000] {processor.py:925} INFO - DAG(s) 'kafka_topic_bootstrap' retrieved from /opt/airflow/dags/kafka_topic_bootstrap.py
[2026-06-02T06:27:05.301+0000] {logging_mixin.py:190} INFO - [2026-06-02T06:27:05.300+0000] {dag.py:3239} INFO - Sync 1 DAGs
[2026-06-02T06:27:05.320+0000] {logging_mixin.py:190} INFO - [2026-06-02T06:27:05.319+0000] {dag.py:4180} INFO - Setting next_dagrun for kafka_topic_bootstrap to None, run_after=None
[2026-06-02T06:27:05.390+0000] {processor.py:208} INFO - Processing /opt/airflow/dags/kafka_topic_bootstrap.py took 1.052 seconds
[2026-06-02T06:27:36.265+0000] {processor.py:186} INFO - Started process (PID=2159) to work on /opt/airflow/dags/kafka_topic_bootstrap.py
[2026-06-02T06:27:36.268+0000] {processor.py:914} INFO - Processing file /opt/airflow/dags/kafka_topic_bootstrap.py for tasks to queue
[2026-06-02T06:27:36.304+0000] {logging_mixin.py:190} INFO - [2026-06-02T06:27:36.303+0000] {dagbag.py:588} INFO - Filling up the DagBag from /opt/airflow/dags/kafka_topic_bootstrap.py
[2026-06-02T06:27:37.806+0000] {processor.py:925} INFO - DAG(s) 'kafka_topic_bootstrap' retrieved from /opt/airflow/dags/kafka_topic_bootstrap.py
[2026-06-02T06:27:37.852+0000] {logging_mixin.py:190} INFO - [2026-06-02T06:27:37.850+0000] {dag.py:3239} INFO - Sync 1 DAGs
[2026-06-02T06:27:37.877+0000] {logging_mixin.py:190} INFO - [2026-06-02T06:27:37.876+0000] {dag.py:4180} INFO - Setting next_dagrun for kafka_topic_bootstrap to None, run_after=None
[2026-06-02T06:27:37.921+0000] {processor.py:208} INFO - Processing /opt/airflow/dags/kafka_topic_bootstrap.py took 1.677 seconds
[2026-06-02T06:28:08.574+0000] {processor.py:186} INFO - Started process (PID=2294) to work on /opt/airflow/dags/kafka_topic_bootstrap.py
[2026-06-02T06:28:08.576+0000] {processor.py:914} INFO - Processing file /opt/airflow/dags/kafka_topic_bootstrap.py for tasks to queue
[2026-06-02T06:28:08.580+0000] {logging_mixin.py:190} INFO - [2026-06-02T06:28:08.579+0000] {dagbag.py:588} INFO - Filling up the DagBag from /opt/airflow/dags/kafka_topic_bootstrap.py
[2026-06-02T06:28:09.992+0000] {processor.py:925} INFO - DAG(s) 'kafka_topic_bootstrap' retrieved from /opt/airflow/dags/kafka_topic_bootstrap.py
[2026-06-02T06:28:10.034+0000] {logging_mixin.py:190} INFO - [2026-06-02T06:28:10.033+0000] {dag.py:3239} INFO - Sync 1 DAGs
[2026-06-02T06:28:10.053+0000] {logging_mixin.py:190} INFO - [2026-06-02T06:28:10.053+0000] {dag.py:4180} INFO - Setting next_dagrun for kafka_topic_bootstrap to None, run_after=None
[2026-06-02T06:28:10.099+0000] {processor.py:208} INFO - Processing /opt/airflow/dags/kafka_topic_bootstrap.py took 1.541 seconds
[2026-06-02T06:28:40.839+0000] {processor.py:186} INFO - Started process (PID=2429) to work on /opt/airflow/dags/kafka_topic_bootstrap.py
[2026-06-02T06:28:40.841+0000] {processor.py:914} INFO - Processing file /opt/airflow/dags/kafka_topic_bootstrap.py for tasks to queue
[2026-06-02T06:28:40.845+0000] {logging_mixin.py:190} INFO - [2026-06-02T06:28:40.844+0000] {dagbag.py:588} INFO - Filling up the DagBag from /opt/airflow/dags/kafka_topic_bootstrap.py
[2026-06-02T06:28:41.834+0000] {processor.py:925} INFO - DAG(s) 'kafka_topic_bootstrap' retrieved from /opt/airflow/dags/kafka_topic_bootstrap.py
[2026-06-02T06:28:41.867+0000] {logging_mixin.py:190} INFO - [2026-06-02T06:28:41.866+0000] {dag.py:3239} INFO - Sync 1 DAGs
[2026-06-02T06:28:41.883+0000] {logging_mixin.py:190} INFO - [2026-06-02T06:28:41.883+0000] {dag.py:4180} INFO - Setting next_dagrun for kafka_topic_bootstrap to None, run_after=None
[2026-06-02T06:28:41.912+0000] {processor.py:208} INFO - Processing /opt/airflow/dags/kafka_topic_bootstrap.py took 1.085 seconds
[2026-06-02T06:29:12.678+0000] {processor.py:186} INFO - Started process (PID=2564) to work on /opt/airflow/dags/kafka_topic_bootstrap.py
[2026-06-02T06:29:12.680+0000] {processor.py:914} INFO - Processing file /opt/airflow/dags/kafka_topic_bootstrap.py for tasks to queue
[2026-06-02T06:29:12.689+0000] {logging_mixin.py:190} INFO - [2026-06-02T06:29:12.688+0000] {dagbag.py:588} INFO - Filling up the DagBag from /opt/airflow/dags/kafka_topic_bootstrap.py
[2026-06-02T06:29:13.695+0000] {processor.py:925} INFO - DAG(s) 'kafka_topic_bootstrap' retrieved from /opt/airflow/dags/kafka_topic_bootstrap.py
[2026-06-02T06:29:13.730+0000] {logging_mixin.py:190} INFO - [2026-06-02T06:29:13.730+0000] {dag.py:3239} INFO - Sync 1 DAGs
[2026-06-02T06:29:13.746+0000] {logging_mixin.py:190} INFO - [2026-06-02T06:29:13.746+0000] {dag.py:4180} INFO - Setting next_dagrun for kafka_topic_bootstrap to None, run_after=None
[2026-06-02T06:29:13.770+0000] {processor.py:208} INFO - Processing /opt/airflow/dags/kafka_topic_bootstrap.py took 1.117 seconds
[2026-06-02T06:29:43.866+0000] {processor.py:186} INFO - Started process (PID=2699) to work on /opt/airflow/dags/kafka_topic_bootstrap.py
[2026-06-02T06:29:43.868+0000] {processor.py:914} INFO - Processing file /opt/airflow/dags/kafka_topic_bootstrap.py for tasks to queue
[2026-06-02T06:29:43.872+0000] {logging_mixin.py:190} INFO - [2026-06-02T06:29:43.872+0000] {dagbag.py:588} INFO - Filling up the DagBag from /opt/airflow/dags/kafka_topic_bootstrap.py
[2026-06-02T06:29:45.121+0000] {processor.py:925} INFO - DAG(s) 'kafka_topic_bootstrap' retrieved from /opt/airflow/dags/kafka_topic_bootstrap.py
[2026-06-02T06:29:45.159+0000] {logging_mixin.py:190} INFO - [2026-06-02T06:29:45.159+0000] {dag.py:3239} INFO - Sync 1 DAGs
[2026-06-02T06:29:45.180+0000] {logging_mixin.py:190} INFO - [2026-06-02T06:29:45.179+0000] {dag.py:4180} INFO - Setting next_dagrun for kafka_topic_bootstrap to None, run_after=None
[2026-06-02T06:29:45.209+0000] {processor.py:208} INFO - Processing /opt/airflow/dags/kafka_topic_bootstrap.py took 1.353 seconds
[2026-06-02T06:30:15.542+0000] {processor.py:186} INFO - Started process (PID=2834) to work on /opt/airflow/dags/kafka_topic_bootstrap.py
[2026-06-02T06:30:15.545+0000] {processor.py:914} INFO - Processing file /opt/airflow/dags/kafka_topic_bootstrap.py for tasks to queue
[2026-06-02T06:30:15.550+0000] {logging_mixin.py:190} INFO - [2026-06-02T06:30:15.549+0000] {dagbag.py:588} INFO - Filling up the DagBag from /opt/airflow/dags/kafka_topic_bootstrap.py
[2026-06-02T06:30:16.676+0000] {processor.py:925} INFO - DAG(s) 'kafka_topic_bootstrap' retrieved from /opt/airflow/dags/kafka_topic_bootstrap.py
[2026-06-02T06:30:16.726+0000] {logging_mixin.py:190} INFO - [2026-06-02T06:30:16.725+0000] {dag.py:3239} INFO - Sync 1 DAGs
[2026-06-02T06:30:16.751+0000] {logging_mixin.py:190} INFO - [2026-06-02T06:30:16.751+0000] {dag.py:4180} INFO - Setting next_dagrun for kafka_topic_bootstrap to None, run_after=None
[2026-06-02T06:30:16.801+0000] {processor.py:208} INFO - Processing /opt/airflow/dags/kafka_topic_bootstrap.py took 1.272 seconds
[2026-06-02T06:30:47.758+0000] {processor.py:186} INFO - Started process (PID=2969) to work on /opt/airflow/dags/kafka_topic_bootstrap.py
[2026-06-02T06:30:47.760+0000] {processor.py:914} INFO - Processing file /opt/airflow/dags/kafka_topic_bootstrap.py for tasks to queue
[2026-06-02T06:30:47.765+0000] {logging_mixin.py:190} INFO - [2026-06-02T06:30:47.764+0000] {dagbag.py:588} INFO - Filling up the DagBag from /opt/airflow/dags/kafka_topic_bootstrap.py
[2026-06-02T06:30:48.809+0000] {processor.py:925} INFO - DAG(s) 'kafka_topic_bootstrap' retrieved from /opt/airflow/dags/kafka_topic_bootstrap.py
[2026-06-02T06:30:48.849+0000] {logging_mixin.py:190} INFO - [2026-06-02T06:30:48.848+0000] {dag.py:3239} INFO - Sync 1 DAGs
[2026-06-02T06:30:48.871+0000] {logging_mixin.py:190} INFO - [2026-06-02T06:30:48.871+0000] {dag.py:4180} INFO - Setting next_dagrun for kafka_topic_bootstrap to None, run_after=None
[2026-06-02T06:30:48.912+0000] {processor.py:208} INFO - Processing /opt/airflow/dags/kafka_topic_bootstrap.py took 1.165 seconds
[2026-06-02T06:31:19.589+0000] {processor.py:186} INFO - Started process (PID=3103) to work on /opt/airflow/dags/kafka_topic_bootstrap.py
[2026-06-02T06:31:19.590+0000] {processor.py:914} INFO - Processing file /opt/airflow/dags/kafka_topic_bootstrap.py for tasks to queue
[2026-06-02T06:31:19.594+0000] {logging_mixin.py:190} INFO - [2026-06-02T06:31:19.593+0000] {dagbag.py:588} INFO - Filling up the DagBag from /opt/airflow/dags/kafka_topic_bootstrap.py
[2026-06-02T06:31:20.530+0000] {processor.py:925} INFO - DAG(s) 'kafka_topic_bootstrap' retrieved from /opt/airflow/dags/kafka_topic_bootstrap.py
[2026-06-02T06:31:20.564+0000] {logging_mixin.py:190} INFO - [2026-06-02T06:31:20.563+0000] {dag.py:3239} INFO - Sync 1 DAGs
[2026-06-02T06:31:20.582+0000] {logging_mixin.py:190} INFO - [2026-06-02T06:31:20.582+0000] {dag.py:4180} INFO - Setting next_dagrun for kafka_topic_bootstrap to None, run_after=None
[2026-06-02T06:31:20.607+0000] {processor.py:208} INFO - Processing /opt/airflow/dags/kafka_topic_bootstrap.py took 1.030 seconds
[2026-06-02T06:31:51.198+0000] {processor.py:186} INFO - Started process (PID=3230) to work on /opt/airflow/dags/kafka_topic_bootstrap.py
[2026-06-02T06:31:51.201+0000] {processor.py:914} INFO - Processing file /opt/airflow/dags/kafka_topic_bootstrap.py for tasks to queue
[2026-06-02T06:31:51.206+0000] {logging_mixin.py:190} INFO - [2026-06-02T06:31:51.206+0000] {dagbag.py:588} INFO - Filling up the DagBag from /opt/airflow/dags/kafka_topic_bootstrap.py
[2026-06-02T06:31:52.580+0000] {processor.py:925} INFO - DAG(s) 'kafka_topic_bootstrap' retrieved from /opt/airflow/dags/kafka_topic_bootstrap.py
[2026-06-02T06:31:52.619+0000] {logging_mixin.py:190} INFO - [2026-06-02T06:31:52.618+0000] {dag.py:3239} INFO - Sync 1 DAGs
[2026-06-02T06:31:52.641+0000] {logging_mixin.py:190} INFO - [2026-06-02T06:31:52.640+0000] {dag.py:4180} INFO - Setting next_dagrun for kafka_topic_bootstrap to None, run_after=None
[2026-06-02T06:31:52.671+0000] {processor.py:208} INFO - Processing /opt/airflow/dags/kafka_topic_bootstrap.py took 1.480 seconds
[2026-06-02T06:32:23.459+0000] {processor.py:186} INFO - Started process (PID=3365) to work on /opt/airflow/dags/kafka_topic_bootstrap.py
[2026-06-02T06:32:23.461+0000] {processor.py:914} INFO - Processing file /opt/airflow/dags/kafka_topic_bootstrap.py for tasks to queue
[2026-06-02T06:32:23.466+0000] {logging_mixin.py:190} INFO - [2026-06-02T06:32:23.465+0000] {dagbag.py:588} INFO - Filling up the DagBag from /opt/airflow/dags/kafka_topic_bootstrap.py
[2026-06-02T06:32:24.498+0000] {processor.py:925} INFO - DAG(s) 'kafka_topic_bootstrap' retrieved from /opt/airflow/dags/kafka_topic_bootstrap.py
[2026-06-02T06:32:24.535+0000] {logging_mixin.py:190} INFO - [2026-06-02T06:32:24.534+0000] {dag.py:3239} INFO - Sync 1 DAGs
[2026-06-02T06:32:24.551+0000] {logging_mixin.py:190} INFO - [2026-06-02T06:32:24.550+0000] {dag.py:4180} INFO - Setting next_dagrun for kafka_topic_bootstrap to None, run_after=None
[2026-06-02T06:32:24.577+0000] {processor.py:208} INFO - Processing /opt/airflow/dags/kafka_topic_bootstrap.py took 1.128 seconds
[2026-06-02T06:32:55.154+0000] {processor.py:186} INFO - Started process (PID=3500) to work on /opt/airflow/dags/kafka_topic_bootstrap.py
[2026-06-02T06:32:55.156+0000] {processor.py:914} INFO - Processing file /opt/airflow/dags/kafka_topic_bootstrap.py for tasks to queue
[2026-06-02T06:32:55.160+0000] {logging_mixin.py:190} INFO - [2026-06-02T06:32:55.159+0000] {dagbag.py:588} INFO - Filling up the DagBag from /opt/airflow/dags/kafka_topic_bootstrap.py
[2026-06-02T06:32:56.092+0000] {processor.py:925} INFO - DAG(s) 'kafka_topic_bootstrap' retrieved from /opt/airflow/dags/kafka_topic_bootstrap.py
[2026-06-02T06:32:56.127+0000] {logging_mixin.py:190} INFO - [2026-06-02T06:32:56.126+0000] {dag.py:3239} INFO - Sync 1 DAGs
[2026-06-02T06:32:56.143+0000] {logging_mixin.py:190} INFO - [2026-06-02T06:32:56.142+0000] {dag.py:4180} INFO - Setting next_dagrun for kafka_topic_bootstrap to None, run_after=None
[2026-06-02T06:32:56.170+0000] {processor.py:208} INFO - Processing /opt/airflow/dags/kafka_topic_bootstrap.py took 1.026 seconds
[2026-06-02T06:33:26.541+0000] {processor.py:186} INFO - Started process (PID=3635) to work on /opt/airflow/dags/kafka_topic_bootstrap.py
[2026-06-02T06:33:26.543+0000] {processor.py:914} INFO - Processing file /opt/airflow/dags/kafka_topic_bootstrap.py for tasks to queue
[2026-06-02T06:33:26.546+0000] {logging_mixin.py:190} INFO - [2026-06-02T06:33:26.546+0000] {dagbag.py:588} INFO - Filling up the DagBag from /opt/airflow/dags/kafka_topic_bootstrap.py
[2026-06-02T06:33:27.501+0000] {processor.py:925} INFO - DAG(s) 'kafka_topic_bootstrap' retrieved from /opt/airflow/dags/kafka_topic_bootstrap.py
[2026-06-02T06:33:27.544+0000] {logging_mixin.py:190} INFO - [2026-06-02T06:33:27.543+0000] {dag.py:3239} INFO - Sync 1 DAGs
[2026-06-02T06:33:27.562+0000] {logging_mixin.py:190} INFO - [2026-06-02T06:33:27.561+0000] {dag.py:4180} INFO - Setting next_dagrun for kafka_topic_bootstrap to None, run_after=None
[2026-06-02T06:33:27.591+0000] {processor.py:208} INFO - Processing /opt/airflow/dags/kafka_topic_bootstrap.py took 1.062 seconds
[2026-06-02T06:33:58.180+0000] {processor.py:186} INFO - Started process (PID=3770) to work on /opt/airflow/dags/kafka_topic_bootstrap.py
[2026-06-02T06:33:58.182+0000] {processor.py:914} INFO - Processing file /opt/airflow/dags/kafka_topic_bootstrap.py for tasks to queue
[2026-06-02T06:33:58.185+0000] {logging_mixin.py:190} INFO - [2026-06-02T06:33:58.185+0000] {dagbag.py:588} INFO - Filling up the DagBag from /opt/airflow/dags/kafka_topic_bootstrap.py
[2026-06-02T06:33:59.228+0000] {processor.py:925} INFO - DAG(s) 'kafka_topic_bootstrap' retrieved from /opt/airflow/dags/kafka_topic_bootstrap.py
[2026-06-02T06:33:59.270+0000] {logging_mixin.py:190} INFO - [2026-06-02T06:33:59.270+0000] {dag.py:3239} INFO - Sync 1 DAGs
[2026-06-02T06:33:59.290+0000] {logging_mixin.py:190} INFO - [2026-06-02T06:33:59.290+0000] {dag.py:4180} INFO - Setting next_dagrun for kafka_topic_bootstrap to None, run_after=None
[2026-06-02T06:33:59.326+0000] {processor.py:208} INFO - Processing /opt/airflow/dags/kafka_topic_bootstrap.py took 1.158 seconds
[2026-06-02T06:34:29.859+0000] {processor.py:186} INFO - Started process (PID=3905) to work on /opt/airflow/dags/kafka_topic_bootstrap.py
[2026-06-02T06:34:29.860+0000] {processor.py:914} INFO - Processing file /opt/airflow/dags/kafka_topic_bootstrap.py for tasks to queue
[2026-06-02T06:34:29.865+0000] {logging_mixin.py:190} INFO - [2026-06-02T06:34:29.864+0000] {dagbag.py:588} INFO - Filling up the DagBag from /opt/airflow/dags/kafka_topic_bootstrap.py
[2026-06-02T06:34:30.703+0000] {processor.py:925} INFO - DAG(s) 'kafka_topic_bootstrap' retrieved from /opt/airflow/dags/kafka_topic_bootstrap.py
[2026-06-02T06:34:30.740+0000] {logging_mixin.py:190} INFO - [2026-06-02T06:34:30.740+0000] {dag.py:3239} INFO - Sync 1 DAGs
[2026-06-02T06:34:30.762+0000] {logging_mixin.py:190} INFO - [2026-06-02T06:34:30.762+0000] {dag.py:4180} INFO - Setting next_dagrun for kafka_topic_bootstrap to None, run_after=None
[2026-06-02T06:34:30.817+0000] {processor.py:208} INFO - Processing /opt/airflow/dags/kafka_topic_bootstrap.py took 0.967 seconds
[2026-06-02T06:35:01.401+0000] {processor.py:186} INFO - Started process (PID=4040) to work on /opt/airflow/dags/kafka_topic_bootstrap.py
[2026-06-02T06:35:01.403+0000] {processor.py:914} INFO - Processing file /opt/airflow/dags/kafka_topic_bootstrap.py for tasks to queue
[2026-06-02T06:35:01.407+0000] {logging_mixin.py:190} INFO - [2026-06-02T06:35:01.407+0000] {dagbag.py:588} INFO - Filling up the DagBag from /opt/airflow/dags/kafka_topic_bootstrap.py
[2026-06-02T06:35:02.427+0000] {processor.py:925} INFO - DAG(s) 'kafka_topic_bootstrap' retrieved from /opt/airflow/dags/kafka_topic_bootstrap.py
[2026-06-02T06:35:02.468+0000] {logging_mixin.py:190} INFO - [2026-06-02T06:35:02.467+0000] {dag.py:3239} INFO - Sync 1 DAGs
[2026-06-02T06:35:02.487+0000] {logging_mixin.py:190} INFO - [2026-06-02T06:35:02.487+0000] {dag.py:4180} INFO - Setting next_dagrun for kafka_topic_bootstrap to None, run_after=None
[2026-06-02T06:35:02.512+0000] {processor.py:208} INFO - Processing /opt/airflow/dags/kafka_topic_bootstrap.py took 1.121 seconds
[2026-06-02T06:35:33.127+0000] {processor.py:186} INFO - Started process (PID=4175) to work on /opt/airflow/dags/kafka_topic_bootstrap.py
[2026-06-02T06:35:33.131+0000] {processor.py:914} INFO - Processing file /opt/airflow/dags/kafka_topic_bootstrap.py for tasks to queue
[2026-06-02T06:35:33.135+0000] {logging_mixin.py:190} INFO - [2026-06-02T06:35:33.135+0000] {dagbag.py:588} INFO - Filling up the DagBag from /opt/airflow/dags/kafka_topic_bootstrap.py
[2026-06-02T06:35:34.447+0000] {processor.py:925} INFO - DAG(s) 'kafka_topic_bootstrap' retrieved from /opt/airflow/dags/kafka_topic_bootstrap.py
[2026-06-02T06:35:34.507+0000] {logging_mixin.py:190} INFO - [2026-06-02T06:35:34.506+0000] {dag.py:3239} INFO - Sync 1 DAGs
[2026-06-02T06:35:34.530+0000] {logging_mixin.py:190} INFO - [2026-06-02T06:35:34.530+0000] {dag.py:4180} INFO - Setting next_dagrun for kafka_topic_bootstrap to None, run_after=None
[2026-06-02T06:35:34.564+0000] {processor.py:208} INFO - Processing /opt/airflow/dags/kafka_topic_bootstrap.py took 1.450 seconds
[2026-06-02T06:36:04.836+0000] {processor.py:186} INFO - Started process (PID=4310) to work on /opt/airflow/dags/kafka_topic_bootstrap.py
[2026-06-02T06:36:04.838+0000] {processor.py:914} INFO - Processing file /opt/airflow/dags/kafka_topic_bootstrap.py for tasks to queue
[2026-06-02T06:36:04.842+0000] {logging_mixin.py:190} INFO - [2026-06-02T06:36:04.841+0000] {dagbag.py:588} INFO - Filling up the DagBag from /opt/airflow/dags/kafka_topic_bootstrap.py
[2026-06-02T06:36:05.886+0000] {processor.py:925} INFO - DAG(s) 'kafka_topic_bootstrap' retrieved from /opt/airflow/dags/kafka_topic_bootstrap.py
[2026-06-02T06:36:05.924+0000] {logging_mixin.py:190} INFO - [2026-06-02T06:36:05.924+0000] {dag.py:3239} INFO - Sync 1 DAGs
[2026-06-02T06:36:05.943+0000] {logging_mixin.py:190} INFO - [2026-06-02T06:36:05.942+0000] {dag.py:4180} INFO - Setting next_dagrun for kafka_topic_bootstrap to None, run_after=None
[2026-06-02T06:36:05.976+0000] {processor.py:208} INFO - Processing /opt/airflow/dags/kafka_topic_bootstrap.py took 1.149 seconds
[2026-06-02T06:36:36.662+0000] {processor.py:186} INFO - Started process (PID=4446) to work on /opt/airflow/dags/kafka_topic_bootstrap.py
[2026-06-02T06:36:36.665+0000] {processor.py:914} INFO - Processing file /opt/airflow/dags/kafka_topic_bootstrap.py for tasks to queue
[2026-06-02T06:36:36.669+0000] {logging_mixin.py:190} INFO - [2026-06-02T06:36:36.669+0000] {dagbag.py:588} INFO - Filling up the DagBag from /opt/airflow/dags/kafka_topic_bootstrap.py
[2026-06-02T06:36:37.837+0000] {processor.py:925} INFO - DAG(s) 'kafka_topic_bootstrap' retrieved from /opt/airflow/dags/kafka_topic_bootstrap.py
[2026-06-02T06:36:37.880+0000] {logging_mixin.py:190} INFO - [2026-06-02T06:36:37.880+0000] {dag.py:3239} INFO - Sync 1 DAGs
[2026-06-02T06:36:37.902+0000] {logging_mixin.py:190} INFO - [2026-06-02T06:36:37.902+0000] {dag.py:4180} INFO - Setting next_dagrun for kafka_topic_bootstrap to None, run_after=None
[2026-06-02T06:36:37.935+0000] {processor.py:208} INFO - Processing /opt/airflow/dags/kafka_topic_bootstrap.py took 1.284 seconds
[2026-06-02T06:37:08.701+0000] {processor.py:186} INFO - Started process (PID=4580) to work on /opt/airflow/dags/kafka_topic_bootstrap.py
[2026-06-02T06:37:08.702+0000] {processor.py:914} INFO - Processing file /opt/airflow/dags/kafka_topic_bootstrap.py for tasks to queue
[2026-06-02T06:37:08.706+0000] {logging_mixin.py:190} INFO - [2026-06-02T06:37:08.706+0000] {dagbag.py:588} INFO - Filling up the DagBag from /opt/airflow/dags/kafka_topic_bootstrap.py
[2026-06-02T06:37:10.008+0000] {processor.py:925} INFO - DAG(s) 'kafka_topic_bootstrap' retrieved from /opt/airflow/dags/kafka_topic_bootstrap.py
[2026-06-02T06:37:10.060+0000] {logging_mixin.py:190} INFO - [2026-06-02T06:37:10.059+0000] {dag.py:3239} INFO - Sync 1 DAGs
[2026-06-02T06:37:10.087+0000] {logging_mixin.py:190} INFO - [2026-06-02T06:37:10.086+0000] {dag.py:4180} INFO - Setting next_dagrun for kafka_topic_bootstrap to None, run_after=None
[2026-06-02T06:37:10.126+0000] {processor.py:208} INFO - Processing /opt/airflow/dags/kafka_topic_bootstrap.py took 1.437 seconds
[2026-06-02T06:37:40.373+0000] {processor.py:186} INFO - Started process (PID=4707) to work on /opt/airflow/dags/kafka_topic_bootstrap.py
[2026-06-02T06:37:40.375+0000] {processor.py:914} INFO - Processing file /opt/airflow/dags/kafka_topic_bootstrap.py for tasks to queue
[2026-06-02T06:37:40.379+0000] {logging_mixin.py:190} INFO - [2026-06-02T06:37:40.379+0000] {dagbag.py:588} INFO - Filling up the DagBag from /opt/airflow/dags/kafka_topic_bootstrap.py
[2026-06-02T06:37:41.341+0000] {processor.py:925} INFO - DAG(s) 'kafka_topic_bootstrap' retrieved from /opt/airflow/dags/kafka_topic_bootstrap.py
[2026-06-02T06:37:41.375+0000] {logging_mixin.py:190} INFO - [2026-06-02T06:37:41.374+0000] {dag.py:3239} INFO - Sync 1 DAGs
[2026-06-02T06:37:41.393+0000] {logging_mixin.py:190} INFO - [2026-06-02T06:37:41.393+0000] {dag.py:4180} INFO - Setting next_dagrun for kafka_topic_bootstrap to None, run_after=None
[2026-06-02T06:37:41.420+0000] {processor.py:208} INFO - Processing /opt/airflow/dags/kafka_topic_bootstrap.py took 1.060 seconds
[2026-06-02T06:38:11.930+0000] {processor.py:186} INFO - Started process (PID=4842) to work on /opt/airflow/dags/kafka_topic_bootstrap.py
[2026-06-02T06:38:11.931+0000] {processor.py:914} INFO - Processing file /opt/airflow/dags/kafka_topic_bootstrap.py for tasks to queue
[2026-06-02T06:38:11.936+0000] {logging_mixin.py:190} INFO - [2026-06-02T06:38:11.935+0000] {dagbag.py:588} INFO - Filling up the DagBag from /opt/airflow/dags/kafka_topic_bootstrap.py
[2026-06-02T06:38:12.767+0000] {processor.py:925} INFO - DAG(s) 'kafka_topic_bootstrap' retrieved from /opt/airflow/dags/kafka_topic_bootstrap.py
[2026-06-02T06:38:12.799+0000] {logging_mixin.py:190} INFO - [2026-06-02T06:38:12.798+0000] {dag.py:3239} INFO - Sync 1 DAGs
[2026-06-02T06:38:12.814+0000] {logging_mixin.py:190} INFO - [2026-06-02T06:38:12.814+0000] {dag.py:4180} INFO - Setting next_dagrun for kafka_topic_bootstrap to None, run_after=None
[2026-06-02T06:38:12.841+0000] {processor.py:208} INFO - Processing /opt/airflow/dags/kafka_topic_bootstrap.py took 0.922 seconds
[2026-06-02T06:38:43.479+0000] {processor.py:186} INFO - Started process (PID=4977) to work on /opt/airflow/dags/kafka_topic_bootstrap.py
[2026-06-02T06:38:43.481+0000] {processor.py:914} INFO - Processing file /opt/airflow/dags/kafka_topic_bootstrap.py for tasks to queue
[2026-06-02T06:38:43.485+0000] {logging_mixin.py:190} INFO - [2026-06-02T06:38:43.484+0000] {dagbag.py:588} INFO - Filling up the DagBag from /opt/airflow/dags/kafka_topic_bootstrap.py
[2026-06-02T06:38:44.559+0000] {processor.py:925} INFO - DAG(s) 'kafka_topic_bootstrap' retrieved from /opt/airflow/dags/kafka_topic_bootstrap.py
[2026-06-02T06:38:44.624+0000] {logging_mixin.py:190} INFO - [2026-06-02T06:38:44.622+0000] {dag.py:3239} INFO - Sync 1 DAGs
[2026-06-02T06:38:44.652+0000] {logging_mixin.py:190} INFO - [2026-06-02T06:38:44.652+0000] {dag.py:4180} INFO - Setting next_dagrun for kafka_topic_bootstrap to None, run_after=None
[2026-06-02T06:38:44.701+0000] {processor.py:208} INFO - Processing /opt/airflow/dags/kafka_topic_bootstrap.py took 1.232 seconds
[2026-06-02T06:39:15.020+0000] {processor.py:186} INFO - Started process (PID=5112) to work on /opt/airflow/dags/kafka_topic_bootstrap.py
[2026-06-02T06:39:15.022+0000] {processor.py:914} INFO - Processing file /opt/airflow/dags/kafka_topic_bootstrap.py for tasks to queue
[2026-06-02T06:39:15.026+0000] {logging_mixin.py:190} INFO - [2026-06-02T06:39:15.025+0000] {dagbag.py:588} INFO - Filling up the DagBag from /opt/airflow/dags/kafka_topic_bootstrap.py
[2026-06-02T06:39:15.867+0000] {processor.py:925} INFO - DAG(s) 'kafka_topic_bootstrap' retrieved from /opt/airflow/dags/kafka_topic_bootstrap.py
[2026-06-02T06:39:15.898+0000] {logging_mixin.py:190} INFO - [2026-06-02T06:39:15.897+0000] {dag.py:3239} INFO - Sync 1 DAGs
[2026-06-02T06:39:15.913+0000] {logging_mixin.py:190} INFO - [2026-06-02T06:39:15.913+0000] {dag.py:4180} INFO - Setting next_dagrun for kafka_topic_bootstrap to None, run_after=None
[2026-06-02T06:39:15.938+0000] {processor.py:208} INFO - Processing /opt/airflow/dags/kafka_topic_bootstrap.py took 0.928 seconds
[2026-06-02T06:39:46.617+0000] {processor.py:186} INFO - Started process (PID=5248) to work on /opt/airflow/dags/kafka_topic_bootstrap.py
[2026-06-02T06:39:46.620+0000] {processor.py:914} INFO - Processing file /opt/airflow/dags/kafka_topic_bootstrap.py for tasks to queue
[2026-06-02T06:39:46.625+0000] {logging_mixin.py:190} INFO - [2026-06-02T06:39:46.624+0000] {dagbag.py:588} INFO - Filling up the DagBag from /opt/airflow/dags/kafka_topic_bootstrap.py
[2026-06-02T06:39:47.580+0000] {processor.py:925} INFO - DAG(s) 'kafka_topic_bootstrap' retrieved from /opt/airflow/dags/kafka_topic_bootstrap.py
[2026-06-02T06:39:47.630+0000] {logging_mixin.py:190} INFO - [2026-06-02T06:39:47.630+0000] {dag.py:3239} INFO - Sync 1 DAGs
[2026-06-02T06:39:47.662+0000] {logging_mixin.py:190} INFO - [2026-06-02T06:39:47.662+0000] {dag.py:4180} INFO - Setting next_dagrun for kafka_topic_bootstrap to None, run_after=None
[2026-06-02T06:39:47.699+0000] {processor.py:208} INFO - Processing /opt/airflow/dags/kafka_topic_bootstrap.py took 1.094 seconds
[2026-06-02T06:40:18.357+0000] {processor.py:186} INFO - Started process (PID=5383) to work on /opt/airflow/dags/kafka_topic_bootstrap.py
[2026-06-02T06:40:18.359+0000] {processor.py:914} INFO - Processing file /opt/airflow/dags/kafka_topic_bootstrap.py for tasks to queue
[2026-06-02T06:40:18.363+0000] {logging_mixin.py:190} INFO - [2026-06-02T06:40:18.362+0000] {dagbag.py:588} INFO - Filling up the DagBag from /opt/airflow/dags/kafka_topic_bootstrap.py
[2026-06-02T06:40:19.357+0000] {processor.py:925} INFO - DAG(s) 'kafka_topic_bootstrap' retrieved from /opt/airflow/dags/kafka_topic_bootstrap.py
[2026-06-02T06:40:19.400+0000] {logging_mixin.py:190} INFO - [2026-06-02T06:40:19.400+0000] {dag.py:3239} INFO - Sync 1 DAGs
[2026-06-02T06:40:19.427+0000] {logging_mixin.py:190} INFO - [2026-06-02T06:40:19.427+0000] {dag.py:4180} INFO - Setting next_dagrun for kafka_topic_bootstrap to None, run_after=None
[2026-06-02T06:40:19.469+0000] {processor.py:208} INFO - Processing /opt/airflow/dags/kafka_topic_bootstrap.py took 1.124 seconds
[2026-06-02T06:40:49.804+0000] {processor.py:186} INFO - Started process (PID=5518) to work on /opt/airflow/dags/kafka_topic_bootstrap.py
[2026-06-02T06:40:49.808+0000] {processor.py:914} INFO - Processing file /opt/airflow/dags/kafka_topic_bootstrap.py for tasks to queue
[2026-06-02T06:40:49.815+0000] {logging_mixin.py:190} INFO - [2026-06-02T06:40:49.813+0000] {dagbag.py:588} INFO - Filling up the DagBag from /opt/airflow/dags/kafka_topic_bootstrap.py
[2026-06-02T06:40:51.015+0000] {processor.py:925} INFO - DAG(s) 'kafka_topic_bootstrap' retrieved from /opt/airflow/dags/kafka_topic_bootstrap.py
[2026-06-02T06:40:51.064+0000] {logging_mixin.py:190} INFO - [2026-06-02T06:40:51.063+0000] {dag.py:3239} INFO - Sync 1 DAGs
[2026-06-02T06:40:51.085+0000] {logging_mixin.py:190} INFO - [2026-06-02T06:40:51.084+0000] {dag.py:4180} INFO - Setting next_dagrun for kafka_topic_bootstrap to None, run_after=None
[2026-06-02T06:40:51.117+0000] {processor.py:208} INFO - Processing /opt/airflow/dags/kafka_topic_bootstrap.py took 1.329 seconds
[2026-06-02T06:41:21.344+0000] {processor.py:186} INFO - Started process (PID=5653) to work on /opt/airflow/dags/kafka_topic_bootstrap.py
[2026-06-02T06:41:21.346+0000] {processor.py:914} INFO - Processing file /opt/airflow/dags/kafka_topic_bootstrap.py for tasks to queue
[2026-06-02T06:41:21.351+0000] {logging_mixin.py:190} INFO - [2026-06-02T06:41:21.350+0000] {dagbag.py:588} INFO - Filling up the DagBag from /opt/airflow/dags/kafka_topic_bootstrap.py
[2026-06-02T06:41:22.572+0000] {processor.py:925} INFO - DAG(s) 'kafka_topic_bootstrap' retrieved from /opt/airflow/dags/kafka_topic_bootstrap.py
[2026-06-02T06:41:22.619+0000] {logging_mixin.py:190} INFO - [2026-06-02T06:41:22.618+0000] {dag.py:3239} INFO - Sync 1 DAGs
[2026-06-02T06:41:22.642+0000] {logging_mixin.py:190} INFO - [2026-06-02T06:41:22.642+0000] {dag.py:4180} INFO - Setting next_dagrun for kafka_topic_bootstrap to None, run_after=None
[2026-06-02T06:41:22.679+0000] {processor.py:208} INFO - Processing /opt/airflow/dags/kafka_topic_bootstrap.py took 1.352 seconds
[2026-06-02T06:41:53.180+0000] {processor.py:186} INFO - Started process (PID=5787) to work on /opt/airflow/dags/kafka_topic_bootstrap.py
[2026-06-02T06:41:53.182+0000] {processor.py:914} INFO - Processing file /opt/airflow/dags/kafka_topic_bootstrap.py for tasks to queue
[2026-06-02T06:41:53.188+0000] {logging_mixin.py:190} INFO - [2026-06-02T06:41:53.187+0000] {dagbag.py:588} INFO - Filling up the DagBag from /opt/airflow/dags/kafka_topic_bootstrap.py
[2026-06-02T06:41:54.215+0000] {processor.py:925} INFO - DAG(s) 'kafka_topic_bootstrap' retrieved from /opt/airflow/dags/kafka_topic_bootstrap.py
[2026-06-02T06:41:54.246+0000] {logging_mixin.py:190} INFO - [2026-06-02T06:41:54.246+0000] {dag.py:3239} INFO - Sync 1 DAGs
[2026-06-02T06:41:54.262+0000] {logging_mixin.py:190} INFO - [2026-06-02T06:41:54.262+0000] {dag.py:4180} INFO - Setting next_dagrun for kafka_topic_bootstrap to None, run_after=None
[2026-06-02T06:41:54.288+0000] {processor.py:208} INFO - Processing /opt/airflow/dags/kafka_topic_bootstrap.py took 1.122 seconds
[2026-06-02T06:42:24.975+0000] {processor.py:186} INFO - Started process (PID=5914) to work on /opt/airflow/dags/kafka_topic_bootstrap.py
[2026-06-02T06:42:24.978+0000] {processor.py:914} INFO - Processing file /opt/airflow/dags/kafka_topic_bootstrap.py for tasks to queue
[2026-06-02T06:42:24.984+0000] {logging_mixin.py:190} INFO - [2026-06-02T06:42:24.983+0000] {dagbag.py:588} INFO - Filling up the DagBag from /opt/airflow/dags/kafka_topic_bootstrap.py
[2026-06-02T06:42:26.345+0000] {processor.py:925} INFO - DAG(s) 'kafka_topic_bootstrap' retrieved from /opt/airflow/dags/kafka_topic_bootstrap.py
[2026-06-02T06:42:26.383+0000] {logging_mixin.py:190} INFO - [2026-06-02T06:42:26.382+0000] {dag.py:3239} INFO - Sync 1 DAGs
[2026-06-02T06:42:26.404+0000] {logging_mixin.py:190} INFO - [2026-06-02T06:42:26.404+0000] {dag.py:4180} INFO - Setting next_dagrun for kafka_topic_bootstrap to None, run_after=None
[2026-06-02T06:42:26.445+0000] {processor.py:208} INFO - Processing /opt/airflow/dags/kafka_topic_bootstrap.py took 1.482 seconds
[2026-06-02T06:42:57.331+0000] {processor.py:186} INFO - Started process (PID=6049) to work on /opt/airflow/dags/kafka_topic_bootstrap.py
[2026-06-02T06:42:57.333+0000] {processor.py:914} INFO - Processing file /opt/airflow/dags/kafka_topic_bootstrap.py for tasks to queue
[2026-06-02T06:42:57.337+0000] {logging_mixin.py:190} INFO - [2026-06-02T06:42:57.337+0000] {dagbag.py:588} INFO - Filling up the DagBag from /opt/airflow/dags/kafka_topic_bootstrap.py
[2026-06-02T06:42:58.580+0000] {processor.py:925} INFO - DAG(s) 'kafka_topic_bootstrap' retrieved from /opt/airflow/dags/kafka_topic_bootstrap.py
[2026-06-02T06:42:58.633+0000] {logging_mixin.py:190} INFO - [2026-06-02T06:42:58.631+0000] {dag.py:3239} INFO - Sync 1 DAGs
[2026-06-02T06:42:58.672+0000] {logging_mixin.py:190} INFO - [2026-06-02T06:42:58.671+0000] {dag.py:4180} INFO - Setting next_dagrun for kafka_topic_bootstrap to None, run_after=None
[2026-06-02T06:42:58.721+0000] {processor.py:208} INFO - Processing /opt/airflow/dags/kafka_topic_bootstrap.py took 1.405 seconds
[2026-06-02T06:43:29.497+0000] {processor.py:186} INFO - Started process (PID=6184) to work on /opt/airflow/dags/kafka_topic_bootstrap.py
[2026-06-02T06:43:29.499+0000] {processor.py:914} INFO - Processing file /opt/airflow/dags/kafka_topic_bootstrap.py for tasks to queue
[2026-06-02T06:43:29.505+0000] {logging_mixin.py:190} INFO - [2026-06-02T06:43:29.504+0000] {dagbag.py:588} INFO - Filling up the DagBag from /opt/airflow/dags/kafka_topic_bootstrap.py
[2026-06-02T06:43:30.443+0000] {processor.py:925} INFO - DAG(s) 'kafka_topic_bootstrap' retrieved from /opt/airflow/dags/kafka_topic_bootstrap.py
[2026-06-02T06:43:30.480+0000] {logging_mixin.py:190} INFO - [2026-06-02T06:43:30.479+0000] {dag.py:3239} INFO - Sync 1 DAGs
[2026-06-02T06:43:30.498+0000] {logging_mixin.py:190} INFO - [2026-06-02T06:43:30.497+0000] {dag.py:4180} INFO - Setting next_dagrun for kafka_topic_bootstrap to None, run_after=None
[2026-06-02T06:43:30.532+0000] {processor.py:208} INFO - Processing /opt/airflow/dags/kafka_topic_bootstrap.py took 1.045 seconds
[2026-06-02T06:44:01.189+0000] {processor.py:186} INFO - Started process (PID=6320) to work on /opt/airflow/dags/kafka_topic_bootstrap.py
[2026-06-02T06:44:01.191+0000] {processor.py:914} INFO - Processing file /opt/airflow/dags/kafka_topic_bootstrap.py for tasks to queue
[2026-06-02T06:44:01.197+0000] {logging_mixin.py:190} INFO - [2026-06-02T06:44:01.196+0000] {dagbag.py:588} INFO - Filling up the DagBag from /opt/airflow/dags/kafka_topic_bootstrap.py
[2026-06-02T06:44:02.043+0000] {processor.py:925} INFO - DAG(s) 'kafka_topic_bootstrap' retrieved from /opt/airflow/dags/kafka_topic_bootstrap.py
[2026-06-02T06:44:02.074+0000] {logging_mixin.py:190} INFO - [2026-06-02T06:44:02.074+0000] {dag.py:3239} INFO - Sync 1 DAGs
[2026-06-02T06:44:02.089+0000] {logging_mixin.py:190} INFO - [2026-06-02T06:44:02.089+0000] {dag.py:4180} INFO - Setting next_dagrun for kafka_topic_bootstrap to None, run_after=None
[2026-06-02T06:44:02.115+0000] {processor.py:208} INFO - Processing /opt/airflow/dags/kafka_topic_bootstrap.py took 0.936 seconds
[2026-06-02T06:44:33.031+0000] {processor.py:186} INFO - Started process (PID=6455) to work on /opt/airflow/dags/kafka_topic_bootstrap.py
[2026-06-02T06:44:33.036+0000] {processor.py:914} INFO - Processing file /opt/airflow/dags/kafka_topic_bootstrap.py for tasks to queue
[2026-06-02T06:44:33.043+0000] {logging_mixin.py:190} INFO - [2026-06-02T06:44:33.043+0000] {dagbag.py:588} INFO - Filling up the DagBag from /opt/airflow/dags/kafka_topic_bootstrap.py
[2026-06-02T06:44:34.044+0000] {processor.py:925} INFO - DAG(s) 'kafka_topic_bootstrap' retrieved from /opt/airflow/dags/kafka_topic_bootstrap.py
[2026-06-02T06:44:34.080+0000] {logging_mixin.py:190} INFO - [2026-06-02T06:44:34.080+0000] {dag.py:3239} INFO - Sync 1 DAGs
[2026-06-02T06:44:34.097+0000] {logging_mixin.py:190} INFO - [2026-06-02T06:44:34.097+0000] {dag.py:4180} INFO - Setting next_dagrun for kafka_topic_bootstrap to None, run_after=None
[2026-06-02T06:44:34.124+0000] {processor.py:208} INFO - Processing /opt/airflow/dags/kafka_topic_bootstrap.py took 1.106 seconds
[2026-06-02T06:45:04.760+0000] {processor.py:186} INFO - Started process (PID=6590) to work on /opt/airflow/dags/kafka_topic_bootstrap.py
[2026-06-02T06:45:04.762+0000] {processor.py:914} INFO - Processing file /opt/airflow/dags/kafka_topic_bootstrap.py for tasks to queue
[2026-06-02T06:45:04.767+0000] {logging_mixin.py:190} INFO - [2026-06-02T06:45:04.766+0000] {dagbag.py:588} INFO - Filling up the DagBag from /opt/airflow/dags/kafka_topic_bootstrap.py
[2026-06-02T06:45:05.710+0000] {processor.py:925} INFO - DAG(s) 'kafka_topic_bootstrap' retrieved from /opt/airflow/dags/kafka_topic_bootstrap.py
[2026-06-02T06:45:05.742+0000] {logging_mixin.py:190} INFO - [2026-06-02T06:45:05.741+0000] {dag.py:3239} INFO - Sync 1 DAGs
[2026-06-02T06:45:05.758+0000] {logging_mixin.py:190} INFO - [2026-06-02T06:45:05.757+0000] {dag.py:4180} INFO - Setting next_dagrun for kafka_topic_bootstrap to None, run_after=None
[2026-06-02T06:45:05.786+0000] {processor.py:208} INFO - Processing /opt/airflow/dags/kafka_topic_bootstrap.py took 1.040 seconds
[2026-06-02T06:45:35.962+0000] {processor.py:186} INFO - Started process (PID=6725) to work on /opt/airflow/dags/kafka_topic_bootstrap.py
[2026-06-02T06:45:35.964+0000] {processor.py:914} INFO - Processing file /opt/airflow/dags/kafka_topic_bootstrap.py for tasks to queue
[2026-06-02T06:45:35.968+0000] {logging_mixin.py:190} INFO - [2026-06-02T06:45:35.967+0000] {dagbag.py:588} INFO - Filling up the DagBag from /opt/airflow/dags/kafka_topic_bootstrap.py
[2026-06-02T06:45:37.033+0000] {processor.py:925} INFO - DAG(s) 'kafka_topic_bootstrap' retrieved from /opt/airflow/dags/kafka_topic_bootstrap.py
[2026-06-02T06:45:37.080+0000] {logging_mixin.py:190} INFO - [2026-06-02T06:45:37.079+0000] {dag.py:3239} INFO - Sync 1 DAGs
[2026-06-02T06:45:37.104+0000] {logging_mixin.py:190} INFO - [2026-06-02T06:45:37.103+0000] {dag.py:4180} INFO - Setting next_dagrun for kafka_topic_bootstrap to None, run_after=None
[2026-06-02T06:45:37.141+0000] {processor.py:208} INFO - Processing /opt/airflow/dags/kafka_topic_bootstrap.py took 1.189 seconds
[2026-06-02T06:46:07.586+0000] {processor.py:186} INFO - Started process (PID=6860) to work on /opt/airflow/dags/kafka_topic_bootstrap.py
[2026-06-02T06:46:07.588+0000] {processor.py:914} INFO - Processing file /opt/airflow/dags/kafka_topic_bootstrap.py for tasks to queue
[2026-06-02T06:46:07.593+0000] {logging_mixin.py:190} INFO - [2026-06-02T06:46:07.592+0000] {dagbag.py:588} INFO - Filling up the DagBag from /opt/airflow/dags/kafka_topic_bootstrap.py
[2026-06-02T06:46:08.518+0000] {processor.py:925} INFO - DAG(s) 'kafka_topic_bootstrap' retrieved from /opt/airflow/dags/kafka_topic_bootstrap.py
[2026-06-02T06:46:08.554+0000] {logging_mixin.py:190} INFO - [2026-06-02T06:46:08.554+0000] {dag.py:3239} INFO - Sync 1 DAGs
[2026-06-02T06:46:08.576+0000] {logging_mixin.py:190} INFO - [2026-06-02T06:46:08.576+0000] {dag.py:4180} INFO - Setting next_dagrun for kafka_topic_bootstrap to None, run_after=None
[2026-06-02T06:46:08.604+0000] {processor.py:208} INFO - Processing /opt/airflow/dags/kafka_topic_bootstrap.py took 1.030 seconds
[2026-06-02T06:46:39.373+0000] {processor.py:186} INFO - Started process (PID=6995) to work on /opt/airflow/dags/kafka_topic_bootstrap.py
[2026-06-02T06:46:39.374+0000] {processor.py:914} INFO - Processing file /opt/airflow/dags/kafka_topic_bootstrap.py for tasks to queue
[2026-06-02T06:46:39.379+0000] {logging_mixin.py:190} INFO - [2026-06-02T06:46:39.378+0000] {dagbag.py:588} INFO - Filling up the DagBag from /opt/airflow/dags/kafka_topic_bootstrap.py
[2026-06-02T06:46:40.397+0000] {processor.py:925} INFO - DAG(s) 'kafka_topic_bootstrap' retrieved from /opt/airflow/dags/kafka_topic_bootstrap.py
[2026-06-02T06:46:40.453+0000] {logging_mixin.py:190} INFO - [2026-06-02T06:46:40.452+0000] {dag.py:3239} INFO - Sync 1 DAGs
[2026-06-02T06:46:40.473+0000] {logging_mixin.py:190} INFO - [2026-06-02T06:46:40.472+0000] {dag.py:4180} INFO - Setting next_dagrun for kafka_topic_bootstrap to None, run_after=None
[2026-06-02T06:46:40.504+0000] {processor.py:208} INFO - Processing /opt/airflow/dags/kafka_topic_bootstrap.py took 1.141 seconds
[2026-06-02T06:47:10.979+0000] {processor.py:186} INFO - Started process (PID=7129) to work on /opt/airflow/dags/kafka_topic_bootstrap.py
[2026-06-02T06:47:10.981+0000] {processor.py:914} INFO - Processing file /opt/airflow/dags/kafka_topic_bootstrap.py for tasks to queue
[2026-06-02T06:47:10.986+0000] {logging_mixin.py:190} INFO - [2026-06-02T06:47:10.986+0000] {dagbag.py:588} INFO - Filling up the DagBag from /opt/airflow/dags/kafka_topic_bootstrap.py
[2026-06-02T06:47:12.176+0000] {processor.py:925} INFO - DAG(s) 'kafka_topic_bootstrap' retrieved from /opt/airflow/dags/kafka_topic_bootstrap.py
[2026-06-02T06:47:12.215+0000] {logging_mixin.py:190} INFO - [2026-06-02T06:47:12.214+0000] {dag.py:3239} INFO - Sync 1 DAGs
[2026-06-02T06:47:12.234+0000] {logging_mixin.py:190} INFO - [2026-06-02T06:47:12.234+0000] {dag.py:4180} INFO - Setting next_dagrun for kafka_topic_bootstrap to None, run_after=None
[2026-06-02T06:47:12.264+0000] {processor.py:208} INFO - Processing /opt/airflow/dags/kafka_topic_bootstrap.py took 1.296 seconds
[2026-06-02T06:47:43.136+0000] {processor.py:186} INFO - Started process (PID=7256) to work on /opt/airflow/dags/kafka_topic_bootstrap.py
[2026-06-02T06:47:43.138+0000] {processor.py:914} INFO - Processing file /opt/airflow/dags/kafka_topic_bootstrap.py for tasks to queue
[2026-06-02T06:47:43.142+0000] {logging_mixin.py:190} INFO - [2026-06-02T06:47:43.141+0000] {dagbag.py:588} INFO - Filling up the DagBag from /opt/airflow/dags/kafka_topic_bootstrap.py
[2026-06-02T06:47:44.362+0000] {processor.py:925} INFO - DAG(s) 'kafka_topic_bootstrap' retrieved from /opt/airflow/dags/kafka_topic_bootstrap.py
[2026-06-02T06:47:44.403+0000] {logging_mixin.py:190} INFO - [2026-06-02T06:47:44.401+0000] {dag.py:3239} INFO - Sync 1 DAGs
[2026-06-02T06:47:44.421+0000] {logging_mixin.py:190} INFO - [2026-06-02T06:47:44.421+0000] {dag.py:4180} INFO - Setting next_dagrun for kafka_topic_bootstrap to None, run_after=None
[2026-06-02T06:47:44.462+0000] {processor.py:208} INFO - Processing /opt/airflow/dags/kafka_topic_bootstrap.py took 1.337 seconds
[2026-06-02T06:48:14.738+0000] {processor.py:186} INFO - Started process (PID=7391) to work on /opt/airflow/dags/kafka_topic_bootstrap.py
[2026-06-02T06:48:14.741+0000] {processor.py:914} INFO - Processing file /opt/airflow/dags/kafka_topic_bootstrap.py for tasks to queue
[2026-06-02T06:48:14.746+0000] {logging_mixin.py:190} INFO - [2026-06-02T06:48:14.745+0000] {dagbag.py:588} INFO - Filling up the DagBag from /opt/airflow/dags/kafka_topic_bootstrap.py
[2026-06-02T06:48:16.143+0000] {processor.py:925} INFO - DAG(s) 'kafka_topic_bootstrap' retrieved from /opt/airflow/dags/kafka_topic_bootstrap.py
[2026-06-02T06:48:16.182+0000] {logging_mixin.py:190} INFO - [2026-06-02T06:48:16.181+0000] {dag.py:3239} INFO - Sync 1 DAGs
[2026-06-02T06:48:16.204+0000] {logging_mixin.py:190} INFO - [2026-06-02T06:48:16.203+0000] {dag.py:4180} INFO - Setting next_dagrun for kafka_topic_bootstrap to None, run_after=None
[2026-06-02T06:48:16.239+0000] {processor.py:208} INFO - Processing /opt/airflow/dags/kafka_topic_bootstrap.py took 1.515 seconds
[2026-06-02T06:48:46.935+0000] {processor.py:186} INFO - Started process (PID=7526) to work on /opt/airflow/dags/kafka_topic_bootstrap.py
[2026-06-02T06:48:46.937+0000] {processor.py:914} INFO - Processing file /opt/airflow/dags/kafka_topic_bootstrap.py for tasks to queue
[2026-06-02T06:48:46.941+0000] {logging_mixin.py:190} INFO - [2026-06-02T06:48:46.940+0000] {dagbag.py:588} INFO - Filling up the DagBag from /opt/airflow/dags/kafka_topic_bootstrap.py
[2026-06-02T06:48:47.751+0000] {processor.py:925} INFO - DAG(s) 'kafka_topic_bootstrap' retrieved from /opt/airflow/dags/kafka_topic_bootstrap.py
[2026-06-02T06:48:47.781+0000] {logging_mixin.py:190} INFO - [2026-06-02T06:48:47.781+0000] {dag.py:3239} INFO - Sync 1 DAGs
[2026-06-02T06:48:47.802+0000] {logging_mixin.py:190} INFO - [2026-06-02T06:48:47.802+0000] {dag.py:4180} INFO - Setting next_dagrun for kafka_topic_bootstrap to None, run_after=None
[2026-06-02T06:48:47.825+0000] {processor.py:208} INFO - Processing /opt/airflow/dags/kafka_topic_bootstrap.py took 0.898 seconds
[2026-06-02T06:49:18.443+0000] {processor.py:186} INFO - Started process (PID=7661) to work on /opt/airflow/dags/kafka_topic_bootstrap.py
[2026-06-02T06:49:18.444+0000] {processor.py:914} INFO - Processing file /opt/airflow/dags/kafka_topic_bootstrap.py for tasks to queue
[2026-06-02T06:49:18.448+0000] {logging_mixin.py:190} INFO - [2026-06-02T06:49:18.448+0000] {dagbag.py:588} INFO - Filling up the DagBag from /opt/airflow/dags/kafka_topic_bootstrap.py
[2026-06-02T06:49:19.271+0000] {processor.py:925} INFO - DAG(s) 'kafka_topic_bootstrap' retrieved from /opt/airflow/dags/kafka_topic_bootstrap.py
[2026-06-02T06:49:19.303+0000] {logging_mixin.py:190} INFO - [2026-06-02T06:49:19.302+0000] {dag.py:3239} INFO - Sync 1 DAGs
[2026-06-02T06:49:19.323+0000] {logging_mixin.py:190} INFO - [2026-06-02T06:49:19.322+0000] {dag.py:4180} INFO - Setting next_dagrun for kafka_topic_bootstrap to None, run_after=None
[2026-06-02T06:49:19.352+0000] {processor.py:208} INFO - Processing /opt/airflow/dags/kafka_topic_bootstrap.py took 0.921 seconds
[2026-06-02T06:49:49.976+0000] {processor.py:186} INFO - Started process (PID=7796) to work on /opt/airflow/dags/kafka_topic_bootstrap.py
[2026-06-02T06:49:49.978+0000] {processor.py:914} INFO - Processing file /opt/airflow/dags/kafka_topic_bootstrap.py for tasks to queue
[2026-06-02T06:49:49.981+0000] {logging_mixin.py:190} INFO - [2026-06-02T06:49:49.981+0000] {dagbag.py:588} INFO - Filling up the DagBag from /opt/airflow/dags/kafka_topic_bootstrap.py
[2026-06-02T06:49:50.744+0000] {processor.py:925} INFO - DAG(s) 'kafka_topic_bootstrap' retrieved from /opt/airflow/dags/kafka_topic_bootstrap.py
[2026-06-02T06:49:50.775+0000] {logging_mixin.py:190} INFO - [2026-06-02T06:49:50.774+0000] {dag.py:3239} INFO - Sync 1 DAGs
[2026-06-02T06:49:50.789+0000] {logging_mixin.py:190} INFO - [2026-06-02T06:49:50.789+0000] {dag.py:4180} INFO - Setting next_dagrun for kafka_topic_bootstrap to None, run_after=None
[2026-06-02T06:49:50.813+0000] {processor.py:208} INFO - Processing /opt/airflow/dags/kafka_topic_bootstrap.py took 0.848 seconds
[2026-06-02T06:50:21.422+0000] {processor.py:186} INFO - Started process (PID=7931) to work on /opt/airflow/dags/kafka_topic_bootstrap.py
[2026-06-02T06:50:21.424+0000] {processor.py:914} INFO - Processing file /opt/airflow/dags/kafka_topic_bootstrap.py for tasks to queue
[2026-06-02T06:50:21.427+0000] {logging_mixin.py:190} INFO - [2026-06-02T06:50:21.427+0000] {dagbag.py:588} INFO - Filling up the DagBag from /opt/airflow/dags/kafka_topic_bootstrap.py
[2026-06-02T06:50:22.221+0000] {processor.py:925} INFO - DAG(s) 'kafka_topic_bootstrap' retrieved from /opt/airflow/dags/kafka_topic_bootstrap.py
[2026-06-02T06:50:22.248+0000] {logging_mixin.py:190} INFO - [2026-06-02T06:50:22.248+0000] {dag.py:3239} INFO - Sync 1 DAGs
[2026-06-02T06:50:22.263+0000] {logging_mixin.py:190} INFO - [2026-06-02T06:50:22.262+0000] {dag.py:4180} INFO - Setting next_dagrun for kafka_topic_bootstrap to None, run_after=None
[2026-06-02T06:50:22.285+0000] {processor.py:208} INFO - Processing /opt/airflow/dags/kafka_topic_bootstrap.py took 0.876 seconds
[2026-06-02T06:50:52.825+0000] {processor.py:186} INFO - Started process (PID=8066) to work on /opt/airflow/dags/kafka_topic_bootstrap.py
[2026-06-02T06:50:52.827+0000] {processor.py:914} INFO - Processing file /opt/airflow/dags/kafka_topic_bootstrap.py for tasks to queue
[2026-06-02T06:50:52.830+0000] {logging_mixin.py:190} INFO - [2026-06-02T06:50:52.830+0000] {dagbag.py:588} INFO - Filling up the DagBag from /opt/airflow/dags/kafka_topic_bootstrap.py
[2026-06-02T06:50:53.563+0000] {processor.py:925} INFO - DAG(s) 'kafka_topic_bootstrap' retrieved from /opt/airflow/dags/kafka_topic_bootstrap.py
[2026-06-02T06:50:53.590+0000] {logging_mixin.py:190} INFO - [2026-06-02T06:50:53.590+0000] {dag.py:3239} INFO - Sync 1 DAGs
[2026-06-02T06:50:53.604+0000] {logging_mixin.py:190} INFO - [2026-06-02T06:50:53.604+0000] {dag.py:4180} INFO - Setting next_dagrun for kafka_topic_bootstrap to None, run_after=None
[2026-06-02T06:50:53.624+0000] {processor.py:208} INFO - Processing /opt/airflow/dags/kafka_topic_bootstrap.py took 0.809 seconds
[2026-06-02T06:51:24.304+0000] {processor.py:186} INFO - Started process (PID=8201) to work on /opt/airflow/dags/kafka_topic_bootstrap.py
[2026-06-02T06:51:24.305+0000] {processor.py:914} INFO - Processing file /opt/airflow/dags/kafka_topic_bootstrap.py for tasks to queue
[2026-06-02T06:51:24.309+0000] {logging_mixin.py:190} INFO - [2026-06-02T06:51:24.309+0000] {dagbag.py:588} INFO - Filling up the DagBag from /opt/airflow/dags/kafka_topic_bootstrap.py
[2026-06-02T06:51:25.146+0000] {processor.py:925} INFO - DAG(s) 'kafka_topic_bootstrap' retrieved from /opt/airflow/dags/kafka_topic_bootstrap.py
[2026-06-02T06:51:25.187+0000] {logging_mixin.py:190} INFO - [2026-06-02T06:51:25.187+0000] {dag.py:3239} INFO - Sync 1 DAGs
[2026-06-02T06:51:25.205+0000] {logging_mixin.py:190} INFO - [2026-06-02T06:51:25.205+0000] {dag.py:4180} INFO - Setting next_dagrun for kafka_topic_bootstrap to None, run_after=None
[2026-06-02T06:51:25.248+0000] {processor.py:208} INFO - Processing /opt/airflow/dags/kafka_topic_bootstrap.py took 0.953 seconds
[2026-06-02T06:51:55.668+0000] {processor.py:186} INFO - Started process (PID=8336) to work on /opt/airflow/dags/kafka_topic_bootstrap.py
[2026-06-02T06:51:55.670+0000] {processor.py:914} INFO - Processing file /opt/airflow/dags/kafka_topic_bootstrap.py for tasks to queue
[2026-06-02T06:51:55.674+0000] {logging_mixin.py:190} INFO - [2026-06-02T06:51:55.673+0000] {dagbag.py:588} INFO - Filling up the DagBag from /opt/airflow/dags/kafka_topic_bootstrap.py
[2026-06-02T06:51:56.559+0000] {processor.py:925} INFO - DAG(s) 'kafka_topic_bootstrap' retrieved from /opt/airflow/dags/kafka_topic_bootstrap.py
[2026-06-02T06:51:56.600+0000] {logging_mixin.py:190} INFO - [2026-06-02T06:51:56.599+0000] {dag.py:3239} INFO - Sync 1 DAGs
[2026-06-02T06:51:56.622+0000] {logging_mixin.py:190} INFO - [2026-06-02T06:51:56.621+0000] {dag.py:4180} INFO - Setting next_dagrun for kafka_topic_bootstrap to None, run_after=None
[2026-06-02T06:51:56.654+0000] {processor.py:208} INFO - Processing /opt/airflow/dags/kafka_topic_bootstrap.py took 0.995 seconds
[2026-06-02T06:52:27.186+0000] {processor.py:186} INFO - Started process (PID=8471) to work on /opt/airflow/dags/kafka_topic_bootstrap.py
[2026-06-02T06:52:27.187+0000] {processor.py:914} INFO - Processing file /opt/airflow/dags/kafka_topic_bootstrap.py for tasks to queue
[2026-06-02T06:52:27.192+0000] {logging_mixin.py:190} INFO - [2026-06-02T06:52:27.191+0000] {dagbag.py:588} INFO - Filling up the DagBag from /opt/airflow/dags/kafka_topic_bootstrap.py
[2026-06-02T06:52:28.013+0000] {processor.py:925} INFO - DAG(s) 'kafka_topic_bootstrap' retrieved from /opt/airflow/dags/kafka_topic_bootstrap.py
[2026-06-02T06:52:28.043+0000] {logging_mixin.py:190} INFO - [2026-06-02T06:52:28.043+0000] {dag.py:3239} INFO - Sync 1 DAGs
[2026-06-02T06:52:28.058+0000] {logging_mixin.py:190} INFO - [2026-06-02T06:52:28.058+0000] {dag.py:4180} INFO - Setting next_dagrun for kafka_topic_bootstrap to None, run_after=None
[2026-06-02T06:52:28.083+0000] {processor.py:208} INFO - Processing /opt/airflow/dags/kafka_topic_bootstrap.py took 0.907 seconds
[2026-06-02T06:52:58.601+0000] {processor.py:186} INFO - Started process (PID=8606) to work on /opt/airflow/dags/kafka_topic_bootstrap.py
[2026-06-02T06:52:58.603+0000] {processor.py:914} INFO - Processing file /opt/airflow/dags/kafka_topic_bootstrap.py for tasks to queue
[2026-06-02T06:52:58.606+0000] {logging_mixin.py:190} INFO - [2026-06-02T06:52:58.606+0000] {dagbag.py:588} INFO - Filling up the DagBag from /opt/airflow/dags/kafka_topic_bootstrap.py
[2026-06-02T06:52:59.408+0000] {processor.py:925} INFO - DAG(s) 'kafka_topic_bootstrap' retrieved from /opt/airflow/dags/kafka_topic_bootstrap.py
[2026-06-02T06:52:59.442+0000] {logging_mixin.py:190} INFO - [2026-06-02T06:52:59.441+0000] {dag.py:3239} INFO - Sync 1 DAGs
[2026-06-02T06:52:59.457+0000] {logging_mixin.py:190} INFO - [2026-06-02T06:52:59.457+0000] {dag.py:4180} INFO - Setting next_dagrun for kafka_topic_bootstrap to None, run_after=None
[2026-06-02T06:52:59.482+0000] {processor.py:208} INFO - Processing /opt/airflow/dags/kafka_topic_bootstrap.py took 0.891 seconds
[2026-06-02T06:53:29.852+0000] {processor.py:186} INFO - Started process (PID=8741) to work on /opt/airflow/dags/kafka_topic_bootstrap.py
[2026-06-02T06:53:29.853+0000] {processor.py:914} INFO - Processing file /opt/airflow/dags/kafka_topic_bootstrap.py for tasks to queue
[2026-06-02T06:53:29.857+0000] {logging_mixin.py:190} INFO - [2026-06-02T06:53:29.856+0000] {dagbag.py:588} INFO - Filling up the DagBag from /opt/airflow/dags/kafka_topic_bootstrap.py
[2026-06-02T06:53:30.634+0000] {processor.py:925} INFO - DAG(s) 'kafka_topic_bootstrap' retrieved from /opt/airflow/dags/kafka_topic_bootstrap.py
[2026-06-02T06:53:30.662+0000] {logging_mixin.py:190} INFO - [2026-06-02T06:53:30.662+0000] {dag.py:3239} INFO - Sync 1 DAGs
[2026-06-02T06:53:30.678+0000] {logging_mixin.py:190} INFO - [2026-06-02T06:53:30.677+0000] {dag.py:4180} INFO - Setting next_dagrun for kafka_topic_bootstrap to None, run_after=None
[2026-06-02T06:53:30.701+0000] {processor.py:208} INFO - Processing /opt/airflow/dags/kafka_topic_bootstrap.py took 0.860 seconds
[2026-06-02T06:54:01.133+0000] {processor.py:186} INFO - Started process (PID=8876) to work on /opt/airflow/dags/kafka_topic_bootstrap.py
[2026-06-02T06:54:01.135+0000] {processor.py:914} INFO - Processing file /opt/airflow/dags/kafka_topic_bootstrap.py for tasks to queue
[2026-06-02T06:54:01.138+0000] {logging_mixin.py:190} INFO - [2026-06-02T06:54:01.138+0000] {dagbag.py:588} INFO - Filling up the DagBag from /opt/airflow/dags/kafka_topic_bootstrap.py
[2026-06-02T06:54:01.935+0000] {processor.py:925} INFO - DAG(s) 'kafka_topic_bootstrap' retrieved from /opt/airflow/dags/kafka_topic_bootstrap.py
[2026-06-02T06:54:01.962+0000] {logging_mixin.py:190} INFO - [2026-06-02T06:54:01.962+0000] {dag.py:3239} INFO - Sync 1 DAGs
[2026-06-02T06:54:01.976+0000] {logging_mixin.py:190} INFO - [2026-06-02T06:54:01.976+0000] {dag.py:4180} INFO - Setting next_dagrun for kafka_topic_bootstrap to None, run_after=None
[2026-06-02T06:54:02.001+0000] {processor.py:208} INFO - Processing /opt/airflow/dags/kafka_topic_bootstrap.py took 0.879 seconds
[2026-06-02T06:54:32.483+0000] {processor.py:186} INFO - Started process (PID=9010) to work on /opt/airflow/dags/kafka_topic_bootstrap.py
[2026-06-02T06:54:32.485+0000] {processor.py:914} INFO - Processing file /opt/airflow/dags/kafka_topic_bootstrap.py for tasks to queue
[2026-06-02T06:54:32.488+0000] {logging_mixin.py:190} INFO - [2026-06-02T06:54:32.487+0000] {dagbag.py:588} INFO - Filling up the DagBag from /opt/airflow/dags/kafka_topic_bootstrap.py
[2026-06-02T06:54:33.262+0000] {processor.py:925} INFO - DAG(s) 'kafka_topic_bootstrap' retrieved from /opt/airflow/dags/kafka_topic_bootstrap.py
[2026-06-02T06:54:33.296+0000] {logging_mixin.py:190} INFO - [2026-06-02T06:54:33.295+0000] {dag.py:3239} INFO - Sync 1 DAGs
[2026-06-02T06:54:33.316+0000] {logging_mixin.py:190} INFO - [2026-06-02T06:54:33.315+0000] {dag.py:4180} INFO - Setting next_dagrun for kafka_topic_bootstrap to None, run_after=None
[2026-06-02T06:54:33.342+0000] {processor.py:208} INFO - Processing /opt/airflow/dags/kafka_topic_bootstrap.py took 0.868 seconds
[2026-06-02T06:55:03.817+0000] {processor.py:186} INFO - Started process (PID=9137) to work on /opt/airflow/dags/kafka_topic_bootstrap.py
[2026-06-02T06:55:03.821+0000] {processor.py:914} INFO - Processing file /opt/airflow/dags/kafka_topic_bootstrap.py for tasks to queue
[2026-06-02T06:55:03.825+0000] {logging_mixin.py:190} INFO - [2026-06-02T06:55:03.824+0000] {dagbag.py:588} INFO - Filling up the DagBag from /opt/airflow/dags/kafka_topic_bootstrap.py
[2026-06-02T06:55:04.581+0000] {processor.py:925} INFO - DAG(s) 'kafka_topic_bootstrap' retrieved from /opt/airflow/dags/kafka_topic_bootstrap.py
[2026-06-02T06:55:04.610+0000] {logging_mixin.py:190} INFO - [2026-06-02T06:55:04.609+0000] {dag.py:3239} INFO - Sync 1 DAGs
[2026-06-02T06:55:04.627+0000] {logging_mixin.py:190} INFO - [2026-06-02T06:55:04.626+0000] {dag.py:4180} INFO - Setting next_dagrun for kafka_topic_bootstrap to None, run_after=None
[2026-06-02T06:55:04.652+0000] {processor.py:208} INFO - Processing /opt/airflow/dags/kafka_topic_bootstrap.py took 0.845 seconds
[2026-06-02T06:55:35.175+0000] {processor.py:186} INFO - Started process (PID=9272) to work on /opt/airflow/dags/kafka_topic_bootstrap.py
[2026-06-02T06:55:35.177+0000] {processor.py:914} INFO - Processing file /opt/airflow/dags/kafka_topic_bootstrap.py for tasks to queue
[2026-06-02T06:55:35.180+0000] {logging_mixin.py:190} INFO - [2026-06-02T06:55:35.180+0000] {dagbag.py:588} INFO - Filling up the DagBag from /opt/airflow/dags/kafka_topic_bootstrap.py
[2026-06-02T06:55:35.979+0000] {processor.py:925} INFO - DAG(s) 'kafka_topic_bootstrap' retrieved from /opt/airflow/dags/kafka_topic_bootstrap.py
[2026-06-02T06:55:36.010+0000] {logging_mixin.py:190} INFO - [2026-06-02T06:55:36.010+0000] {dag.py:3239} INFO - Sync 1 DAGs
[2026-06-02T06:55:36.026+0000] {logging_mixin.py:190} INFO - [2026-06-02T06:55:36.026+0000] {dag.py:4180} INFO - Setting next_dagrun for kafka_topic_bootstrap to None, run_after=None
[2026-06-02T06:55:36.049+0000] {processor.py:208} INFO - Processing /opt/airflow/dags/kafka_topic_bootstrap.py took 0.884 seconds
[2026-06-02T06:56:06.563+0000] {processor.py:186} INFO - Started process (PID=9407) to work on /opt/airflow/dags/kafka_topic_bootstrap.py
[2026-06-02T06:56:06.565+0000] {processor.py:914} INFO - Processing file /opt/airflow/dags/kafka_topic_bootstrap.py for tasks to queue
[2026-06-02T06:56:06.568+0000] {logging_mixin.py:190} INFO - [2026-06-02T06:56:06.568+0000] {dagbag.py:588} INFO - Filling up the DagBag from /opt/airflow/dags/kafka_topic_bootstrap.py
[2026-06-02T06:56:07.283+0000] {processor.py:925} INFO - DAG(s) 'kafka_topic_bootstrap' retrieved from /opt/airflow/dags/kafka_topic_bootstrap.py
[2026-06-02T06:56:07.311+0000] {logging_mixin.py:190} INFO - [2026-06-02T06:56:07.311+0000] {dag.py:3239} INFO - Sync 1 DAGs
[2026-06-02T06:56:07.326+0000] {logging_mixin.py:190} INFO - [2026-06-02T06:56:07.325+0000] {dag.py:4180} INFO - Setting next_dagrun for kafka_topic_bootstrap to None, run_after=None
[2026-06-02T06:56:07.346+0000] {processor.py:208} INFO - Processing /opt/airflow/dags/kafka_topic_bootstrap.py took 0.791 seconds
[2026-06-02T06:56:37.859+0000] {processor.py:186} INFO - Started process (PID=9542) to work on /opt/airflow/dags/kafka_topic_bootstrap.py
[2026-06-02T06:56:37.861+0000] {processor.py:914} INFO - Processing file /opt/airflow/dags/kafka_topic_bootstrap.py for tasks to queue
[2026-06-02T06:56:37.864+0000] {logging_mixin.py:190} INFO - [2026-06-02T06:56:37.864+0000] {dagbag.py:588} INFO - Filling up the DagBag from /opt/airflow/dags/kafka_topic_bootstrap.py
[2026-06-02T06:56:38.614+0000] {processor.py:925} INFO - DAG(s) 'kafka_topic_bootstrap' retrieved from /opt/airflow/dags/kafka_topic_bootstrap.py
[2026-06-02T06:56:38.641+0000] {logging_mixin.py:190} INFO - [2026-06-02T06:56:38.641+0000] {dag.py:3239} INFO - Sync 1 DAGs
[2026-06-02T06:56:38.655+0000] {logging_mixin.py:190} INFO - [2026-06-02T06:56:38.654+0000] {dag.py:4180} INFO - Setting next_dagrun for kafka_topic_bootstrap to None, run_after=None
[2026-06-02T06:56:38.677+0000] {processor.py:208} INFO - Processing /opt/airflow/dags/kafka_topic_bootstrap.py took 0.827 seconds
[2026-06-02T06:57:09.222+0000] {processor.py:186} INFO - Started process (PID=9677) to work on /opt/airflow/dags/kafka_topic_bootstrap.py
[2026-06-02T06:57:09.224+0000] {processor.py:914} INFO - Processing file /opt/airflow/dags/kafka_topic_bootstrap.py for tasks to queue
[2026-06-02T06:57:09.227+0000] {logging_mixin.py:190} INFO - [2026-06-02T06:57:09.227+0000] {dagbag.py:588} INFO - Filling up the DagBag from /opt/airflow/dags/kafka_topic_bootstrap.py
[2026-06-02T06:57:09.986+0000] {processor.py:925} INFO - DAG(s) 'kafka_topic_bootstrap' retrieved from /opt/airflow/dags/kafka_topic_bootstrap.py
[2026-06-02T06:57:10.014+0000] {logging_mixin.py:190} INFO - [2026-06-02T06:57:10.013+0000] {dag.py:3239} INFO - Sync 1 DAGs
[2026-06-02T06:57:10.028+0000] {logging_mixin.py:190} INFO - [2026-06-02T06:57:10.028+0000] {dag.py:4180} INFO - Setting next_dagrun for kafka_topic_bootstrap to None, run_after=None
[2026-06-02T06:57:10.052+0000] {processor.py:208} INFO - Processing /opt/airflow/dags/kafka_topic_bootstrap.py took 0.839 seconds
[2026-06-02T06:57:40.548+0000] {processor.py:186} INFO - Started process (PID=9812) to work on /opt/airflow/dags/kafka_topic_bootstrap.py
[2026-06-02T06:57:40.550+0000] {processor.py:914} INFO - Processing file /opt/airflow/dags/kafka_topic_bootstrap.py for tasks to queue
[2026-06-02T06:57:40.554+0000] {logging_mixin.py:190} INFO - [2026-06-02T06:57:40.553+0000] {dagbag.py:588} INFO - Filling up the DagBag from /opt/airflow/dags/kafka_topic_bootstrap.py
[2026-06-02T06:57:41.369+0000] {processor.py:925} INFO - DAG(s) 'kafka_topic_bootstrap' retrieved from /opt/airflow/dags/kafka_topic_bootstrap.py
[2026-06-02T06:57:41.400+0000] {logging_mixin.py:190} INFO - [2026-06-02T06:57:41.400+0000] {dag.py:3239} INFO - Sync 1 DAGs
[2026-06-02T06:57:41.417+0000] {logging_mixin.py:190} INFO - [2026-06-02T06:57:41.417+0000] {dag.py:4180} INFO - Setting next_dagrun for kafka_topic_bootstrap to None, run_after=None
[2026-06-02T06:57:41.440+0000] {processor.py:208} INFO - Processing /opt/airflow/dags/kafka_topic_bootstrap.py took 0.901 seconds
[2026-06-02T06:58:11.904+0000] {processor.py:186} INFO - Started process (PID=9947) to work on /opt/airflow/dags/kafka_topic_bootstrap.py
[2026-06-02T06:58:11.906+0000] {processor.py:914} INFO - Processing file /opt/airflow/dags/kafka_topic_bootstrap.py for tasks to queue
[2026-06-02T06:58:11.911+0000] {logging_mixin.py:190} INFO - [2026-06-02T06:58:11.911+0000] {dagbag.py:588} INFO - Filling up the DagBag from /opt/airflow/dags/kafka_topic_bootstrap.py
[2026-06-02T06:58:12.708+0000] {processor.py:925} INFO - DAG(s) 'kafka_topic_bootstrap' retrieved from /opt/airflow/dags/kafka_topic_bootstrap.py
[2026-06-02T06:58:12.739+0000] {logging_mixin.py:190} INFO - [2026-06-02T06:58:12.738+0000] {dag.py:3239} INFO - Sync 1 DAGs
[2026-06-02T06:58:12.754+0000] {logging_mixin.py:190} INFO - [2026-06-02T06:58:12.754+0000] {dag.py:4180} INFO - Setting next_dagrun for kafka_topic_bootstrap to None, run_after=None
[2026-06-02T06:58:12.782+0000] {processor.py:208} INFO - Processing /opt/airflow/dags/kafka_topic_bootstrap.py took 0.886 seconds
[2026-06-02T06:58:43.341+0000] {processor.py:186} INFO - Started process (PID=10082) to work on /opt/airflow/dags/kafka_topic_bootstrap.py
[2026-06-02T06:58:43.343+0000] {processor.py:914} INFO - Processing file /opt/airflow/dags/kafka_topic_bootstrap.py for tasks to queue
[2026-06-02T06:58:43.346+0000] {logging_mixin.py:190} INFO - [2026-06-02T06:58:43.345+0000] {dagbag.py:588} INFO - Filling up the DagBag from /opt/airflow/dags/kafka_topic_bootstrap.py
[2026-06-02T06:58:44.129+0000] {processor.py:925} INFO - DAG(s) 'kafka_topic_bootstrap' retrieved from /opt/airflow/dags/kafka_topic_bootstrap.py
[2026-06-02T06:58:44.160+0000] {logging_mixin.py:190} INFO - [2026-06-02T06:58:44.160+0000] {dag.py:3239} INFO - Sync 1 DAGs
[2026-06-02T06:58:44.174+0000] {logging_mixin.py:190} INFO - [2026-06-02T06:58:44.174+0000] {dag.py:4180} INFO - Setting next_dagrun for kafka_topic_bootstrap to None, run_after=None
[2026-06-02T06:58:44.198+0000] {processor.py:208} INFO - Processing /opt/airflow/dags/kafka_topic_bootstrap.py took 0.866 seconds
[2026-06-02T06:59:14.771+0000] {processor.py:186} INFO - Started process (PID=10217) to work on /opt/airflow/dags/kafka_topic_bootstrap.py
[2026-06-02T06:59:14.773+0000] {processor.py:914} INFO - Processing file /opt/airflow/dags/kafka_topic_bootstrap.py for tasks to queue
[2026-06-02T06:59:14.776+0000] {logging_mixin.py:190} INFO - [2026-06-02T06:59:14.775+0000] {dagbag.py:588} INFO - Filling up the DagBag from /opt/airflow/dags/kafka_topic_bootstrap.py
[2026-06-02T06:59:15.647+0000] {processor.py:925} INFO - DAG(s) 'kafka_topic_bootstrap' retrieved from /opt/airflow/dags/kafka_topic_bootstrap.py
[2026-06-02T06:59:15.679+0000] {logging_mixin.py:190} INFO - [2026-06-02T06:59:15.679+0000] {dag.py:3239} INFO - Sync 1 DAGs
[2026-06-02T06:59:15.694+0000] {logging_mixin.py:190} INFO - [2026-06-02T06:59:15.694+0000] {dag.py:4180} INFO - Setting next_dagrun for kafka_topic_bootstrap to None, run_after=None
[2026-06-02T06:59:15.720+0000] {processor.py:208} INFO - Processing /opt/airflow/dags/kafka_topic_bootstrap.py took 0.958 seconds
[2026-06-02T06:59:46.208+0000] {processor.py:186} INFO - Started process (PID=10352) to work on /opt/airflow/dags/kafka_topic_bootstrap.py
[2026-06-02T06:59:46.209+0000] {processor.py:914} INFO - Processing file /opt/airflow/dags/kafka_topic_bootstrap.py for tasks to queue
[2026-06-02T06:59:46.212+0000] {logging_mixin.py:190} INFO - [2026-06-02T06:59:46.212+0000] {dagbag.py:588} INFO - Filling up the DagBag from /opt/airflow/dags/kafka_topic_bootstrap.py
[2026-06-02T06:59:47.012+0000] {processor.py:925} INFO - DAG(s) 'kafka_topic_bootstrap' retrieved from /opt/airflow/dags/kafka_topic_bootstrap.py
[2026-06-02T06:59:47.046+0000] {logging_mixin.py:190} INFO - [2026-06-02T06:59:47.046+0000] {dag.py:3239} INFO - Sync 1 DAGs
[2026-06-02T06:59:47.062+0000] {logging_mixin.py:190} INFO - [2026-06-02T06:59:47.061+0000] {dag.py:4180} INFO - Setting next_dagrun for kafka_topic_bootstrap to None, run_after=None
[2026-06-02T06:59:47.088+0000] {processor.py:208} INFO - Processing /opt/airflow/dags/kafka_topic_bootstrap.py took 0.891 seconds
[2026-06-02T07:00:17.655+0000] {processor.py:186} INFO - Started process (PID=10487) to work on /opt/airflow/dags/kafka_topic_bootstrap.py
[2026-06-02T07:00:17.657+0000] {processor.py:914} INFO - Processing file /opt/airflow/dags/kafka_topic_bootstrap.py for tasks to queue
[2026-06-02T07:00:17.661+0000] {logging_mixin.py:190} INFO - [2026-06-02T07:00:17.660+0000] {dagbag.py:588} INFO - Filling up the DagBag from /opt/airflow/dags/kafka_topic_bootstrap.py
[2026-06-02T07:00:18.473+0000] {processor.py:925} INFO - DAG(s) 'kafka_topic_bootstrap' retrieved from /opt/airflow/dags/kafka_topic_bootstrap.py
[2026-06-02T07:00:18.504+0000] {logging_mixin.py:190} INFO - [2026-06-02T07:00:18.504+0000] {dag.py:3239} INFO - Sync 1 DAGs
[2026-06-02T07:00:18.521+0000] {logging_mixin.py:190} INFO - [2026-06-02T07:00:18.521+0000] {dag.py:4180} INFO - Setting next_dagrun for kafka_topic_bootstrap to None, run_after=None
[2026-06-02T07:00:18.546+0000] {processor.py:208} INFO - Processing /opt/airflow/dags/kafka_topic_bootstrap.py took 0.900 seconds
[2026-06-02T07:00:49.122+0000] {processor.py:186} INFO - Started process (PID=10622) to work on /opt/airflow/dags/kafka_topic_bootstrap.py
[2026-06-02T07:00:49.124+0000] {processor.py:914} INFO - Processing file /opt/airflow/dags/kafka_topic_bootstrap.py for tasks to queue
[2026-06-02T07:00:49.128+0000] {logging_mixin.py:190} INFO - [2026-06-02T07:00:49.128+0000] {dagbag.py:588} INFO - Filling up the DagBag from /opt/airflow/dags/kafka_topic_bootstrap.py
[2026-06-02T07:00:49.900+0000] {processor.py:925} INFO - DAG(s) 'kafka_topic_bootstrap' retrieved from /opt/airflow/dags/kafka_topic_bootstrap.py
[2026-06-02T07:00:49.929+0000] {logging_mixin.py:190} INFO - [2026-06-02T07:00:49.929+0000] {dag.py:3239} INFO - Sync 1 DAGs
[2026-06-02T07:00:49.945+0000] {logging_mixin.py:190} INFO - [2026-06-02T07:00:49.945+0000] {dag.py:4180} INFO - Setting next_dagrun for kafka_topic_bootstrap to None, run_after=None
[2026-06-02T07:00:49.972+0000] {processor.py:208} INFO - Processing /opt/airflow/dags/kafka_topic_bootstrap.py took 0.859 seconds
[2026-06-02T07:01:20.477+0000] {processor.py:186} INFO - Started process (PID=10756) to work on /opt/airflow/dags/kafka_topic_bootstrap.py
[2026-06-02T07:01:20.479+0000] {processor.py:914} INFO - Processing file /opt/airflow/dags/kafka_topic_bootstrap.py for tasks to queue
[2026-06-02T07:01:20.484+0000] {logging_mixin.py:190} INFO - [2026-06-02T07:01:20.483+0000] {dagbag.py:588} INFO - Filling up the DagBag from /opt/airflow/dags/kafka_topic_bootstrap.py
[2026-06-02T07:01:21.358+0000] {processor.py:925} INFO - DAG(s) 'kafka_topic_bootstrap' retrieved from /opt/airflow/dags/kafka_topic_bootstrap.py
[2026-06-02T07:01:21.389+0000] {logging_mixin.py:190} INFO - [2026-06-02T07:01:21.389+0000] {dag.py:3239} INFO - Sync 1 DAGs
[2026-06-02T07:01:21.403+0000] {logging_mixin.py:190} INFO - [2026-06-02T07:01:21.403+0000] {dag.py:4180} INFO - Setting next_dagrun for kafka_topic_bootstrap to None, run_after=None
[2026-06-02T07:01:21.426+0000] {processor.py:208} INFO - Processing /opt/airflow/dags/kafka_topic_bootstrap.py took 0.960 seconds
[2026-06-02T07:01:51.966+0000] {processor.py:186} INFO - Started process (PID=10883) to work on /opt/airflow/dags/kafka_topic_bootstrap.py
[2026-06-02T07:01:51.968+0000] {processor.py:914} INFO - Processing file /opt/airflow/dags/kafka_topic_bootstrap.py for tasks to queue
[2026-06-02T07:01:51.971+0000] {logging_mixin.py:190} INFO - [2026-06-02T07:01:51.970+0000] {dagbag.py:588} INFO - Filling up the DagBag from /opt/airflow/dags/kafka_topic_bootstrap.py
[2026-06-02T07:01:52.740+0000] {processor.py:925} INFO - DAG(s) 'kafka_topic_bootstrap' retrieved from /opt/airflow/dags/kafka_topic_bootstrap.py
[2026-06-02T07:01:52.770+0000] {logging_mixin.py:190} INFO - [2026-06-02T07:01:52.769+0000] {dag.py:3239} INFO - Sync 1 DAGs
[2026-06-02T07:01:52.785+0000] {logging_mixin.py:190} INFO - [2026-06-02T07:01:52.785+0000] {dag.py:4180} INFO - Setting next_dagrun for kafka_topic_bootstrap to None, run_after=None
[2026-06-02T07:01:52.811+0000] {processor.py:208} INFO - Processing /opt/airflow/dags/kafka_topic_bootstrap.py took 0.855 seconds
[2026-06-02T07:02:23.311+0000] {processor.py:186} INFO - Started process (PID=11018) to work on /opt/airflow/dags/kafka_topic_bootstrap.py
[2026-06-02T07:02:23.312+0000] {processor.py:914} INFO - Processing file /opt/airflow/dags/kafka_topic_bootstrap.py for tasks to queue
[2026-06-02T07:02:23.316+0000] {logging_mixin.py:190} INFO - [2026-06-02T07:02:23.315+0000] {dagbag.py:588} INFO - Filling up the DagBag from /opt/airflow/dags/kafka_topic_bootstrap.py
[2026-06-02T07:02:24.076+0000] {processor.py:925} INFO - DAG(s) 'kafka_topic_bootstrap' retrieved from /opt/airflow/dags/kafka_topic_bootstrap.py
[2026-06-02T07:02:24.108+0000] {logging_mixin.py:190} INFO - [2026-06-02T07:02:24.108+0000] {dag.py:3239} INFO - Sync 1 DAGs
[2026-06-02T07:02:24.125+0000] {logging_mixin.py:190} INFO - [2026-06-02T07:02:24.125+0000] {dag.py:4180} INFO - Setting next_dagrun for kafka_topic_bootstrap to None, run_after=None
[2026-06-02T07:02:24.151+0000] {processor.py:208} INFO - Processing /opt/airflow/dags/kafka_topic_bootstrap.py took 0.849 seconds
[2026-06-02T07:02:54.674+0000] {processor.py:186} INFO - Started process (PID=11153) to work on /opt/airflow/dags/kafka_topic_bootstrap.py
[2026-06-02T07:02:54.675+0000] {processor.py:914} INFO - Processing file /opt/airflow/dags/kafka_topic_bootstrap.py for tasks to queue
[2026-06-02T07:02:54.680+0000] {logging_mixin.py:190} INFO - [2026-06-02T07:02:54.680+0000] {dagbag.py:588} INFO - Filling up the DagBag from /opt/airflow/dags/kafka_topic_bootstrap.py
[2026-06-02T07:02:55.502+0000] {processor.py:925} INFO - DAG(s) 'kafka_topic_bootstrap' retrieved from /opt/airflow/dags/kafka_topic_bootstrap.py
[2026-06-02T07:02:55.542+0000] {logging_mixin.py:190} INFO - [2026-06-02T07:02:55.541+0000] {dag.py:3239} INFO - Sync 1 DAGs
[2026-06-02T07:02:55.566+0000] {logging_mixin.py:190} INFO - [2026-06-02T07:02:55.566+0000] {dag.py:4180} INFO - Setting next_dagrun for kafka_topic_bootstrap to None, run_after=None
[2026-06-02T07:02:55.613+0000] {processor.py:208} INFO - Processing /opt/airflow/dags/kafka_topic_bootstrap.py took 0.950 seconds
[2026-06-02T07:03:26.111+0000] {processor.py:186} INFO - Started process (PID=11288) to work on /opt/airflow/dags/kafka_topic_bootstrap.py
[2026-06-02T07:03:26.113+0000] {processor.py:914} INFO - Processing file /opt/airflow/dags/kafka_topic_bootstrap.py for tasks to queue
[2026-06-02T07:03:26.117+0000] {logging_mixin.py:190} INFO - [2026-06-02T07:03:26.116+0000] {dagbag.py:588} INFO - Filling up the DagBag from /opt/airflow/dags/kafka_topic_bootstrap.py
[2026-06-02T07:03:26.994+0000] {processor.py:925} INFO - DAG(s) 'kafka_topic_bootstrap' retrieved from /opt/airflow/dags/kafka_topic_bootstrap.py
[2026-06-02T07:03:27.028+0000] {logging_mixin.py:190} INFO - [2026-06-02T07:03:27.027+0000] {dag.py:3239} INFO - Sync 1 DAGs
[2026-06-02T07:03:27.048+0000] {logging_mixin.py:190} INFO - [2026-06-02T07:03:27.048+0000] {dag.py:4180} INFO - Setting next_dagrun for kafka_topic_bootstrap to None, run_after=None
[2026-06-02T07:03:27.077+0000] {processor.py:208} INFO - Processing /opt/airflow/dags/kafka_topic_bootstrap.py took 0.974 seconds
[2026-06-02T07:03:57.646+0000] {processor.py:186} INFO - Started process (PID=11423) to work on /opt/airflow/dags/kafka_topic_bootstrap.py
[2026-06-02T07:03:57.648+0000] {processor.py:914} INFO - Processing file /opt/airflow/dags/kafka_topic_bootstrap.py for tasks to queue
[2026-06-02T07:03:57.652+0000] {logging_mixin.py:190} INFO - [2026-06-02T07:03:57.652+0000] {dagbag.py:588} INFO - Filling up the DagBag from /opt/airflow/dags/kafka_topic_bootstrap.py
[2026-06-02T07:03:58.463+0000] {processor.py:925} INFO - DAG(s) 'kafka_topic_bootstrap' retrieved from /opt/airflow/dags/kafka_topic_bootstrap.py
[2026-06-02T07:03:58.496+0000] {logging_mixin.py:190} INFO - [2026-06-02T07:03:58.496+0000] {dag.py:3239} INFO - Sync 1 DAGs
[2026-06-02T07:03:58.512+0000] {logging_mixin.py:190} INFO - [2026-06-02T07:03:58.511+0000] {dag.py:4180} INFO - Setting next_dagrun for kafka_topic_bootstrap to None, run_after=None
[2026-06-02T07:03:58.537+0000] {processor.py:208} INFO - Processing /opt/airflow/dags/kafka_topic_bootstrap.py took 0.900 seconds
[2026-06-02T07:04:31.067+0000] {processor.py:186} INFO - Started process (PID=11558) to work on /opt/airflow/dags/kafka_topic_bootstrap.py
[2026-06-02T07:04:31.068+0000] {processor.py:914} INFO - Processing file /opt/airflow/dags/kafka_topic_bootstrap.py for tasks to queue
[2026-06-02T07:04:31.072+0000] {logging_mixin.py:190} INFO - [2026-06-02T07:04:31.071+0000] {dagbag.py:588} INFO - Filling up the DagBag from /opt/airflow/dags/kafka_topic_bootstrap.py
[2026-06-02T07:04:32.066+0000] {processor.py:925} INFO - DAG(s) 'kafka_topic_bootstrap' retrieved from /opt/airflow/dags/kafka_topic_bootstrap.py
[2026-06-02T07:04:32.095+0000] {logging_mixin.py:190} INFO - [2026-06-02T07:04:32.094+0000] {dag.py:3239} INFO - Sync 1 DAGs
[2026-06-02T07:04:32.108+0000] {logging_mixin.py:190} INFO - [2026-06-02T07:04:32.108+0000] {dag.py:4180} INFO - Setting next_dagrun for kafka_topic_bootstrap to None, run_after=None
[2026-06-02T07:04:33.275+0000] {processor.py:208} INFO - Processing /opt/airflow/dags/kafka_topic_bootstrap.py took 2.220 seconds
[2026-06-02T07:05:03.693+0000] {processor.py:186} INFO - Started process (PID=11693) to work on /opt/airflow/dags/kafka_topic_bootstrap.py
[2026-06-02T07:05:03.695+0000] {processor.py:914} INFO - Processing file /opt/airflow/dags/kafka_topic_bootstrap.py for tasks to queue
[2026-06-02T07:05:03.699+0000] {logging_mixin.py:190} INFO - [2026-06-02T07:05:03.698+0000] {dagbag.py:588} INFO - Filling up the DagBag from /opt/airflow/dags/kafka_topic_bootstrap.py
[2026-06-02T07:05:04.564+0000] {processor.py:925} INFO - DAG(s) 'kafka_topic_bootstrap' retrieved from /opt/airflow/dags/kafka_topic_bootstrap.py
[2026-06-02T07:05:04.604+0000] {logging_mixin.py:190} INFO - [2026-06-02T07:05:04.603+0000] {dag.py:3239} INFO - Sync 1 DAGs
[2026-06-02T07:05:04.622+0000] {logging_mixin.py:190} INFO - [2026-06-02T07:05:04.622+0000] {dag.py:4180} INFO - Setting next_dagrun for kafka_topic_bootstrap to None, run_after=None
[2026-06-02T07:05:04.659+0000] {processor.py:208} INFO - Processing /opt/airflow/dags/kafka_topic_bootstrap.py took 0.975 seconds
[2026-06-02T07:05:35.221+0000] {processor.py:186} INFO - Started process (PID=11828) to work on /opt/airflow/dags/kafka_topic_bootstrap.py
[2026-06-02T07:05:35.222+0000] {processor.py:914} INFO - Processing file /opt/airflow/dags/kafka_topic_bootstrap.py for tasks to queue
[2026-06-02T07:05:35.226+0000] {logging_mixin.py:190} INFO - [2026-06-02T07:05:35.226+0000] {dagbag.py:588} INFO - Filling up the DagBag from /opt/airflow/dags/kafka_topic_bootstrap.py
[2026-06-02T07:05:36.083+0000] {processor.py:925} INFO - DAG(s) 'kafka_topic_bootstrap' retrieved from /opt/airflow/dags/kafka_topic_bootstrap.py
[2026-06-02T07:05:36.115+0000] {logging_mixin.py:190} INFO - [2026-06-02T07:05:36.115+0000] {dag.py:3239} INFO - Sync 1 DAGs
[2026-06-02T07:05:36.130+0000] {logging_mixin.py:190} INFO - [2026-06-02T07:05:36.130+0000] {dag.py:4180} INFO - Setting next_dagrun for kafka_topic_bootstrap to None, run_after=None
[2026-06-02T07:05:36.155+0000] {processor.py:208} INFO - Processing /opt/airflow/dags/kafka_topic_bootstrap.py took 0.943 seconds
[2026-06-02T07:06:06.676+0000] {processor.py:186} INFO - Started process (PID=11963) to work on /opt/airflow/dags/kafka_topic_bootstrap.py
[2026-06-02T07:06:06.678+0000] {processor.py:914} INFO - Processing file /opt/airflow/dags/kafka_topic_bootstrap.py for tasks to queue
[2026-06-02T07:06:06.683+0000] {logging_mixin.py:190} INFO - [2026-06-02T07:06:06.682+0000] {dagbag.py:588} INFO - Filling up the DagBag from /opt/airflow/dags/kafka_topic_bootstrap.py
[2026-06-02T07:06:07.493+0000] {processor.py:925} INFO - DAG(s) 'kafka_topic_bootstrap' retrieved from /opt/airflow/dags/kafka_topic_bootstrap.py
[2026-06-02T07:06:07.521+0000] {logging_mixin.py:190} INFO - [2026-06-02T07:06:07.520+0000] {dag.py:3239} INFO - Sync 1 DAGs
[2026-06-02T07:06:07.536+0000] {logging_mixin.py:190} INFO - [2026-06-02T07:06:07.535+0000] {dag.py:4180} INFO - Setting next_dagrun for kafka_topic_bootstrap to None, run_after=None
[2026-06-02T07:06:07.558+0000] {processor.py:208} INFO - Processing /opt/airflow/dags/kafka_topic_bootstrap.py took 0.894 seconds
[2026-06-02T07:06:38.128+0000] {processor.py:186} INFO - Started process (PID=12098) to work on /opt/airflow/dags/kafka_topic_bootstrap.py
[2026-06-02T07:06:38.129+0000] {processor.py:914} INFO - Processing file /opt/airflow/dags/kafka_topic_bootstrap.py for tasks to queue
[2026-06-02T07:06:38.133+0000] {logging_mixin.py:190} INFO - [2026-06-02T07:06:38.133+0000] {dagbag.py:588} INFO - Filling up the DagBag from /opt/airflow/dags/kafka_topic_bootstrap.py
[2026-06-02T07:06:38.914+0000] {processor.py:925} INFO - DAG(s) 'kafka_topic_bootstrap' retrieved from /opt/airflow/dags/kafka_topic_bootstrap.py
[2026-06-02T07:06:38.943+0000] {logging_mixin.py:190} INFO - [2026-06-02T07:06:38.943+0000] {dag.py:3239} INFO - Sync 1 DAGs
[2026-06-02T07:06:38.959+0000] {logging_mixin.py:190} INFO - [2026-06-02T07:06:38.959+0000] {dag.py:4180} INFO - Setting next_dagrun for kafka_topic_bootstrap to None, run_after=None
[2026-06-02T07:06:38.980+0000] {processor.py:208} INFO - Processing /opt/airflow/dags/kafka_topic_bootstrap.py took 0.862 seconds
[2026-06-02T07:07:09.559+0000] {processor.py:186} INFO - Started process (PID=12233) to work on /opt/airflow/dags/kafka_topic_bootstrap.py
[2026-06-02T07:07:09.561+0000] {processor.py:914} INFO - Processing file /opt/airflow/dags/kafka_topic_bootstrap.py for tasks to queue
[2026-06-02T07:07:09.564+0000] {logging_mixin.py:190} INFO - [2026-06-02T07:07:09.564+0000] {dagbag.py:588} INFO - Filling up the DagBag from /opt/airflow/dags/kafka_topic_bootstrap.py
[2026-06-02T07:07:10.290+0000] {processor.py:925} INFO - DAG(s) 'kafka_topic_bootstrap' retrieved from /opt/airflow/dags/kafka_topic_bootstrap.py
[2026-06-02T07:07:10.320+0000] {logging_mixin.py:190} INFO - [2026-06-02T07:07:10.319+0000] {dag.py:3239} INFO - Sync 1 DAGs
[2026-06-02T07:07:10.333+0000] {logging_mixin.py:190} INFO - [2026-06-02T07:07:10.333+0000] {dag.py:4180} INFO - Setting next_dagrun for kafka_topic_bootstrap to None, run_after=None
[2026-06-02T07:07:10.356+0000] {processor.py:208} INFO - Processing /opt/airflow/dags/kafka_topic_bootstrap.py took 0.806 seconds
[2026-06-02T07:07:40.849+0000] {processor.py:186} INFO - Started process (PID=12368) to work on /opt/airflow/dags/kafka_topic_bootstrap.py
[2026-06-02T07:07:40.850+0000] {processor.py:914} INFO - Processing file /opt/airflow/dags/kafka_topic_bootstrap.py for tasks to queue
[2026-06-02T07:07:40.854+0000] {logging_mixin.py:190} INFO - [2026-06-02T07:07:40.854+0000] {dagbag.py:588} INFO - Filling up the DagBag from /opt/airflow/dags/kafka_topic_bootstrap.py
[2026-06-02T07:07:41.585+0000] {processor.py:925} INFO - DAG(s) 'kafka_topic_bootstrap' retrieved from /opt/airflow/dags/kafka_topic_bootstrap.py
[2026-06-02T07:07:41.615+0000] {logging_mixin.py:190} INFO - [2026-06-02T07:07:41.615+0000] {dag.py:3239} INFO - Sync 1 DAGs
[2026-06-02T07:07:41.631+0000] {logging_mixin.py:190} INFO - [2026-06-02T07:07:41.631+0000] {dag.py:4180} INFO - Setting next_dagrun for kafka_topic_bootstrap to None, run_after=None
[2026-06-02T07:07:41.654+0000] {processor.py:208} INFO - Processing /opt/airflow/dags/kafka_topic_bootstrap.py took 0.814 seconds
[2026-06-02T07:08:12.149+0000] {processor.py:186} INFO - Started process (PID=12503) to work on /opt/airflow/dags/kafka_topic_bootstrap.py
[2026-06-02T07:08:12.150+0000] {processor.py:914} INFO - Processing file /opt/airflow/dags/kafka_topic_bootstrap.py for tasks to queue
[2026-06-02T07:08:12.154+0000] {logging_mixin.py:190} INFO - [2026-06-02T07:08:12.153+0000] {dagbag.py:588} INFO - Filling up the DagBag from /opt/airflow/dags/kafka_topic_bootstrap.py
[2026-06-02T07:08:12.920+0000] {processor.py:925} INFO - DAG(s) 'kafka_topic_bootstrap' retrieved from /opt/airflow/dags/kafka_topic_bootstrap.py
[2026-06-02T07:08:12.948+0000] {logging_mixin.py:190} INFO - [2026-06-02T07:08:12.948+0000] {dag.py:3239} INFO - Sync 1 DAGs
[2026-06-02T07:08:12.962+0000] {logging_mixin.py:190} INFO - [2026-06-02T07:08:12.962+0000] {dag.py:4180} INFO - Setting next_dagrun for kafka_topic_bootstrap to None, run_after=None
[2026-06-02T07:08:12.985+0000] {processor.py:208} INFO - Processing /opt/airflow/dags/kafka_topic_bootstrap.py took 0.845 seconds
[2026-06-02T07:08:43.542+0000] {processor.py:186} INFO - Started process (PID=12638) to work on /opt/airflow/dags/kafka_topic_bootstrap.py
[2026-06-02T07:08:43.544+0000] {processor.py:914} INFO - Processing file /opt/airflow/dags/kafka_topic_bootstrap.py for tasks to queue
[2026-06-02T07:08:43.547+0000] {logging_mixin.py:190} INFO - [2026-06-02T07:08:43.546+0000] {dagbag.py:588} INFO - Filling up the DagBag from /opt/airflow/dags/kafka_topic_bootstrap.py
[2026-06-02T07:08:44.337+0000] {processor.py:925} INFO - DAG(s) 'kafka_topic_bootstrap' retrieved from /opt/airflow/dags/kafka_topic_bootstrap.py
[2026-06-02T07:08:44.368+0000] {logging_mixin.py:190} INFO - [2026-06-02T07:08:44.367+0000] {dag.py:3239} INFO - Sync 1 DAGs
[2026-06-02T07:08:44.384+0000] {logging_mixin.py:190} INFO - [2026-06-02T07:08:44.384+0000] {dag.py:4180} INFO - Setting next_dagrun for kafka_topic_bootstrap to None, run_after=None
[2026-06-02T07:08:44.412+0000] {processor.py:208} INFO - Processing /opt/airflow/dags/kafka_topic_bootstrap.py took 0.880 seconds
[2026-06-02T07:09:14.864+0000] {processor.py:186} INFO - Started process (PID=12772) to work on /opt/airflow/dags/kafka_topic_bootstrap.py
[2026-06-02T07:09:14.865+0000] {processor.py:914} INFO - Processing file /opt/airflow/dags/kafka_topic_bootstrap.py for tasks to queue
[2026-06-02T07:09:14.869+0000] {logging_mixin.py:190} INFO - [2026-06-02T07:09:14.869+0000] {dagbag.py:588} INFO - Filling up the DagBag from /opt/airflow/dags/kafka_topic_bootstrap.py
[2026-06-02T07:09:15.678+0000] {processor.py:925} INFO - DAG(s) 'kafka_topic_bootstrap' retrieved from /opt/airflow/dags/kafka_topic_bootstrap.py
[2026-06-02T07:09:15.713+0000] {logging_mixin.py:190} INFO - [2026-06-02T07:09:15.713+0000] {dag.py:3239} INFO - Sync 1 DAGs
[2026-06-02T07:09:15.730+0000] {logging_mixin.py:190} INFO - [2026-06-02T07:09:15.729+0000] {dag.py:4180} INFO - Setting next_dagrun for kafka_topic_bootstrap to None, run_after=None
[2026-06-02T07:09:15.756+0000] {processor.py:208} INFO - Processing /opt/airflow/dags/kafka_topic_bootstrap.py took 0.901 seconds
[2026-06-02T07:09:46.248+0000] {processor.py:186} INFO - Started process (PID=12907) to work on /opt/airflow/dags/kafka_topic_bootstrap.py
[2026-06-02T07:09:46.250+0000] {processor.py:914} INFO - Processing file /opt/airflow/dags/kafka_topic_bootstrap.py for tasks to queue
[2026-06-02T07:09:46.254+0000] {logging_mixin.py:190} INFO - [2026-06-02T07:09:46.254+0000] {dagbag.py:588} INFO - Filling up the DagBag from /opt/airflow/dags/kafka_topic_bootstrap.py
[2026-06-02T07:09:47.030+0000] {processor.py:925} INFO - DAG(s) 'kafka_topic_bootstrap' retrieved from /opt/airflow/dags/kafka_topic_bootstrap.py
[2026-06-02T07:09:47.060+0000] {logging_mixin.py:190} INFO - [2026-06-02T07:09:47.060+0000] {dag.py:3239} INFO - Sync 1 DAGs
[2026-06-02T07:09:47.075+0000] {logging_mixin.py:190} INFO - [2026-06-02T07:09:47.075+0000] {dag.py:4180} INFO - Setting next_dagrun for kafka_topic_bootstrap to None, run_after=None
[2026-06-02T07:09:47.100+0000] {processor.py:208} INFO - Processing /opt/airflow/dags/kafka_topic_bootstrap.py took 0.861 seconds
[2026-06-02T07:10:17.809+0000] {processor.py:186} INFO - Started process (PID=13034) to work on /opt/airflow/dags/kafka_topic_bootstrap.py
[2026-06-02T07:10:17.810+0000] {processor.py:914} INFO - Processing file /opt/airflow/dags/kafka_topic_bootstrap.py for tasks to queue
[2026-06-02T07:10:17.813+0000] {logging_mixin.py:190} INFO - [2026-06-02T07:10:17.813+0000] {dagbag.py:588} INFO - Filling up the DagBag from /opt/airflow/dags/kafka_topic_bootstrap.py
[2026-06-02T07:10:18.576+0000] {processor.py:925} INFO - DAG(s) 'kafka_topic_bootstrap' retrieved from /opt/airflow/dags/kafka_topic_bootstrap.py
[2026-06-02T07:10:18.603+0000] {logging_mixin.py:190} INFO - [2026-06-02T07:10:18.603+0000] {dag.py:3239} INFO - Sync 1 DAGs
[2026-06-02T07:10:18.618+0000] {logging_mixin.py:190} INFO - [2026-06-02T07:10:18.617+0000] {dag.py:4180} INFO - Setting next_dagrun for kafka_topic_bootstrap to None, run_after=None
[2026-06-02T07:10:18.641+0000] {processor.py:208} INFO - Processing /opt/airflow/dags/kafka_topic_bootstrap.py took 0.843 seconds
[2026-06-02T07:10:49.344+0000] {processor.py:186} INFO - Started process (PID=13169) to work on /opt/airflow/dags/kafka_topic_bootstrap.py
[2026-06-02T07:10:49.346+0000] {processor.py:914} INFO - Processing file /opt/airflow/dags/kafka_topic_bootstrap.py for tasks to queue
[2026-06-02T07:10:49.349+0000] {logging_mixin.py:190} INFO - [2026-06-02T07:10:49.349+0000] {dagbag.py:588} INFO - Filling up the DagBag from /opt/airflow/dags/kafka_topic_bootstrap.py
[2026-06-02T07:10:50.120+0000] {processor.py:925} INFO - DAG(s) 'kafka_topic_bootstrap' retrieved from /opt/airflow/dags/kafka_topic_bootstrap.py
[2026-06-02T07:10:50.148+0000] {logging_mixin.py:190} INFO - [2026-06-02T07:10:50.148+0000] {dag.py:3239} INFO - Sync 1 DAGs
[2026-06-02T07:10:50.163+0000] {logging_mixin.py:190} INFO - [2026-06-02T07:10:50.163+0000] {dag.py:4180} INFO - Setting next_dagrun for kafka_topic_bootstrap to None, run_after=None
[2026-06-02T07:10:50.188+0000] {processor.py:208} INFO - Processing /opt/airflow/dags/kafka_topic_bootstrap.py took 0.852 seconds
[2026-06-02T07:11:20.766+0000] {processor.py:186} INFO - Started process (PID=13304) to work on /opt/airflow/dags/kafka_topic_bootstrap.py
[2026-06-02T07:11:20.768+0000] {processor.py:914} INFO - Processing file /opt/airflow/dags/kafka_topic_bootstrap.py for tasks to queue
[2026-06-02T07:11:20.771+0000] {logging_mixin.py:190} INFO - [2026-06-02T07:11:20.771+0000] {dagbag.py:588} INFO - Filling up the DagBag from /opt/airflow/dags/kafka_topic_bootstrap.py
[2026-06-02T07:11:21.512+0000] {processor.py:925} INFO - DAG(s) 'kafka_topic_bootstrap' retrieved from /opt/airflow/dags/kafka_topic_bootstrap.py
[2026-06-02T07:11:21.542+0000] {logging_mixin.py:190} INFO - [2026-06-02T07:11:21.542+0000] {dag.py:3239} INFO - Sync 1 DAGs
[2026-06-02T07:11:21.557+0000] {logging_mixin.py:190} INFO - [2026-06-02T07:11:21.557+0000] {dag.py:4180} INFO - Setting next_dagrun for kafka_topic_bootstrap to None, run_after=None
[2026-06-02T07:11:21.578+0000] {processor.py:208} INFO - Processing /opt/airflow/dags/kafka_topic_bootstrap.py took 0.823 seconds
[2026-06-02T07:11:52.142+0000] {processor.py:186} INFO - Started process (PID=13439) to work on /opt/airflow/dags/kafka_topic_bootstrap.py
[2026-06-02T07:11:52.143+0000] {processor.py:914} INFO - Processing file /opt/airflow/dags/kafka_topic_bootstrap.py for tasks to queue
[2026-06-02T07:11:52.148+0000] {logging_mixin.py:190} INFO - [2026-06-02T07:11:52.148+0000] {dagbag.py:588} INFO - Filling up the DagBag from /opt/airflow/dags/kafka_topic_bootstrap.py
[2026-06-02T07:11:52.945+0000] {processor.py:925} INFO - DAG(s) 'kafka_topic_bootstrap' retrieved from /opt/airflow/dags/kafka_topic_bootstrap.py
[2026-06-02T07:11:52.977+0000] {logging_mixin.py:190} INFO - [2026-06-02T07:11:52.977+0000] {dag.py:3239} INFO - Sync 1 DAGs
[2026-06-02T07:11:52.993+0000] {logging_mixin.py:190} INFO - [2026-06-02T07:11:52.993+0000] {dag.py:4180} INFO - Setting next_dagrun for kafka_topic_bootstrap to None, run_after=None
[2026-06-02T07:11:53.019+0000] {processor.py:208} INFO - Processing /opt/airflow/dags/kafka_topic_bootstrap.py took 0.887 seconds
[2026-06-02T07:12:23.555+0000] {processor.py:186} INFO - Started process (PID=13574) to work on /opt/airflow/dags/kafka_topic_bootstrap.py
[2026-06-02T07:12:23.556+0000] {processor.py:914} INFO - Processing file /opt/airflow/dags/kafka_topic_bootstrap.py for tasks to queue
[2026-06-02T07:12:23.559+0000] {logging_mixin.py:190} INFO - [2026-06-02T07:12:23.559+0000] {dagbag.py:588} INFO - Filling up the DagBag from /opt/airflow/dags/kafka_topic_bootstrap.py
[2026-06-02T07:12:24.409+0000] {processor.py:925} INFO - DAG(s) 'kafka_topic_bootstrap' retrieved from /opt/airflow/dags/kafka_topic_bootstrap.py
[2026-06-02T07:12:24.440+0000] {logging_mixin.py:190} INFO - [2026-06-02T07:12:24.439+0000] {dag.py:3239} INFO - Sync 1 DAGs
[2026-06-02T07:12:24.461+0000] {logging_mixin.py:190} INFO - [2026-06-02T07:12:24.461+0000] {dag.py:4180} INFO - Setting next_dagrun for kafka_topic_bootstrap to None, run_after=None
[2026-06-02T07:12:24.487+0000] {processor.py:208} INFO - Processing /opt/airflow/dags/kafka_topic_bootstrap.py took 0.942 seconds
[2026-06-02T07:12:55.008+0000] {processor.py:186} INFO - Started process (PID=13709) to work on /opt/airflow/dags/kafka_topic_bootstrap.py
[2026-06-02T07:12:55.009+0000] {processor.py:914} INFO - Processing file /opt/airflow/dags/kafka_topic_bootstrap.py for tasks to queue
[2026-06-02T07:12:55.013+0000] {logging_mixin.py:190} INFO - [2026-06-02T07:12:55.012+0000] {dagbag.py:588} INFO - Filling up the DagBag from /opt/airflow/dags/kafka_topic_bootstrap.py
[2026-06-02T07:12:55.752+0000] {processor.py:925} INFO - DAG(s) 'kafka_topic_bootstrap' retrieved from /opt/airflow/dags/kafka_topic_bootstrap.py
[2026-06-02T07:12:55.781+0000] {logging_mixin.py:190} INFO - [2026-06-02T07:12:55.781+0000] {dag.py:3239} INFO - Sync 1 DAGs
[2026-06-02T07:12:55.795+0000] {logging_mixin.py:190} INFO - [2026-06-02T07:12:55.794+0000] {dag.py:4180} INFO - Setting next_dagrun for kafka_topic_bootstrap to None, run_after=None
[2026-06-02T07:12:55.816+0000] {processor.py:208} INFO - Processing /opt/airflow/dags/kafka_topic_bootstrap.py took 0.817 seconds
[2026-06-02T07:13:26.289+0000] {processor.py:186} INFO - Started process (PID=13844) to work on /opt/airflow/dags/kafka_topic_bootstrap.py
[2026-06-02T07:13:26.291+0000] {processor.py:914} INFO - Processing file /opt/airflow/dags/kafka_topic_bootstrap.py for tasks to queue
[2026-06-02T07:13:26.294+0000] {logging_mixin.py:190} INFO - [2026-06-02T07:13:26.294+0000] {dagbag.py:588} INFO - Filling up the DagBag from /opt/airflow/dags/kafka_topic_bootstrap.py
[2026-06-02T07:13:27.039+0000] {processor.py:925} INFO - DAG(s) 'kafka_topic_bootstrap' retrieved from /opt/airflow/dags/kafka_topic_bootstrap.py
[2026-06-02T07:13:27.069+0000] {logging_mixin.py:190} INFO - [2026-06-02T07:13:27.069+0000] {dag.py:3239} INFO - Sync 1 DAGs
[2026-06-02T07:13:27.084+0000] {logging_mixin.py:190} INFO - [2026-06-02T07:13:27.084+0000] {dag.py:4180} INFO - Setting next_dagrun for kafka_topic_bootstrap to None, run_after=None
[2026-06-02T07:13:27.106+0000] {processor.py:208} INFO - Processing /opt/airflow/dags/kafka_topic_bootstrap.py took 0.828 seconds
[2026-06-02T07:13:57.800+0000] {processor.py:186} INFO - Started process (PID=13980) to work on /opt/airflow/dags/kafka_topic_bootstrap.py
[2026-06-02T07:13:57.802+0000] {processor.py:914} INFO - Processing file /opt/airflow/dags/kafka_topic_bootstrap.py for tasks to queue
[2026-06-02T07:13:57.805+0000] {logging_mixin.py:190} INFO - [2026-06-02T07:13:57.804+0000] {dagbag.py:588} INFO - Filling up the DagBag from /opt/airflow/dags/kafka_topic_bootstrap.py
[2026-06-02T07:13:58.604+0000] {processor.py:925} INFO - DAG(s) 'kafka_topic_bootstrap' retrieved from /opt/airflow/dags/kafka_topic_bootstrap.py
[2026-06-02T07:13:58.633+0000] {logging_mixin.py:190} INFO - [2026-06-02T07:13:58.633+0000] {dag.py:3239} INFO - Sync 1 DAGs
[2026-06-02T07:13:58.648+0000] {logging_mixin.py:190} INFO - [2026-06-02T07:13:58.648+0000] {dag.py:4180} INFO - Setting next_dagrun for kafka_topic_bootstrap to None, run_after=None
[2026-06-02T07:13:58.674+0000] {processor.py:208} INFO - Processing /opt/airflow/dags/kafka_topic_bootstrap.py took 0.882 seconds
[2026-06-02T07:14:29.134+0000] {processor.py:186} INFO - Started process (PID=14115) to work on /opt/airflow/dags/kafka_topic_bootstrap.py
[2026-06-02T07:14:29.136+0000] {processor.py:914} INFO - Processing file /opt/airflow/dags/kafka_topic_bootstrap.py for tasks to queue
[2026-06-02T07:14:29.140+0000] {logging_mixin.py:190} INFO - [2026-06-02T07:14:29.139+0000] {dagbag.py:588} INFO - Filling up the DagBag from /opt/airflow/dags/kafka_topic_bootstrap.py
[2026-06-02T07:14:29.907+0000] {processor.py:925} INFO - DAG(s) 'kafka_topic_bootstrap' retrieved from /opt/airflow/dags/kafka_topic_bootstrap.py
[2026-06-02T07:14:29.934+0000] {logging_mixin.py:190} INFO - [2026-06-02T07:14:29.934+0000] {dag.py:3239} INFO - Sync 1 DAGs
[2026-06-02T07:14:29.948+0000] {logging_mixin.py:190} INFO - [2026-06-02T07:14:29.948+0000] {dag.py:4180} INFO - Setting next_dagrun for kafka_topic_bootstrap to None, run_after=None
[2026-06-02T07:14:29.973+0000] {processor.py:208} INFO - Processing /opt/airflow/dags/kafka_topic_bootstrap.py took 0.848 seconds
[2026-06-02T07:15:00.608+0000] {processor.py:186} INFO - Started process (PID=14250) to work on /opt/airflow/dags/kafka_topic_bootstrap.py
[2026-06-02T07:15:00.609+0000] {processor.py:914} INFO - Processing file /opt/airflow/dags/kafka_topic_bootstrap.py for tasks to queue
[2026-06-02T07:15:00.613+0000] {logging_mixin.py:190} INFO - [2026-06-02T07:15:00.613+0000] {dagbag.py:588} INFO - Filling up the DagBag from /opt/airflow/dags/kafka_topic_bootstrap.py
[2026-06-02T07:15:01.420+0000] {processor.py:925} INFO - DAG(s) 'kafka_topic_bootstrap' retrieved from /opt/airflow/dags/kafka_topic_bootstrap.py
[2026-06-02T07:15:01.448+0000] {logging_mixin.py:190} INFO - [2026-06-02T07:15:01.447+0000] {dag.py:3239} INFO - Sync 1 DAGs
[2026-06-02T07:15:01.463+0000] {logging_mixin.py:190} INFO - [2026-06-02T07:15:01.463+0000] {dag.py:4180} INFO - Setting next_dagrun for kafka_topic_bootstrap to None, run_after=None
[2026-06-02T07:15:01.486+0000] {processor.py:208} INFO - Processing /opt/airflow/dags/kafka_topic_bootstrap.py took 0.888 seconds
[2026-06-02T07:15:32.071+0000] {processor.py:186} INFO - Started process (PID=14385) to work on /opt/airflow/dags/kafka_topic_bootstrap.py
[2026-06-02T07:15:32.073+0000] {processor.py:914} INFO - Processing file /opt/airflow/dags/kafka_topic_bootstrap.py for tasks to queue
[2026-06-02T07:15:32.077+0000] {logging_mixin.py:190} INFO - [2026-06-02T07:15:32.076+0000] {dagbag.py:588} INFO - Filling up the DagBag from /opt/airflow/dags/kafka_topic_bootstrap.py
[2026-06-02T07:15:32.845+0000] {processor.py:925} INFO - DAG(s) 'kafka_topic_bootstrap' retrieved from /opt/airflow/dags/kafka_topic_bootstrap.py
[2026-06-02T07:15:32.879+0000] {logging_mixin.py:190} INFO - [2026-06-02T07:15:32.879+0000] {dag.py:3239} INFO - Sync 1 DAGs
[2026-06-02T07:15:32.894+0000] {logging_mixin.py:190} INFO - [2026-06-02T07:15:32.894+0000] {dag.py:4180} INFO - Setting next_dagrun for kafka_topic_bootstrap to None, run_after=None
[2026-06-02T07:15:32.919+0000] {processor.py:208} INFO - Processing /opt/airflow/dags/kafka_topic_bootstrap.py took 0.857 seconds
[2026-06-02T07:16:03.509+0000] {processor.py:186} INFO - Started process (PID=14520) to work on /opt/airflow/dags/kafka_topic_bootstrap.py
[2026-06-02T07:16:03.511+0000] {processor.py:914} INFO - Processing file /opt/airflow/dags/kafka_topic_bootstrap.py for tasks to queue
[2026-06-02T07:16:03.514+0000] {logging_mixin.py:190} INFO - [2026-06-02T07:16:03.514+0000] {dagbag.py:588} INFO - Filling up the DagBag from /opt/airflow/dags/kafka_topic_bootstrap.py
[2026-06-02T07:16:04.261+0000] {processor.py:925} INFO - DAG(s) 'kafka_topic_bootstrap' retrieved from /opt/airflow/dags/kafka_topic_bootstrap.py
[2026-06-02T07:16:04.292+0000] {logging_mixin.py:190} INFO - [2026-06-02T07:16:04.291+0000] {dag.py:3239} INFO - Sync 1 DAGs
[2026-06-02T07:16:04.309+0000] {logging_mixin.py:190} INFO - [2026-06-02T07:16:04.308+0000] {dag.py:4180} INFO - Setting next_dagrun for kafka_topic_bootstrap to None, run_after=None
[2026-06-02T07:16:04.331+0000] {processor.py:208} INFO - Processing /opt/airflow/dags/kafka_topic_bootstrap.py took 0.833 seconds
[2026-06-02T07:16:34.959+0000] {processor.py:186} INFO - Started process (PID=14654) to work on /opt/airflow/dags/kafka_topic_bootstrap.py
[2026-06-02T07:16:34.961+0000] {processor.py:914} INFO - Processing file /opt/airflow/dags/kafka_topic_bootstrap.py for tasks to queue
[2026-06-02T07:16:34.965+0000] {logging_mixin.py:190} INFO - [2026-06-02T07:16:34.965+0000] {dagbag.py:588} INFO - Filling up the DagBag from /opt/airflow/dags/kafka_topic_bootstrap.py
[2026-06-02T07:16:35.783+0000] {processor.py:925} INFO - DAG(s) 'kafka_topic_bootstrap' retrieved from /opt/airflow/dags/kafka_topic_bootstrap.py
[2026-06-02T07:16:35.815+0000] {logging_mixin.py:190} INFO - [2026-06-02T07:16:35.814+0000] {dag.py:3239} INFO - Sync 1 DAGs
[2026-06-02T07:16:35.831+0000] {logging_mixin.py:190} INFO - [2026-06-02T07:16:35.830+0000] {dag.py:4180} INFO - Setting next_dagrun for kafka_topic_bootstrap to None, run_after=None
[2026-06-02T07:16:35.859+0000] {processor.py:208} INFO - Processing /opt/airflow/dags/kafka_topic_bootstrap.py took 0.910 seconds
[2026-06-02T07:17:06.388+0000] {processor.py:186} INFO - Started process (PID=14781) to work on /opt/airflow/dags/kafka_topic_bootstrap.py
[2026-06-02T07:17:06.390+0000] {processor.py:914} INFO - Processing file /opt/airflow/dags/kafka_topic_bootstrap.py for tasks to queue
[2026-06-02T07:17:06.394+0000] {logging_mixin.py:190} INFO - [2026-06-02T07:17:06.394+0000] {dagbag.py:588} INFO - Filling up the DagBag from /opt/airflow/dags/kafka_topic_bootstrap.py
[2026-06-02T07:17:07.355+0000] {processor.py:925} INFO - DAG(s) 'kafka_topic_bootstrap' retrieved from /opt/airflow/dags/kafka_topic_bootstrap.py
[2026-06-02T07:17:07.392+0000] {logging_mixin.py:190} INFO - [2026-06-02T07:17:07.391+0000] {dag.py:3239} INFO - Sync 1 DAGs
[2026-06-02T07:17:07.414+0000] {logging_mixin.py:190} INFO - [2026-06-02T07:17:07.413+0000] {dag.py:4180} INFO - Setting next_dagrun for kafka_topic_bootstrap to None, run_after=None
[2026-06-02T07:17:07.446+0000] {processor.py:208} INFO - Processing /opt/airflow/dags/kafka_topic_bootstrap.py took 1.072 seconds
[2026-06-02T07:17:37.986+0000] {processor.py:186} INFO - Started process (PID=14916) to work on /opt/airflow/dags/kafka_topic_bootstrap.py
[2026-06-02T07:17:37.987+0000] {processor.py:914} INFO - Processing file /opt/airflow/dags/kafka_topic_bootstrap.py for tasks to queue
[2026-06-02T07:17:37.991+0000] {logging_mixin.py:190} INFO - [2026-06-02T07:17:37.991+0000] {dagbag.py:588} INFO - Filling up the DagBag from /opt/airflow/dags/kafka_topic_bootstrap.py
[2026-06-02T07:17:38.768+0000] {processor.py:925} INFO - DAG(s) 'kafka_topic_bootstrap' retrieved from /opt/airflow/dags/kafka_topic_bootstrap.py
[2026-06-02T07:17:38.799+0000] {logging_mixin.py:190} INFO - [2026-06-02T07:17:38.799+0000] {dag.py:3239} INFO - Sync 1 DAGs
[2026-06-02T07:17:38.816+0000] {logging_mixin.py:190} INFO - [2026-06-02T07:17:38.816+0000] {dag.py:4180} INFO - Setting next_dagrun for kafka_topic_bootstrap to None, run_after=None
[2026-06-02T07:17:38.843+0000] {processor.py:208} INFO - Processing /opt/airflow/dags/kafka_topic_bootstrap.py took 0.867 seconds
[2026-06-02T07:18:09.321+0000] {processor.py:186} INFO - Started process (PID=15051) to work on /opt/airflow/dags/kafka_topic_bootstrap.py
[2026-06-02T07:18:09.323+0000] {processor.py:914} INFO - Processing file /opt/airflow/dags/kafka_topic_bootstrap.py for tasks to queue
[2026-06-02T07:18:09.326+0000] {logging_mixin.py:190} INFO - [2026-06-02T07:18:09.325+0000] {dagbag.py:588} INFO - Filling up the DagBag from /opt/airflow/dags/kafka_topic_bootstrap.py
[2026-06-02T07:18:10.103+0000] {processor.py:925} INFO - DAG(s) 'kafka_topic_bootstrap' retrieved from /opt/airflow/dags/kafka_topic_bootstrap.py
[2026-06-02T07:18:10.138+0000] {logging_mixin.py:190} INFO - [2026-06-02T07:18:10.137+0000] {dag.py:3239} INFO - Sync 1 DAGs
[2026-06-02T07:18:10.155+0000] {logging_mixin.py:190} INFO - [2026-06-02T07:18:10.154+0000] {dag.py:4180} INFO - Setting next_dagrun for kafka_topic_bootstrap to None, run_after=None
[2026-06-02T07:18:10.184+0000] {processor.py:208} INFO - Processing /opt/airflow/dags/kafka_topic_bootstrap.py took 0.871 seconds
[2026-06-02T07:18:40.679+0000] {processor.py:186} INFO - Started process (PID=15186) to work on /opt/airflow/dags/kafka_topic_bootstrap.py
[2026-06-02T07:18:40.681+0000] {processor.py:914} INFO - Processing file /opt/airflow/dags/kafka_topic_bootstrap.py for tasks to queue
[2026-06-02T07:18:40.685+0000] {logging_mixin.py:190} INFO - [2026-06-02T07:18:40.684+0000] {dagbag.py:588} INFO - Filling up the DagBag from /opt/airflow/dags/kafka_topic_bootstrap.py
[2026-06-02T07:18:41.473+0000] {processor.py:925} INFO - DAG(s) 'kafka_topic_bootstrap' retrieved from /opt/airflow/dags/kafka_topic_bootstrap.py
[2026-06-02T07:18:41.508+0000] {logging_mixin.py:190} INFO - [2026-06-02T07:18:41.507+0000] {dag.py:3239} INFO - Sync 1 DAGs
[2026-06-02T07:18:41.525+0000] {logging_mixin.py:190} INFO - [2026-06-02T07:18:41.525+0000] {dag.py:4180} INFO - Setting next_dagrun for kafka_topic_bootstrap to None, run_after=None
[2026-06-02T07:18:41.553+0000] {processor.py:208} INFO - Processing /opt/airflow/dags/kafka_topic_bootstrap.py took 0.883 seconds
[2026-06-02T07:19:11.977+0000] {processor.py:186} INFO - Started process (PID=15321) to work on /opt/airflow/dags/kafka_topic_bootstrap.py
[2026-06-02T07:19:11.978+0000] {processor.py:914} INFO - Processing file /opt/airflow/dags/kafka_topic_bootstrap.py for tasks to queue
[2026-06-02T07:19:11.981+0000] {logging_mixin.py:190} INFO - [2026-06-02T07:19:11.981+0000] {dagbag.py:588} INFO - Filling up the DagBag from /opt/airflow/dags/kafka_topic_bootstrap.py
[2026-06-02T07:19:12.736+0000] {processor.py:925} INFO - DAG(s) 'kafka_topic_bootstrap' retrieved from /opt/airflow/dags/kafka_topic_bootstrap.py
[2026-06-02T07:19:12.763+0000] {logging_mixin.py:190} INFO - [2026-06-02T07:19:12.763+0000] {dag.py:3239} INFO - Sync 1 DAGs
[2026-06-02T07:19:12.778+0000] {logging_mixin.py:190} INFO - [2026-06-02T07:19:12.778+0000] {dag.py:4180} INFO - Setting next_dagrun for kafka_topic_bootstrap to None, run_after=None
[2026-06-02T07:19:12.806+0000] {processor.py:208} INFO - Processing /opt/airflow/dags/kafka_topic_bootstrap.py took 0.838 seconds
[2026-06-02T07:19:43.243+0000] {processor.py:186} INFO - Started process (PID=15456) to work on /opt/airflow/dags/kafka_topic_bootstrap.py
[2026-06-02T07:19:43.245+0000] {processor.py:914} INFO - Processing file /opt/airflow/dags/kafka_topic_bootstrap.py for tasks to queue
[2026-06-02T07:19:43.248+0000] {logging_mixin.py:190} INFO - [2026-06-02T07:19:43.247+0000] {dagbag.py:588} INFO - Filling up the DagBag from /opt/airflow/dags/kafka_topic_bootstrap.py
[2026-06-02T07:19:44.064+0000] {processor.py:925} INFO - DAG(s) 'kafka_topic_bootstrap' retrieved from /opt/airflow/dags/kafka_topic_bootstrap.py
[2026-06-02T07:19:44.094+0000] {logging_mixin.py:190} INFO - [2026-06-02T07:19:44.093+0000] {dag.py:3239} INFO - Sync 1 DAGs
[2026-06-02T07:19:44.108+0000] {logging_mixin.py:190} INFO - [2026-06-02T07:19:44.108+0000] {dag.py:4180} INFO - Setting next_dagrun for kafka_topic_bootstrap to None, run_after=None
[2026-06-02T07:19:44.129+0000] {processor.py:208} INFO - Processing /opt/airflow/dags/kafka_topic_bootstrap.py took 0.894 seconds
[2026-06-02T07:20:14.585+0000] {processor.py:186} INFO - Started process (PID=15591) to work on /opt/airflow/dags/kafka_topic_bootstrap.py
[2026-06-02T07:20:14.586+0000] {processor.py:914} INFO - Processing file /opt/airflow/dags/kafka_topic_bootstrap.py for tasks to queue
[2026-06-02T07:20:14.591+0000] {logging_mixin.py:190} INFO - [2026-06-02T07:20:14.590+0000] {dagbag.py:588} INFO - Filling up the DagBag from /opt/airflow/dags/kafka_topic_bootstrap.py
[2026-06-02T07:20:15.331+0000] {processor.py:925} INFO - DAG(s) 'kafka_topic_bootstrap' retrieved from /opt/airflow/dags/kafka_topic_bootstrap.py
[2026-06-02T07:20:15.358+0000] {logging_mixin.py:190} INFO - [2026-06-02T07:20:15.358+0000] {dag.py:3239} INFO - Sync 1 DAGs
[2026-06-02T07:20:15.372+0000] {logging_mixin.py:190} INFO - [2026-06-02T07:20:15.372+0000] {dag.py:4180} INFO - Setting next_dagrun for kafka_topic_bootstrap to None, run_after=None
[2026-06-02T07:20:15.397+0000] {processor.py:208} INFO - Processing /opt/airflow/dags/kafka_topic_bootstrap.py took 0.821 seconds
[2026-06-02T07:20:45.925+0000] {processor.py:186} INFO - Started process (PID=15726) to work on /opt/airflow/dags/kafka_topic_bootstrap.py
[2026-06-02T07:20:45.927+0000] {processor.py:914} INFO - Processing file /opt/airflow/dags/kafka_topic_bootstrap.py for tasks to queue
[2026-06-02T07:20:45.930+0000] {logging_mixin.py:190} INFO - [2026-06-02T07:20:45.930+0000] {dagbag.py:588} INFO - Filling up the DagBag from /opt/airflow/dags/kafka_topic_bootstrap.py
[2026-06-02T07:20:46.714+0000] {processor.py:925} INFO - DAG(s) 'kafka_topic_bootstrap' retrieved from /opt/airflow/dags/kafka_topic_bootstrap.py
[2026-06-02T07:20:46.742+0000] {logging_mixin.py:190} INFO - [2026-06-02T07:20:46.741+0000] {dag.py:3239} INFO - Sync 1 DAGs
[2026-06-02T07:20:46.759+0000] {logging_mixin.py:190} INFO - [2026-06-02T07:20:46.759+0000] {dag.py:4180} INFO - Setting next_dagrun for kafka_topic_bootstrap to None, run_after=None
[2026-06-02T07:20:46.781+0000] {processor.py:208} INFO - Processing /opt/airflow/dags/kafka_topic_bootstrap.py took 0.866 seconds
[2026-06-02T07:21:17.316+0000] {processor.py:186} INFO - Started process (PID=15861) to work on /opt/airflow/dags/kafka_topic_bootstrap.py
[2026-06-02T07:21:17.318+0000] {processor.py:914} INFO - Processing file /opt/airflow/dags/kafka_topic_bootstrap.py for tasks to queue
[2026-06-02T07:21:17.322+0000] {logging_mixin.py:190} INFO - [2026-06-02T07:21:17.321+0000] {dagbag.py:588} INFO - Filling up the DagBag from /opt/airflow/dags/kafka_topic_bootstrap.py
[2026-06-02T07:21:18.071+0000] {processor.py:925} INFO - DAG(s) 'kafka_topic_bootstrap' retrieved from /opt/airflow/dags/kafka_topic_bootstrap.py
[2026-06-02T07:21:18.104+0000] {logging_mixin.py:190} INFO - [2026-06-02T07:21:18.104+0000] {dag.py:3239} INFO - Sync 1 DAGs
[2026-06-02T07:21:18.121+0000] {logging_mixin.py:190} INFO - [2026-06-02T07:21:18.120+0000] {dag.py:4180} INFO - Setting next_dagrun for kafka_topic_bootstrap to None, run_after=None
[2026-06-02T07:21:18.145+0000] {processor.py:208} INFO - Processing /opt/airflow/dags/kafka_topic_bootstrap.py took 0.838 seconds
[2026-06-02T07:21:48.602+0000] {processor.py:186} INFO - Started process (PID=15996) to work on /opt/airflow/dags/kafka_topic_bootstrap.py
[2026-06-02T07:21:48.603+0000] {processor.py:914} INFO - Processing file /opt/airflow/dags/kafka_topic_bootstrap.py for tasks to queue
[2026-06-02T07:21:48.607+0000] {logging_mixin.py:190} INFO - [2026-06-02T07:21:48.606+0000] {dagbag.py:588} INFO - Filling up the DagBag from /opt/airflow/dags/kafka_topic_bootstrap.py
[2026-06-02T07:21:49.391+0000] {processor.py:925} INFO - DAG(s) 'kafka_topic_bootstrap' retrieved from /opt/airflow/dags/kafka_topic_bootstrap.py
[2026-06-02T07:21:49.419+0000] {logging_mixin.py:190} INFO - [2026-06-02T07:21:49.418+0000] {dag.py:3239} INFO - Sync 1 DAGs
[2026-06-02T07:21:49.433+0000] {logging_mixin.py:190} INFO - [2026-06-02T07:21:49.433+0000] {dag.py:4180} INFO - Setting next_dagrun for kafka_topic_bootstrap to None, run_after=None
[2026-06-02T07:21:49.460+0000] {processor.py:208} INFO - Processing /opt/airflow/dags/kafka_topic_bootstrap.py took 0.869 seconds
[2026-06-02T07:22:19.945+0000] {processor.py:186} INFO - Started process (PID=16131) to work on /opt/airflow/dags/kafka_topic_bootstrap.py
[2026-06-02T07:22:19.947+0000] {processor.py:914} INFO - Processing file /opt/airflow/dags/kafka_topic_bootstrap.py for tasks to queue
[2026-06-02T07:22:19.950+0000] {logging_mixin.py:190} INFO - [2026-06-02T07:22:19.950+0000] {dagbag.py:588} INFO - Filling up the DagBag from /opt/airflow/dags/kafka_topic_bootstrap.py
[2026-06-02T07:22:20.751+0000] {processor.py:925} INFO - DAG(s) 'kafka_topic_bootstrap' retrieved from /opt/airflow/dags/kafka_topic_bootstrap.py
[2026-06-02T07:22:20.782+0000] {logging_mixin.py:190} INFO - [2026-06-02T07:22:20.782+0000] {dag.py:3239} INFO - Sync 1 DAGs
[2026-06-02T07:22:20.797+0000] {logging_mixin.py:190} INFO - [2026-06-02T07:22:20.797+0000] {dag.py:4180} INFO - Setting next_dagrun for kafka_topic_bootstrap to None, run_after=None
[2026-06-02T07:22:20.823+0000] {processor.py:208} INFO - Processing /opt/airflow/dags/kafka_topic_bootstrap.py took 0.887 seconds
[2026-06-02T07:22:51.446+0000] {processor.py:186} INFO - Started process (PID=16266) to work on /opt/airflow/dags/kafka_topic_bootstrap.py
[2026-06-02T07:22:51.448+0000] {processor.py:914} INFO - Processing file /opt/airflow/dags/kafka_topic_bootstrap.py for tasks to queue
[2026-06-02T07:22:51.456+0000] {logging_mixin.py:190} INFO - [2026-06-02T07:22:51.456+0000] {dagbag.py:588} INFO - Filling up the DagBag from /opt/airflow/dags/kafka_topic_bootstrap.py
[2026-06-02T07:22:52.236+0000] {processor.py:925} INFO - DAG(s) 'kafka_topic_bootstrap' retrieved from /opt/airflow/dags/kafka_topic_bootstrap.py
[2026-06-02T07:22:52.267+0000] {logging_mixin.py:190} INFO - [2026-06-02T07:22:52.267+0000] {dag.py:3239} INFO - Sync 1 DAGs
[2026-06-02T07:22:52.282+0000] {logging_mixin.py:190} INFO - [2026-06-02T07:22:52.282+0000] {dag.py:4180} INFO - Setting next_dagrun for kafka_topic_bootstrap to None, run_after=None
[2026-06-02T07:22:52.305+0000] {processor.py:208} INFO - Processing /opt/airflow/dags/kafka_topic_bootstrap.py took 0.870 seconds
[2026-06-02T07:23:22.830+0000] {processor.py:186} INFO - Started process (PID=16401) to work on /opt/airflow/dags/kafka_topic_bootstrap.py
[2026-06-02T07:23:22.832+0000] {processor.py:914} INFO - Processing file /opt/airflow/dags/kafka_topic_bootstrap.py for tasks to queue
[2026-06-02T07:23:22.836+0000] {logging_mixin.py:190} INFO - [2026-06-02T07:23:22.835+0000] {dagbag.py:588} INFO - Filling up the DagBag from /opt/airflow/dags/kafka_topic_bootstrap.py
[2026-06-02T07:23:23.660+0000] {processor.py:925} INFO - DAG(s) 'kafka_topic_bootstrap' retrieved from /opt/airflow/dags/kafka_topic_bootstrap.py
[2026-06-02T07:23:23.689+0000] {logging_mixin.py:190} INFO - [2026-06-02T07:23:23.688+0000] {dag.py:3239} INFO - Sync 1 DAGs
[2026-06-02T07:23:23.704+0000] {logging_mixin.py:190} INFO - [2026-06-02T07:23:23.704+0000] {dag.py:4180} INFO - Setting next_dagrun for kafka_topic_bootstrap to None, run_after=None
[2026-06-02T07:23:23.726+0000] {processor.py:208} INFO - Processing /opt/airflow/dags/kafka_topic_bootstrap.py took 0.905 seconds
[2026-06-02T07:23:54.297+0000] {processor.py:186} INFO - Started process (PID=16535) to work on /opt/airflow/dags/kafka_topic_bootstrap.py
[2026-06-02T07:23:54.299+0000] {processor.py:914} INFO - Processing file /opt/airflow/dags/kafka_topic_bootstrap.py for tasks to queue
[2026-06-02T07:23:54.304+0000] {logging_mixin.py:190} INFO - [2026-06-02T07:23:54.304+0000] {dagbag.py:588} INFO - Filling up the DagBag from /opt/airflow/dags/kafka_topic_bootstrap.py
[2026-06-02T07:23:55.080+0000] {processor.py:925} INFO - DAG(s) 'kafka_topic_bootstrap' retrieved from /opt/airflow/dags/kafka_topic_bootstrap.py
[2026-06-02T07:23:55.111+0000] {logging_mixin.py:190} INFO - [2026-06-02T07:23:55.111+0000] {dag.py:3239} INFO - Sync 1 DAGs
[2026-06-02T07:23:55.127+0000] {logging_mixin.py:190} INFO - [2026-06-02T07:23:55.127+0000] {dag.py:4180} INFO - Setting next_dagrun for kafka_topic_bootstrap to None, run_after=None
[2026-06-02T07:23:55.153+0000] {processor.py:208} INFO - Processing /opt/airflow/dags/kafka_topic_bootstrap.py took 0.867 seconds
[2026-06-02T07:24:25.718+0000] {processor.py:186} INFO - Started process (PID=16662) to work on /opt/airflow/dags/kafka_topic_bootstrap.py
[2026-06-02T07:24:25.719+0000] {processor.py:914} INFO - Processing file /opt/airflow/dags/kafka_topic_bootstrap.py for tasks to queue
[2026-06-02T07:24:25.722+0000] {logging_mixin.py:190} INFO - [2026-06-02T07:24:25.722+0000] {dagbag.py:588} INFO - Filling up the DagBag from /opt/airflow/dags/kafka_topic_bootstrap.py
[2026-06-02T07:24:26.473+0000] {processor.py:925} INFO - DAG(s) 'kafka_topic_bootstrap' retrieved from /opt/airflow/dags/kafka_topic_bootstrap.py
[2026-06-02T07:24:26.506+0000] {logging_mixin.py:190} INFO - [2026-06-02T07:24:26.506+0000] {dag.py:3239} INFO - Sync 1 DAGs
[2026-06-02T07:24:26.523+0000] {logging_mixin.py:190} INFO - [2026-06-02T07:24:26.523+0000] {dag.py:4180} INFO - Setting next_dagrun for kafka_topic_bootstrap to None, run_after=None
[2026-06-02T07:24:26.553+0000] {processor.py:208} INFO - Processing /opt/airflow/dags/kafka_topic_bootstrap.py took 0.844 seconds
[2026-06-02T07:24:57.081+0000] {processor.py:186} INFO - Started process (PID=16797) to work on /opt/airflow/dags/kafka_topic_bootstrap.py
[2026-06-02T07:24:57.082+0000] {processor.py:914} INFO - Processing file /opt/airflow/dags/kafka_topic_bootstrap.py for tasks to queue
[2026-06-02T07:24:57.085+0000] {logging_mixin.py:190} INFO - [2026-06-02T07:24:57.085+0000] {dagbag.py:588} INFO - Filling up the DagBag from /opt/airflow/dags/kafka_topic_bootstrap.py
[2026-06-02T07:24:57.829+0000] {processor.py:925} INFO - DAG(s) 'kafka_topic_bootstrap' retrieved from /opt/airflow/dags/kafka_topic_bootstrap.py
[2026-06-02T07:24:57.859+0000] {logging_mixin.py:190} INFO - [2026-06-02T07:24:57.859+0000] {dag.py:3239} INFO - Sync 1 DAGs
[2026-06-02T07:24:57.874+0000] {logging_mixin.py:190} INFO - [2026-06-02T07:24:57.874+0000] {dag.py:4180} INFO - Setting next_dagrun for kafka_topic_bootstrap to None, run_after=None
[2026-06-02T07:24:57.899+0000] {processor.py:208} INFO - Processing /opt/airflow/dags/kafka_topic_bootstrap.py took 0.827 seconds
[2026-06-02T07:25:28.476+0000] {processor.py:186} INFO - Started process (PID=16932) to work on /opt/airflow/dags/kafka_topic_bootstrap.py
[2026-06-02T07:25:28.478+0000] {processor.py:914} INFO - Processing file /opt/airflow/dags/kafka_topic_bootstrap.py for tasks to queue
[2026-06-02T07:25:28.482+0000] {logging_mixin.py:190} INFO - [2026-06-02T07:25:28.482+0000] {dagbag.py:588} INFO - Filling up the DagBag from /opt/airflow/dags/kafka_topic_bootstrap.py
[2026-06-02T07:25:29.426+0000] {processor.py:925} INFO - DAG(s) 'kafka_topic_bootstrap' retrieved from /opt/airflow/dags/kafka_topic_bootstrap.py
[2026-06-02T07:25:29.460+0000] {logging_mixin.py:190} INFO - [2026-06-02T07:25:29.459+0000] {dag.py:3239} INFO - Sync 1 DAGs
[2026-06-02T07:25:29.477+0000] {logging_mixin.py:190} INFO - [2026-06-02T07:25:29.477+0000] {dag.py:4180} INFO - Setting next_dagrun for kafka_topic_bootstrap to None, run_after=None
[2026-06-02T07:25:29.504+0000] {processor.py:208} INFO - Processing /opt/airflow/dags/kafka_topic_bootstrap.py took 1.037 seconds
[2026-06-02T07:26:00.033+0000] {processor.py:186} INFO - Started process (PID=17067) to work on /opt/airflow/dags/kafka_topic_bootstrap.py
[2026-06-02T07:26:00.035+0000] {processor.py:914} INFO - Processing file /opt/airflow/dags/kafka_topic_bootstrap.py for tasks to queue
[2026-06-02T07:26:00.040+0000] {logging_mixin.py:190} INFO - [2026-06-02T07:26:00.040+0000] {dagbag.py:588} INFO - Filling up the DagBag from /opt/airflow/dags/kafka_topic_bootstrap.py
[2026-06-02T07:26:00.866+0000] {processor.py:925} INFO - DAG(s) 'kafka_topic_bootstrap' retrieved from /opt/airflow/dags/kafka_topic_bootstrap.py
[2026-06-02T07:26:00.894+0000] {logging_mixin.py:190} INFO - [2026-06-02T07:26:00.893+0000] {dag.py:3239} INFO - Sync 1 DAGs
[2026-06-02T07:26:00.909+0000] {logging_mixin.py:190} INFO - [2026-06-02T07:26:00.908+0000] {dag.py:4180} INFO - Setting next_dagrun for kafka_topic_bootstrap to None, run_after=None
[2026-06-02T07:26:00.933+0000] {processor.py:208} INFO - Processing /opt/airflow/dags/kafka_topic_bootstrap.py took 0.911 seconds
[2026-06-02T07:26:31.397+0000] {processor.py:186} INFO - Started process (PID=17202) to work on /opt/airflow/dags/kafka_topic_bootstrap.py
[2026-06-02T07:26:31.398+0000] {processor.py:914} INFO - Processing file /opt/airflow/dags/kafka_topic_bootstrap.py for tasks to queue
[2026-06-02T07:26:31.402+0000] {logging_mixin.py:190} INFO - [2026-06-02T07:26:31.402+0000] {dagbag.py:588} INFO - Filling up the DagBag from /opt/airflow/dags/kafka_topic_bootstrap.py
[2026-06-02T07:26:32.185+0000] {processor.py:925} INFO - DAG(s) 'kafka_topic_bootstrap' retrieved from /opt/airflow/dags/kafka_topic_bootstrap.py
[2026-06-02T07:26:32.217+0000] {logging_mixin.py:190} INFO - [2026-06-02T07:26:32.217+0000] {dag.py:3239} INFO - Sync 1 DAGs
[2026-06-02T07:26:32.233+0000] {logging_mixin.py:190} INFO - [2026-06-02T07:26:32.233+0000] {dag.py:4180} INFO - Setting next_dagrun for kafka_topic_bootstrap to None, run_after=None
[2026-06-02T07:26:32.255+0000] {processor.py:208} INFO - Processing /opt/airflow/dags/kafka_topic_bootstrap.py took 0.867 seconds
[2026-06-02T07:27:02.853+0000] {processor.py:186} INFO - Started process (PID=17337) to work on /opt/airflow/dags/kafka_topic_bootstrap.py
[2026-06-02T07:27:02.854+0000] {processor.py:914} INFO - Processing file /opt/airflow/dags/kafka_topic_bootstrap.py for tasks to queue
[2026-06-02T07:27:02.858+0000] {logging_mixin.py:190} INFO - [2026-06-02T07:27:02.857+0000] {dagbag.py:588} INFO - Filling up the DagBag from /opt/airflow/dags/kafka_topic_bootstrap.py
[2026-06-02T07:27:03.638+0000] {processor.py:925} INFO - DAG(s) 'kafka_topic_bootstrap' retrieved from /opt/airflow/dags/kafka_topic_bootstrap.py
[2026-06-02T07:27:03.675+0000] {logging_mixin.py:190} INFO - [2026-06-02T07:27:03.675+0000] {dag.py:3239} INFO - Sync 1 DAGs
[2026-06-02T07:27:03.691+0000] {logging_mixin.py:190} INFO - [2026-06-02T07:27:03.690+0000] {dag.py:4180} INFO - Setting next_dagrun for kafka_topic_bootstrap to None, run_after=None
[2026-06-02T07:27:03.715+0000] {processor.py:208} INFO - Processing /opt/airflow/dags/kafka_topic_bootstrap.py took 0.871 seconds
[2026-06-02T07:27:34.253+0000] {processor.py:186} INFO - Started process (PID=17472) to work on /opt/airflow/dags/kafka_topic_bootstrap.py
[2026-06-02T07:27:34.255+0000] {processor.py:914} INFO - Processing file /opt/airflow/dags/kafka_topic_bootstrap.py for tasks to queue
[2026-06-02T07:27:34.258+0000] {logging_mixin.py:190} INFO - [2026-06-02T07:27:34.257+0000] {dagbag.py:588} INFO - Filling up the DagBag from /opt/airflow/dags/kafka_topic_bootstrap.py
[2026-06-02T07:27:35.059+0000] {processor.py:925} INFO - DAG(s) 'kafka_topic_bootstrap' retrieved from /opt/airflow/dags/kafka_topic_bootstrap.py
[2026-06-02T07:27:35.091+0000] {logging_mixin.py:190} INFO - [2026-06-02T07:27:35.090+0000] {dag.py:3239} INFO - Sync 1 DAGs
[2026-06-02T07:27:35.106+0000] {logging_mixin.py:190} INFO - [2026-06-02T07:27:35.105+0000] {dag.py:4180} INFO - Setting next_dagrun for kafka_topic_bootstrap to None, run_after=None
[2026-06-02T07:27:35.131+0000] {processor.py:208} INFO - Processing /opt/airflow/dags/kafka_topic_bootstrap.py took 0.887 seconds
[2026-06-02T07:28:05.736+0000] {processor.py:186} INFO - Started process (PID=17607) to work on /opt/airflow/dags/kafka_topic_bootstrap.py
[2026-06-02T07:28:05.737+0000] {processor.py:914} INFO - Processing file /opt/airflow/dags/kafka_topic_bootstrap.py for tasks to queue
[2026-06-02T07:28:05.740+0000] {logging_mixin.py:190} INFO - [2026-06-02T07:28:05.740+0000] {dagbag.py:588} INFO - Filling up the DagBag from /opt/airflow/dags/kafka_topic_bootstrap.py
[2026-06-02T07:28:06.500+0000] {processor.py:925} INFO - DAG(s) 'kafka_topic_bootstrap' retrieved from /opt/airflow/dags/kafka_topic_bootstrap.py
[2026-06-02T07:28:06.529+0000] {logging_mixin.py:190} INFO - [2026-06-02T07:28:06.529+0000] {dag.py:3239} INFO - Sync 1 DAGs
[2026-06-02T07:28:06.543+0000] {logging_mixin.py:190} INFO - [2026-06-02T07:28:06.543+0000] {dag.py:4180} INFO - Setting next_dagrun for kafka_topic_bootstrap to None, run_after=None
[2026-06-02T07:28:06.567+0000] {processor.py:208} INFO - Processing /opt/airflow/dags/kafka_topic_bootstrap.py took 0.841 seconds
[2026-06-02T07:28:37.114+0000] {processor.py:186} INFO - Started process (PID=17742) to work on /opt/airflow/dags/kafka_topic_bootstrap.py
[2026-06-02T07:28:37.115+0000] {processor.py:914} INFO - Processing file /opt/airflow/dags/kafka_topic_bootstrap.py for tasks to queue
[2026-06-02T07:28:37.119+0000] {logging_mixin.py:190} INFO - [2026-06-02T07:28:37.119+0000] {dagbag.py:588} INFO - Filling up the DagBag from /opt/airflow/dags/kafka_topic_bootstrap.py
[2026-06-02T07:28:37.891+0000] {processor.py:925} INFO - DAG(s) 'kafka_topic_bootstrap' retrieved from /opt/airflow/dags/kafka_topic_bootstrap.py
[2026-06-02T07:28:37.919+0000] {logging_mixin.py:190} INFO - [2026-06-02T07:28:37.919+0000] {dag.py:3239} INFO - Sync 1 DAGs
[2026-06-02T07:28:37.937+0000] {logging_mixin.py:190} INFO - [2026-06-02T07:28:37.937+0000] {dag.py:4180} INFO - Setting next_dagrun for kafka_topic_bootstrap to None, run_after=None
[2026-06-02T07:28:37.957+0000] {processor.py:208} INFO - Processing /opt/airflow/dags/kafka_topic_bootstrap.py took 0.852 seconds
[2026-06-02T07:29:08.593+0000] {processor.py:186} INFO - Started process (PID=17877) to work on /opt/airflow/dags/kafka_topic_bootstrap.py
[2026-06-02T07:29:08.594+0000] {processor.py:914} INFO - Processing file /opt/airflow/dags/kafka_topic_bootstrap.py for tasks to queue
[2026-06-02T07:29:08.598+0000] {logging_mixin.py:190} INFO - [2026-06-02T07:29:08.598+0000] {dagbag.py:588} INFO - Filling up the DagBag from /opt/airflow/dags/kafka_topic_bootstrap.py
[2026-06-02T07:29:09.417+0000] {processor.py:925} INFO - DAG(s) 'kafka_topic_bootstrap' retrieved from /opt/airflow/dags/kafka_topic_bootstrap.py
[2026-06-02T07:29:09.446+0000] {logging_mixin.py:190} INFO - [2026-06-02T07:29:09.446+0000] {dag.py:3239} INFO - Sync 1 DAGs
[2026-06-02T07:29:09.462+0000] {logging_mixin.py:190} INFO - [2026-06-02T07:29:09.462+0000] {dag.py:4180} INFO - Setting next_dagrun for kafka_topic_bootstrap to None, run_after=None
[2026-06-02T07:29:09.487+0000] {processor.py:208} INFO - Processing /opt/airflow/dags/kafka_topic_bootstrap.py took 0.903 seconds
[2026-06-02T07:29:40.017+0000] {processor.py:186} INFO - Started process (PID=18012) to work on /opt/airflow/dags/kafka_topic_bootstrap.py
[2026-06-02T07:29:40.019+0000] {processor.py:914} INFO - Processing file /opt/airflow/dags/kafka_topic_bootstrap.py for tasks to queue
[2026-06-02T07:29:40.022+0000] {logging_mixin.py:190} INFO - [2026-06-02T07:29:40.021+0000] {dagbag.py:588} INFO - Filling up the DagBag from /opt/airflow/dags/kafka_topic_bootstrap.py
[2026-06-02T07:29:40.802+0000] {processor.py:925} INFO - DAG(s) 'kafka_topic_bootstrap' retrieved from /opt/airflow/dags/kafka_topic_bootstrap.py
[2026-06-02T07:29:40.832+0000] {logging_mixin.py:190} INFO - [2026-06-02T07:29:40.831+0000] {dag.py:3239} INFO - Sync 1 DAGs
[2026-06-02T07:29:40.850+0000] {logging_mixin.py:190} INFO - [2026-06-02T07:29:40.849+0000] {dag.py:4180} INFO - Setting next_dagrun for kafka_topic_bootstrap to None, run_after=None
[2026-06-02T07:29:40.885+0000] {processor.py:208} INFO - Processing /opt/airflow/dags/kafka_topic_bootstrap.py took 0.877 seconds
[2026-06-02T07:30:11.477+0000] {processor.py:186} INFO - Started process (PID=18147) to work on /opt/airflow/dags/kafka_topic_bootstrap.py
[2026-06-02T07:30:11.478+0000] {processor.py:914} INFO - Processing file /opt/airflow/dags/kafka_topic_bootstrap.py for tasks to queue
[2026-06-02T07:30:11.482+0000] {logging_mixin.py:190} INFO - [2026-06-02T07:30:11.481+0000] {dagbag.py:588} INFO - Filling up the DagBag from /opt/airflow/dags/kafka_topic_bootstrap.py
[2026-06-02T07:30:12.268+0000] {processor.py:925} INFO - DAG(s) 'kafka_topic_bootstrap' retrieved from /opt/airflow/dags/kafka_topic_bootstrap.py
[2026-06-02T07:30:12.300+0000] {logging_mixin.py:190} INFO - [2026-06-02T07:30:12.300+0000] {dag.py:3239} INFO - Sync 1 DAGs
[2026-06-02T07:30:12.315+0000] {logging_mixin.py:190} INFO - [2026-06-02T07:30:12.315+0000] {dag.py:4180} INFO - Setting next_dagrun for kafka_topic_bootstrap to None, run_after=None
[2026-06-02T07:30:12.341+0000] {processor.py:208} INFO - Processing /opt/airflow/dags/kafka_topic_bootstrap.py took 0.873 seconds
[2026-06-02T07:30:42.959+0000] {processor.py:186} INFO - Started process (PID=18282) to work on /opt/airflow/dags/kafka_topic_bootstrap.py
[2026-06-02T07:30:42.961+0000] {processor.py:914} INFO - Processing file /opt/airflow/dags/kafka_topic_bootstrap.py for tasks to queue
[2026-06-02T07:30:42.965+0000] {logging_mixin.py:190} INFO - [2026-06-02T07:30:42.965+0000] {dagbag.py:588} INFO - Filling up the DagBag from /opt/airflow/dags/kafka_topic_bootstrap.py
[2026-06-02T07:30:43.911+0000] {processor.py:925} INFO - DAG(s) 'kafka_topic_bootstrap' retrieved from /opt/airflow/dags/kafka_topic_bootstrap.py
[2026-06-02T07:30:43.948+0000] {logging_mixin.py:190} INFO - [2026-06-02T07:30:43.947+0000] {dag.py:3239} INFO - Sync 1 DAGs
[2026-06-02T07:30:43.972+0000] {logging_mixin.py:190} INFO - [2026-06-02T07:30:43.971+0000] {dag.py:4180} INFO - Setting next_dagrun for kafka_topic_bootstrap to None, run_after=None
[2026-06-02T07:30:44.008+0000] {processor.py:208} INFO - Processing /opt/airflow/dags/kafka_topic_bootstrap.py took 1.058 seconds
[2026-06-02T07:31:14.424+0000] {processor.py:186} INFO - Started process (PID=18416) to work on /opt/airflow/dags/kafka_topic_bootstrap.py
[2026-06-02T07:31:14.426+0000] {processor.py:914} INFO - Processing file /opt/airflow/dags/kafka_topic_bootstrap.py for tasks to queue
[2026-06-02T07:31:14.429+0000] {logging_mixin.py:190} INFO - [2026-06-02T07:31:14.429+0000] {dagbag.py:588} INFO - Filling up the DagBag from /opt/airflow/dags/kafka_topic_bootstrap.py
[2026-06-02T07:31:15.207+0000] {processor.py:925} INFO - DAG(s) 'kafka_topic_bootstrap' retrieved from /opt/airflow/dags/kafka_topic_bootstrap.py
[2026-06-02T07:31:15.240+0000] {logging_mixin.py:190} INFO - [2026-06-02T07:31:15.240+0000] {dag.py:3239} INFO - Sync 1 DAGs
[2026-06-02T07:31:15.257+0000] {logging_mixin.py:190} INFO - [2026-06-02T07:31:15.256+0000] {dag.py:4180} INFO - Setting next_dagrun for kafka_topic_bootstrap to None, run_after=None
[2026-06-02T07:31:15.280+0000] {processor.py:208} INFO - Processing /opt/airflow/dags/kafka_topic_bootstrap.py took 0.865 seconds
[2026-06-02T07:31:45.849+0000] {processor.py:186} INFO - Started process (PID=18543) to work on /opt/airflow/dags/kafka_topic_bootstrap.py
[2026-06-02T07:31:45.850+0000] {processor.py:914} INFO - Processing file /opt/airflow/dags/kafka_topic_bootstrap.py for tasks to queue
[2026-06-02T07:31:45.854+0000] {logging_mixin.py:190} INFO - [2026-06-02T07:31:45.854+0000] {dagbag.py:588} INFO - Filling up the DagBag from /opt/airflow/dags/kafka_topic_bootstrap.py
[2026-06-02T07:31:46.597+0000] {processor.py:925} INFO - DAG(s) 'kafka_topic_bootstrap' retrieved from /opt/airflow/dags/kafka_topic_bootstrap.py
[2026-06-02T07:31:46.625+0000] {logging_mixin.py:190} INFO - [2026-06-02T07:31:46.625+0000] {dag.py:3239} INFO - Sync 1 DAGs
[2026-06-02T07:31:46.639+0000] {logging_mixin.py:190} INFO - [2026-06-02T07:31:46.639+0000] {dag.py:4180} INFO - Setting next_dagrun for kafka_topic_bootstrap to None, run_after=None
[2026-06-02T07:31:46.665+0000] {processor.py:208} INFO - Processing /opt/airflow/dags/kafka_topic_bootstrap.py took 0.825 seconds
[2026-06-02T07:32:17.167+0000] {processor.py:186} INFO - Started process (PID=18678) to work on /opt/airflow/dags/kafka_topic_bootstrap.py
[2026-06-02T07:32:17.168+0000] {processor.py:914} INFO - Processing file /opt/airflow/dags/kafka_topic_bootstrap.py for tasks to queue
[2026-06-02T07:32:17.172+0000] {logging_mixin.py:190} INFO - [2026-06-02T07:32:17.171+0000] {dagbag.py:588} INFO - Filling up the DagBag from /opt/airflow/dags/kafka_topic_bootstrap.py
[2026-06-02T07:32:17.981+0000] {processor.py:925} INFO - DAG(s) 'kafka_topic_bootstrap' retrieved from /opt/airflow/dags/kafka_topic_bootstrap.py
[2026-06-02T07:32:18.014+0000] {logging_mixin.py:190} INFO - [2026-06-02T07:32:18.014+0000] {dag.py:3239} INFO - Sync 1 DAGs
[2026-06-02T07:32:18.034+0000] {logging_mixin.py:190} INFO - [2026-06-02T07:32:18.033+0000] {dag.py:4180} INFO - Setting next_dagrun for kafka_topic_bootstrap to None, run_after=None
[2026-06-02T07:32:18.062+0000] {processor.py:208} INFO - Processing /opt/airflow/dags/kafka_topic_bootstrap.py took 0.905 seconds
[2026-06-02T07:32:48.685+0000] {processor.py:186} INFO - Started process (PID=18813) to work on /opt/airflow/dags/kafka_topic_bootstrap.py
[2026-06-02T07:32:48.686+0000] {processor.py:914} INFO - Processing file /opt/airflow/dags/kafka_topic_bootstrap.py for tasks to queue
[2026-06-02T07:32:48.689+0000] {logging_mixin.py:190} INFO - [2026-06-02T07:32:48.689+0000] {dagbag.py:588} INFO - Filling up the DagBag from /opt/airflow/dags/kafka_topic_bootstrap.py
[2026-06-02T07:32:49.435+0000] {processor.py:925} INFO - DAG(s) 'kafka_topic_bootstrap' retrieved from /opt/airflow/dags/kafka_topic_bootstrap.py
[2026-06-02T07:32:49.463+0000] {logging_mixin.py:190} INFO - [2026-06-02T07:32:49.463+0000] {dag.py:3239} INFO - Sync 1 DAGs
[2026-06-02T07:32:49.477+0000] {logging_mixin.py:190} INFO - [2026-06-02T07:32:49.477+0000] {dag.py:4180} INFO - Setting next_dagrun for kafka_topic_bootstrap to None, run_after=None
[2026-06-02T07:32:49.505+0000] {processor.py:208} INFO - Processing /opt/airflow/dags/kafka_topic_bootstrap.py took 0.829 seconds
[2026-06-02T07:33:20.022+0000] {processor.py:186} INFO - Started process (PID=18948) to work on /opt/airflow/dags/kafka_topic_bootstrap.py
[2026-06-02T07:33:20.023+0000] {processor.py:914} INFO - Processing file /opt/airflow/dags/kafka_topic_bootstrap.py for tasks to queue
[2026-06-02T07:33:20.027+0000] {logging_mixin.py:190} INFO - [2026-06-02T07:33:20.026+0000] {dagbag.py:588} INFO - Filling up the DagBag from /opt/airflow/dags/kafka_topic_bootstrap.py
[2026-06-02T07:33:20.757+0000] {processor.py:925} INFO - DAG(s) 'kafka_topic_bootstrap' retrieved from /opt/airflow/dags/kafka_topic_bootstrap.py
[2026-06-02T07:33:20.789+0000] {logging_mixin.py:190} INFO - [2026-06-02T07:33:20.788+0000] {dag.py:3239} INFO - Sync 1 DAGs
[2026-06-02T07:33:20.804+0000] {logging_mixin.py:190} INFO - [2026-06-02T07:33:20.803+0000] {dag.py:4180} INFO - Setting next_dagrun for kafka_topic_bootstrap to None, run_after=None
[2026-06-02T07:33:20.826+0000] {processor.py:208} INFO - Processing /opt/airflow/dags/kafka_topic_bootstrap.py took 0.814 seconds
[2026-06-02T07:33:51.474+0000] {processor.py:186} INFO - Started process (PID=19083) to work on /opt/airflow/dags/kafka_topic_bootstrap.py
[2026-06-02T07:33:51.476+0000] {processor.py:914} INFO - Processing file /opt/airflow/dags/kafka_topic_bootstrap.py for tasks to queue
[2026-06-02T07:33:51.480+0000] {logging_mixin.py:190} INFO - [2026-06-02T07:33:51.479+0000] {dagbag.py:588} INFO - Filling up the DagBag from /opt/airflow/dags/kafka_topic_bootstrap.py
[2026-06-02T07:33:52.274+0000] {processor.py:925} INFO - DAG(s) 'kafka_topic_bootstrap' retrieved from /opt/airflow/dags/kafka_topic_bootstrap.py
[2026-06-02T07:33:52.308+0000] {logging_mixin.py:190} INFO - [2026-06-02T07:33:52.308+0000] {dag.py:3239} INFO - Sync 1 DAGs
[2026-06-02T07:33:52.325+0000] {logging_mixin.py:190} INFO - [2026-06-02T07:33:52.325+0000] {dag.py:4180} INFO - Setting next_dagrun for kafka_topic_bootstrap to None, run_after=None
[2026-06-02T07:33:52.346+0000] {processor.py:208} INFO - Processing /opt/airflow/dags/kafka_topic_bootstrap.py took 0.884 seconds
[2026-06-02T07:34:23.198+0000] {processor.py:186} INFO - Started process (PID=19222) to work on /opt/airflow/dags/kafka_topic_bootstrap.py
[2026-06-02T07:34:23.200+0000] {processor.py:914} INFO - Processing file /opt/airflow/dags/kafka_topic_bootstrap.py for tasks to queue
[2026-06-02T07:34:23.204+0000] {logging_mixin.py:190} INFO - [2026-06-02T07:34:23.204+0000] {dagbag.py:588} INFO - Filling up the DagBag from /opt/airflow/dags/kafka_topic_bootstrap.py
[2026-06-02T07:34:24.320+0000] {processor.py:925} INFO - DAG(s) 'kafka_topic_bootstrap' retrieved from /opt/airflow/dags/kafka_topic_bootstrap.py
[2026-06-02T07:34:24.356+0000] {logging_mixin.py:190} INFO - [2026-06-02T07:34:24.355+0000] {dag.py:3239} INFO - Sync 1 DAGs
[2026-06-02T07:34:24.372+0000] {logging_mixin.py:190} INFO - [2026-06-02T07:34:24.372+0000] {dag.py:4180} INFO - Setting next_dagrun for kafka_topic_bootstrap to None, run_after=None
[2026-06-02T07:34:24.408+0000] {processor.py:208} INFO - Processing /opt/airflow/dags/kafka_topic_bootstrap.py took 1.220 seconds
[2026-06-02T07:34:54.958+0000] {processor.py:186} INFO - Started process (PID=19372) to work on /opt/airflow/dags/kafka_topic_bootstrap.py
[2026-06-02T07:34:54.959+0000] {processor.py:914} INFO - Processing file /opt/airflow/dags/kafka_topic_bootstrap.py for tasks to queue
[2026-06-02T07:34:54.963+0000] {logging_mixin.py:190} INFO - [2026-06-02T07:34:54.962+0000] {dagbag.py:588} INFO - Filling up the DagBag from /opt/airflow/dags/kafka_topic_bootstrap.py
[2026-06-02T07:34:56.090+0000] {processor.py:925} INFO - DAG(s) 'kafka_topic_bootstrap' retrieved from /opt/airflow/dags/kafka_topic_bootstrap.py
[2026-06-02T07:34:56.129+0000] {logging_mixin.py:190} INFO - [2026-06-02T07:34:56.128+0000] {dag.py:3239} INFO - Sync 1 DAGs
[2026-06-02T07:34:56.147+0000] {logging_mixin.py:190} INFO - [2026-06-02T07:34:56.147+0000] {dag.py:4180} INFO - Setting next_dagrun for kafka_topic_bootstrap to None, run_after=None
[2026-06-02T07:34:56.180+0000] {processor.py:208} INFO - Processing /opt/airflow/dags/kafka_topic_bootstrap.py took 1.230 seconds
[2026-06-02T07:35:26.402+0000] {processor.py:186} INFO - Started process (PID=19507) to work on /opt/airflow/dags/kafka_topic_bootstrap.py
[2026-06-02T07:35:26.403+0000] {processor.py:914} INFO - Processing file /opt/airflow/dags/kafka_topic_bootstrap.py for tasks to queue
[2026-06-02T07:35:26.407+0000] {logging_mixin.py:190} INFO - [2026-06-02T07:35:26.406+0000] {dagbag.py:588} INFO - Filling up the DagBag from /opt/airflow/dags/kafka_topic_bootstrap.py
[2026-06-02T07:35:27.416+0000] {processor.py:925} INFO - DAG(s) 'kafka_topic_bootstrap' retrieved from /opt/airflow/dags/kafka_topic_bootstrap.py
[2026-06-02T07:35:27.447+0000] {logging_mixin.py:190} INFO - [2026-06-02T07:35:27.446+0000] {dag.py:3239} INFO - Sync 1 DAGs
[2026-06-02T07:35:27.463+0000] {logging_mixin.py:190} INFO - [2026-06-02T07:35:27.462+0000] {dag.py:4180} INFO - Setting next_dagrun for kafka_topic_bootstrap to None, run_after=None
[2026-06-02T07:35:27.487+0000] {processor.py:208} INFO - Processing /opt/airflow/dags/kafka_topic_bootstrap.py took 1.094 seconds
[2026-06-02T09:41:24.206+0000] {processor.py:186} INFO - Started process (PID=2537) to work on /opt/airflow/dags/kafka_topic_bootstrap.py
[2026-06-02T09:41:24.208+0000] {processor.py:914} INFO - Processing file /opt/airflow/dags/kafka_topic_bootstrap.py for tasks to queue
[2026-06-02T09:41:24.210+0000] {logging_mixin.py:190} INFO - [2026-06-02T09:41:24.209+0000] {dagbag.py:588} INFO - Filling up the DagBag from /opt/airflow/dags/kafka_topic_bootstrap.py
[2026-06-02T09:41:25.177+0000] {processor.py:925} INFO - DAG(s) 'kafka_topic_bootstrap' retrieved from /opt/airflow/dags/kafka_topic_bootstrap.py
[2026-06-02T09:41:25.211+0000] {logging_mixin.py:190} INFO - [2026-06-02T09:41:25.211+0000] {dag.py:3239} INFO - Sync 1 DAGs
[2026-06-02T09:41:25.229+0000] {logging_mixin.py:190} INFO - [2026-06-02T09:41:25.228+0000] {dag.py:4180} INFO - Setting next_dagrun for kafka_topic_bootstrap to None, run_after=None
[2026-06-02T09:41:25.264+0000] {processor.py:208} INFO - Processing /opt/airflow/dags/kafka_topic_bootstrap.py took 1.069 seconds
[2026-06-02T09:41:56.126+0000] {processor.py:186} INFO - Started process (PID=2671) to work on /opt/airflow/dags/kafka_topic_bootstrap.py
[2026-06-02T09:41:56.127+0000] {processor.py:914} INFO - Processing file /opt/airflow/dags/kafka_topic_bootstrap.py for tasks to queue
[2026-06-02T09:41:56.129+0000] {logging_mixin.py:190} INFO - [2026-06-02T09:41:56.129+0000] {dagbag.py:588} INFO - Filling up the DagBag from /opt/airflow/dags/kafka_topic_bootstrap.py
[2026-06-02T09:41:57.001+0000] {processor.py:925} INFO - DAG(s) 'kafka_topic_bootstrap' retrieved from /opt/airflow/dags/kafka_topic_bootstrap.py
[2026-06-02T09:41:57.033+0000] {logging_mixin.py:190} INFO - [2026-06-02T09:41:57.033+0000] {dag.py:3239} INFO - Sync 1 DAGs
[2026-06-02T09:41:57.049+0000] {logging_mixin.py:190} INFO - [2026-06-02T09:41:57.049+0000] {dag.py:4180} INFO - Setting next_dagrun for kafka_topic_bootstrap to None, run_after=None
[2026-06-02T09:41:57.073+0000] {processor.py:208} INFO - Processing /opt/airflow/dags/kafka_topic_bootstrap.py took 0.958 seconds
[2026-06-02T09:42:27.635+0000] {processor.py:186} INFO - Started process (PID=2798) to work on /opt/airflow/dags/kafka_topic_bootstrap.py
[2026-06-02T09:42:27.637+0000] {processor.py:914} INFO - Processing file /opt/airflow/dags/kafka_topic_bootstrap.py for tasks to queue
[2026-06-02T09:42:27.640+0000] {logging_mixin.py:190} INFO - [2026-06-02T09:42:27.639+0000] {dagbag.py:588} INFO - Filling up the DagBag from /opt/airflow/dags/kafka_topic_bootstrap.py
[2026-06-02T09:42:28.470+0000] {processor.py:925} INFO - DAG(s) 'kafka_topic_bootstrap' retrieved from /opt/airflow/dags/kafka_topic_bootstrap.py
[2026-06-02T09:42:28.500+0000] {logging_mixin.py:190} INFO - [2026-06-02T09:42:28.499+0000] {dag.py:3239} INFO - Sync 1 DAGs
[2026-06-02T09:42:28.516+0000] {logging_mixin.py:190} INFO - [2026-06-02T09:42:28.516+0000] {dag.py:4180} INFO - Setting next_dagrun for kafka_topic_bootstrap to None, run_after=None
[2026-06-02T09:42:28.539+0000] {processor.py:208} INFO - Processing /opt/airflow/dags/kafka_topic_bootstrap.py took 0.915 seconds
[2026-06-02T09:42:59.275+0000] {processor.py:186} INFO - Started process (PID=2933) to work on /opt/airflow/dags/kafka_topic_bootstrap.py
[2026-06-02T09:42:59.277+0000] {processor.py:914} INFO - Processing file /opt/airflow/dags/kafka_topic_bootstrap.py for tasks to queue
[2026-06-02T09:42:59.279+0000] {logging_mixin.py:190} INFO - [2026-06-02T09:42:59.278+0000] {dagbag.py:588} INFO - Filling up the DagBag from /opt/airflow/dags/kafka_topic_bootstrap.py
[2026-06-02T09:43:00.113+0000] {processor.py:925} INFO - DAG(s) 'kafka_topic_bootstrap' retrieved from /opt/airflow/dags/kafka_topic_bootstrap.py
[2026-06-02T09:43:00.141+0000] {logging_mixin.py:190} INFO - [2026-06-02T09:43:00.141+0000] {dag.py:3239} INFO - Sync 1 DAGs
[2026-06-02T09:43:00.159+0000] {logging_mixin.py:190} INFO - [2026-06-02T09:43:00.158+0000] {dag.py:4180} INFO - Setting next_dagrun for kafka_topic_bootstrap to None, run_after=None
[2026-06-02T09:43:00.181+0000] {processor.py:208} INFO - Processing /opt/airflow/dags/kafka_topic_bootstrap.py took 0.917 seconds
[2026-06-02T09:43:30.856+0000] {processor.py:186} INFO - Started process (PID=3068) to work on /opt/airflow/dags/kafka_topic_bootstrap.py
[2026-06-02T09:43:30.858+0000] {processor.py:914} INFO - Processing file /opt/airflow/dags/kafka_topic_bootstrap.py for tasks to queue
[2026-06-02T09:43:30.860+0000] {logging_mixin.py:190} INFO - [2026-06-02T09:43:30.859+0000] {dagbag.py:588} INFO - Filling up the DagBag from /opt/airflow/dags/kafka_topic_bootstrap.py
[2026-06-02T09:43:31.688+0000] {processor.py:925} INFO - DAG(s) 'kafka_topic_bootstrap' retrieved from /opt/airflow/dags/kafka_topic_bootstrap.py
[2026-06-02T09:43:31.719+0000] {logging_mixin.py:190} INFO - [2026-06-02T09:43:31.719+0000] {dag.py:3239} INFO - Sync 1 DAGs
[2026-06-02T09:43:31.739+0000] {logging_mixin.py:190} INFO - [2026-06-02T09:43:31.739+0000] {dag.py:4180} INFO - Setting next_dagrun for kafka_topic_bootstrap to None, run_after=None
[2026-06-02T09:43:31.767+0000] {processor.py:208} INFO - Processing /opt/airflow/dags/kafka_topic_bootstrap.py took 0.920 seconds
[2026-06-02T09:44:02.345+0000] {processor.py:186} INFO - Started process (PID=3203) to work on /opt/airflow/dags/kafka_topic_bootstrap.py
[2026-06-02T09:44:02.347+0000] {processor.py:914} INFO - Processing file /opt/airflow/dags/kafka_topic_bootstrap.py for tasks to queue
[2026-06-02T09:44:02.349+0000] {logging_mixin.py:190} INFO - [2026-06-02T09:44:02.349+0000] {dagbag.py:588} INFO - Filling up the DagBag from /opt/airflow/dags/kafka_topic_bootstrap.py
[2026-06-02T09:44:03.307+0000] {processor.py:925} INFO - DAG(s) 'kafka_topic_bootstrap' retrieved from /opt/airflow/dags/kafka_topic_bootstrap.py
[2026-06-02T09:44:03.340+0000] {logging_mixin.py:190} INFO - [2026-06-02T09:44:03.339+0000] {dag.py:3239} INFO - Sync 1 DAGs
[2026-06-02T09:44:03.356+0000] {logging_mixin.py:190} INFO - [2026-06-02T09:44:03.356+0000] {dag.py:4180} INFO - Setting next_dagrun for kafka_topic_bootstrap to None, run_after=None
[2026-06-02T09:44:03.383+0000] {processor.py:208} INFO - Processing /opt/airflow/dags/kafka_topic_bootstrap.py took 1.049 seconds
[2026-06-02T09:44:33.911+0000] {processor.py:186} INFO - Started process (PID=3338) to work on /opt/airflow/dags/kafka_topic_bootstrap.py
[2026-06-02T09:44:33.912+0000] {processor.py:914} INFO - Processing file /opt/airflow/dags/kafka_topic_bootstrap.py for tasks to queue
[2026-06-02T09:44:33.915+0000] {logging_mixin.py:190} INFO - [2026-06-02T09:44:33.914+0000] {dagbag.py:588} INFO - Filling up the DagBag from /opt/airflow/dags/kafka_topic_bootstrap.py
[2026-06-02T09:44:34.729+0000] {processor.py:925} INFO - DAG(s) 'kafka_topic_bootstrap' retrieved from /opt/airflow/dags/kafka_topic_bootstrap.py
[2026-06-02T09:44:34.759+0000] {logging_mixin.py:190} INFO - [2026-06-02T09:44:34.759+0000] {dag.py:3239} INFO - Sync 1 DAGs
[2026-06-02T09:44:34.773+0000] {logging_mixin.py:190} INFO - [2026-06-02T09:44:34.773+0000] {dag.py:4180} INFO - Setting next_dagrun for kafka_topic_bootstrap to None, run_after=None
[2026-06-02T09:44:34.796+0000] {processor.py:208} INFO - Processing /opt/airflow/dags/kafka_topic_bootstrap.py took 0.896 seconds
[2026-06-02T09:45:05.542+0000] {processor.py:186} INFO - Started process (PID=3473) to work on /opt/airflow/dags/kafka_topic_bootstrap.py
[2026-06-02T09:45:05.544+0000] {processor.py:914} INFO - Processing file /opt/airflow/dags/kafka_topic_bootstrap.py for tasks to queue
[2026-06-02T09:45:05.546+0000] {logging_mixin.py:190} INFO - [2026-06-02T09:45:05.545+0000] {dagbag.py:588} INFO - Filling up the DagBag from /opt/airflow/dags/kafka_topic_bootstrap.py
[2026-06-02T09:45:06.396+0000] {processor.py:925} INFO - DAG(s) 'kafka_topic_bootstrap' retrieved from /opt/airflow/dags/kafka_topic_bootstrap.py
[2026-06-02T09:45:06.429+0000] {logging_mixin.py:190} INFO - [2026-06-02T09:45:06.429+0000] {dag.py:3239} INFO - Sync 1 DAGs
[2026-06-02T09:45:06.446+0000] {logging_mixin.py:190} INFO - [2026-06-02T09:45:06.445+0000] {dag.py:4180} INFO - Setting next_dagrun for kafka_topic_bootstrap to None, run_after=None
[2026-06-02T09:45:06.473+0000] {processor.py:208} INFO - Processing /opt/airflow/dags/kafka_topic_bootstrap.py took 0.941 seconds
[2026-06-02T09:45:37.303+0000] {processor.py:186} INFO - Started process (PID=3608) to work on /opt/airflow/dags/kafka_topic_bootstrap.py
[2026-06-02T09:45:37.304+0000] {processor.py:914} INFO - Processing file /opt/airflow/dags/kafka_topic_bootstrap.py for tasks to queue
[2026-06-02T09:45:37.307+0000] {logging_mixin.py:190} INFO - [2026-06-02T09:45:37.306+0000] {dagbag.py:588} INFO - Filling up the DagBag from /opt/airflow/dags/kafka_topic_bootstrap.py
[2026-06-02T09:45:38.121+0000] {processor.py:925} INFO - DAG(s) 'kafka_topic_bootstrap' retrieved from /opt/airflow/dags/kafka_topic_bootstrap.py
[2026-06-02T09:45:38.150+0000] {logging_mixin.py:190} INFO - [2026-06-02T09:45:38.150+0000] {dag.py:3239} INFO - Sync 1 DAGs
[2026-06-02T09:45:38.166+0000] {logging_mixin.py:190} INFO - [2026-06-02T09:45:38.166+0000] {dag.py:4180} INFO - Setting next_dagrun for kafka_topic_bootstrap to None, run_after=None
[2026-06-02T09:45:38.189+0000] {processor.py:208} INFO - Processing /opt/airflow/dags/kafka_topic_bootstrap.py took 0.896 seconds
[2026-06-02T09:46:08.813+0000] {processor.py:186} INFO - Started process (PID=3743) to work on /opt/airflow/dags/kafka_topic_bootstrap.py
[2026-06-02T09:46:08.815+0000] {processor.py:914} INFO - Processing file /opt/airflow/dags/kafka_topic_bootstrap.py for tasks to queue
[2026-06-02T09:46:08.817+0000] {logging_mixin.py:190} INFO - [2026-06-02T09:46:08.816+0000] {dagbag.py:588} INFO - Filling up the DagBag from /opt/airflow/dags/kafka_topic_bootstrap.py
[2026-06-02T09:46:09.668+0000] {processor.py:925} INFO - DAG(s) 'kafka_topic_bootstrap' retrieved from /opt/airflow/dags/kafka_topic_bootstrap.py
[2026-06-02T09:46:09.703+0000] {logging_mixin.py:190} INFO - [2026-06-02T09:46:09.702+0000] {dag.py:3239} INFO - Sync 1 DAGs
[2026-06-02T09:46:09.722+0000] {logging_mixin.py:190} INFO - [2026-06-02T09:46:09.722+0000] {dag.py:4180} INFO - Setting next_dagrun for kafka_topic_bootstrap to None, run_after=None
[2026-06-02T09:46:09.753+0000] {processor.py:208} INFO - Processing /opt/airflow/dags/kafka_topic_bootstrap.py took 0.949 seconds
[2026-06-02T09:46:40.250+0000] {processor.py:186} INFO - Started process (PID=3878) to work on /opt/airflow/dags/kafka_topic_bootstrap.py
[2026-06-02T09:46:40.252+0000] {processor.py:914} INFO - Processing file /opt/airflow/dags/kafka_topic_bootstrap.py for tasks to queue
[2026-06-02T09:46:40.254+0000] {logging_mixin.py:190} INFO - [2026-06-02T09:46:40.253+0000] {dagbag.py:588} INFO - Filling up the DagBag from /opt/airflow/dags/kafka_topic_bootstrap.py
[2026-06-02T09:46:41.138+0000] {processor.py:925} INFO - DAG(s) 'kafka_topic_bootstrap' retrieved from /opt/airflow/dags/kafka_topic_bootstrap.py
[2026-06-02T09:46:41.171+0000] {logging_mixin.py:190} INFO - [2026-06-02T09:46:41.170+0000] {dag.py:3239} INFO - Sync 1 DAGs
[2026-06-02T09:46:41.186+0000] {logging_mixin.py:190} INFO - [2026-06-02T09:46:41.186+0000] {dag.py:4180} INFO - Setting next_dagrun for kafka_topic_bootstrap to None, run_after=None
[2026-06-02T09:46:41.210+0000] {processor.py:208} INFO - Processing /opt/airflow/dags/kafka_topic_bootstrap.py took 0.969 seconds
[2026-06-02T09:47:11.886+0000] {processor.py:186} INFO - Started process (PID=4013) to work on /opt/airflow/dags/kafka_topic_bootstrap.py
[2026-06-02T09:47:11.888+0000] {processor.py:914} INFO - Processing file /opt/airflow/dags/kafka_topic_bootstrap.py for tasks to queue
[2026-06-02T09:47:11.891+0000] {logging_mixin.py:190} INFO - [2026-06-02T09:47:11.891+0000] {dagbag.py:588} INFO - Filling up the DagBag from /opt/airflow/dags/kafka_topic_bootstrap.py
[2026-06-02T09:47:12.720+0000] {processor.py:925} INFO - DAG(s) 'kafka_topic_bootstrap' retrieved from /opt/airflow/dags/kafka_topic_bootstrap.py
[2026-06-02T09:47:12.750+0000] {logging_mixin.py:190} INFO - [2026-06-02T09:47:12.750+0000] {dag.py:3239} INFO - Sync 1 DAGs
[2026-06-02T09:47:12.765+0000] {logging_mixin.py:190} INFO - [2026-06-02T09:47:12.765+0000] {dag.py:4180} INFO - Setting next_dagrun for kafka_topic_bootstrap to None, run_after=None
[2026-06-02T09:47:12.789+0000] {processor.py:208} INFO - Processing /opt/airflow/dags/kafka_topic_bootstrap.py took 0.914 seconds
[2026-06-02T09:47:43.348+0000] {processor.py:186} INFO - Started process (PID=4148) to work on /opt/airflow/dags/kafka_topic_bootstrap.py
[2026-06-02T09:47:43.349+0000] {processor.py:914} INFO - Processing file /opt/airflow/dags/kafka_topic_bootstrap.py for tasks to queue
[2026-06-02T09:47:43.352+0000] {logging_mixin.py:190} INFO - [2026-06-02T09:47:43.352+0000] {dagbag.py:588} INFO - Filling up the DagBag from /opt/airflow/dags/kafka_topic_bootstrap.py
[2026-06-02T09:47:44.188+0000] {processor.py:925} INFO - DAG(s) 'kafka_topic_bootstrap' retrieved from /opt/airflow/dags/kafka_topic_bootstrap.py
[2026-06-02T09:47:44.218+0000] {logging_mixin.py:190} INFO - [2026-06-02T09:47:44.218+0000] {dag.py:3239} INFO - Sync 1 DAGs
[2026-06-02T09:47:44.233+0000] {logging_mixin.py:190} INFO - [2026-06-02T09:47:44.233+0000] {dag.py:4180} INFO - Setting next_dagrun for kafka_topic_bootstrap to None, run_after=None
[2026-06-02T09:47:44.283+0000] {processor.py:208} INFO - Processing /opt/airflow/dags/kafka_topic_bootstrap.py took 0.946 seconds
[2026-06-02T09:48:14.887+0000] {processor.py:186} INFO - Started process (PID=4283) to work on /opt/airflow/dags/kafka_topic_bootstrap.py
[2026-06-02T09:48:14.889+0000] {processor.py:914} INFO - Processing file /opt/airflow/dags/kafka_topic_bootstrap.py for tasks to queue
[2026-06-02T09:48:14.892+0000] {logging_mixin.py:190} INFO - [2026-06-02T09:48:14.891+0000] {dagbag.py:588} INFO - Filling up the DagBag from /opt/airflow/dags/kafka_topic_bootstrap.py
[2026-06-02T09:48:15.699+0000] {processor.py:925} INFO - DAG(s) 'kafka_topic_bootstrap' retrieved from /opt/airflow/dags/kafka_topic_bootstrap.py
[2026-06-02T09:48:15.729+0000] {logging_mixin.py:190} INFO - [2026-06-02T09:48:15.729+0000] {dag.py:3239} INFO - Sync 1 DAGs
[2026-06-02T09:48:15.745+0000] {logging_mixin.py:190} INFO - [2026-06-02T09:48:15.744+0000] {dag.py:4180} INFO - Setting next_dagrun for kafka_topic_bootstrap to None, run_after=None
[2026-06-02T09:48:15.767+0000] {processor.py:208} INFO - Processing /opt/airflow/dags/kafka_topic_bootstrap.py took 0.894 seconds
[2026-06-02T09:48:46.386+0000] {processor.py:186} INFO - Started process (PID=4418) to work on /opt/airflow/dags/kafka_topic_bootstrap.py
[2026-06-02T09:48:46.388+0000] {processor.py:914} INFO - Processing file /opt/airflow/dags/kafka_topic_bootstrap.py for tasks to queue
[2026-06-02T09:48:46.390+0000] {logging_mixin.py:190} INFO - [2026-06-02T09:48:46.390+0000] {dagbag.py:588} INFO - Filling up the DagBag from /opt/airflow/dags/kafka_topic_bootstrap.py
[2026-06-02T09:48:47.196+0000] {processor.py:925} INFO - DAG(s) 'kafka_topic_bootstrap' retrieved from /opt/airflow/dags/kafka_topic_bootstrap.py
[2026-06-02T09:48:47.225+0000] {logging_mixin.py:190} INFO - [2026-06-02T09:48:47.224+0000] {dag.py:3239} INFO - Sync 1 DAGs
[2026-06-02T09:48:47.241+0000] {logging_mixin.py:190} INFO - [2026-06-02T09:48:47.240+0000] {dag.py:4180} INFO - Setting next_dagrun for kafka_topic_bootstrap to None, run_after=None
[2026-06-02T09:48:47.266+0000] {processor.py:208} INFO - Processing /opt/airflow/dags/kafka_topic_bootstrap.py took 0.889 seconds
[2026-06-02T09:49:17.821+0000] {processor.py:186} INFO - Started process (PID=4552) to work on /opt/airflow/dags/kafka_topic_bootstrap.py
[2026-06-02T09:49:17.822+0000] {processor.py:914} INFO - Processing file /opt/airflow/dags/kafka_topic_bootstrap.py for tasks to queue
[2026-06-02T09:49:17.824+0000] {logging_mixin.py:190} INFO - [2026-06-02T09:49:17.824+0000] {dagbag.py:588} INFO - Filling up the DagBag from /opt/airflow/dags/kafka_topic_bootstrap.py
[2026-06-02T09:49:18.697+0000] {processor.py:925} INFO - DAG(s) 'kafka_topic_bootstrap' retrieved from /opt/airflow/dags/kafka_topic_bootstrap.py
[2026-06-02T09:49:18.732+0000] {logging_mixin.py:190} INFO - [2026-06-02T09:49:18.731+0000] {dag.py:3239} INFO - Sync 1 DAGs
[2026-06-02T09:49:18.748+0000] {logging_mixin.py:190} INFO - [2026-06-02T09:49:18.748+0000] {dag.py:4180} INFO - Setting next_dagrun for kafka_topic_bootstrap to None, run_after=None
[2026-06-02T09:49:18.776+0000] {processor.py:208} INFO - Processing /opt/airflow/dags/kafka_topic_bootstrap.py took 0.965 seconds
[2026-06-02T09:49:49.581+0000] {processor.py:186} INFO - Started process (PID=4687) to work on /opt/airflow/dags/kafka_topic_bootstrap.py
[2026-06-02T09:49:49.583+0000] {processor.py:914} INFO - Processing file /opt/airflow/dags/kafka_topic_bootstrap.py for tasks to queue
[2026-06-02T09:49:49.585+0000] {logging_mixin.py:190} INFO - [2026-06-02T09:49:49.585+0000] {dagbag.py:588} INFO - Filling up the DagBag from /opt/airflow/dags/kafka_topic_bootstrap.py
[2026-06-02T09:49:50.425+0000] {processor.py:925} INFO - DAG(s) 'kafka_topic_bootstrap' retrieved from /opt/airflow/dags/kafka_topic_bootstrap.py
[2026-06-02T09:49:50.456+0000] {logging_mixin.py:190} INFO - [2026-06-02T09:49:50.455+0000] {dag.py:3239} INFO - Sync 1 DAGs
[2026-06-02T09:49:50.470+0000] {logging_mixin.py:190} INFO - [2026-06-02T09:49:50.470+0000] {dag.py:4180} INFO - Setting next_dagrun for kafka_topic_bootstrap to None, run_after=None
[2026-06-02T09:49:50.494+0000] {processor.py:208} INFO - Processing /opt/airflow/dags/kafka_topic_bootstrap.py took 0.923 seconds
[2026-06-02T09:50:21.225+0000] {processor.py:186} INFO - Started process (PID=4814) to work on /opt/airflow/dags/kafka_topic_bootstrap.py
[2026-06-02T09:50:21.227+0000] {processor.py:914} INFO - Processing file /opt/airflow/dags/kafka_topic_bootstrap.py for tasks to queue
[2026-06-02T09:50:21.229+0000] {logging_mixin.py:190} INFO - [2026-06-02T09:50:21.229+0000] {dagbag.py:588} INFO - Filling up the DagBag from /opt/airflow/dags/kafka_topic_bootstrap.py
[2026-06-02T09:50:22.038+0000] {processor.py:925} INFO - DAG(s) 'kafka_topic_bootstrap' retrieved from /opt/airflow/dags/kafka_topic_bootstrap.py
[2026-06-02T09:50:22.066+0000] {logging_mixin.py:190} INFO - [2026-06-02T09:50:22.065+0000] {dag.py:3239} INFO - Sync 1 DAGs
[2026-06-02T09:50:22.080+0000] {logging_mixin.py:190} INFO - [2026-06-02T09:50:22.079+0000] {dag.py:4180} INFO - Setting next_dagrun for kafka_topic_bootstrap to None, run_after=None
[2026-06-02T09:50:22.105+0000] {processor.py:208} INFO - Processing /opt/airflow/dags/kafka_topic_bootstrap.py took 0.890 seconds
[2026-06-02T09:50:52.696+0000] {processor.py:186} INFO - Started process (PID=4949) to work on /opt/airflow/dags/kafka_topic_bootstrap.py
[2026-06-02T09:50:52.698+0000] {processor.py:914} INFO - Processing file /opt/airflow/dags/kafka_topic_bootstrap.py for tasks to queue
[2026-06-02T09:50:52.700+0000] {logging_mixin.py:190} INFO - [2026-06-02T09:50:52.699+0000] {dagbag.py:588} INFO - Filling up the DagBag from /opt/airflow/dags/kafka_topic_bootstrap.py
[2026-06-02T09:50:53.532+0000] {processor.py:925} INFO - DAG(s) 'kafka_topic_bootstrap' retrieved from /opt/airflow/dags/kafka_topic_bootstrap.py
[2026-06-02T09:50:53.566+0000] {logging_mixin.py:190} INFO - [2026-06-02T09:50:53.565+0000] {dag.py:3239} INFO - Sync 1 DAGs
[2026-06-02T09:50:53.583+0000] {logging_mixin.py:190} INFO - [2026-06-02T09:50:53.582+0000] {dag.py:4180} INFO - Setting next_dagrun for kafka_topic_bootstrap to None, run_after=None
[2026-06-02T09:50:53.610+0000] {processor.py:208} INFO - Processing /opt/airflow/dags/kafka_topic_bootstrap.py took 0.924 seconds
[2026-06-02T09:51:24.156+0000] {processor.py:186} INFO - Started process (PID=5084) to work on /opt/airflow/dags/kafka_topic_bootstrap.py
[2026-06-02T09:51:24.159+0000] {processor.py:914} INFO - Processing file /opt/airflow/dags/kafka_topic_bootstrap.py for tasks to queue
[2026-06-02T09:51:24.160+0000] {logging_mixin.py:190} INFO - [2026-06-02T09:51:24.160+0000] {dagbag.py:588} INFO - Filling up the DagBag from /opt/airflow/dags/kafka_topic_bootstrap.py
[2026-06-02T09:51:24.965+0000] {processor.py:925} INFO - DAG(s) 'kafka_topic_bootstrap' retrieved from /opt/airflow/dags/kafka_topic_bootstrap.py
[2026-06-02T09:51:24.996+0000] {logging_mixin.py:190} INFO - [2026-06-02T09:51:24.996+0000] {dag.py:3239} INFO - Sync 1 DAGs
[2026-06-02T09:51:25.013+0000] {logging_mixin.py:190} INFO - [2026-06-02T09:51:25.013+0000] {dag.py:4180} INFO - Setting next_dagrun for kafka_topic_bootstrap to None, run_after=None
[2026-06-02T09:51:25.037+0000] {processor.py:208} INFO - Processing /opt/airflow/dags/kafka_topic_bootstrap.py took 0.890 seconds
[2026-06-02T09:51:55.604+0000] {processor.py:186} INFO - Started process (PID=5219) to work on /opt/airflow/dags/kafka_topic_bootstrap.py
[2026-06-02T09:51:55.607+0000] {processor.py:914} INFO - Processing file /opt/airflow/dags/kafka_topic_bootstrap.py for tasks to queue
[2026-06-02T09:51:55.609+0000] {logging_mixin.py:190} INFO - [2026-06-02T09:51:55.609+0000] {dagbag.py:588} INFO - Filling up the DagBag from /opt/airflow/dags/kafka_topic_bootstrap.py
[2026-06-02T09:51:56.435+0000] {processor.py:925} INFO - DAG(s) 'kafka_topic_bootstrap' retrieved from /opt/airflow/dags/kafka_topic_bootstrap.py
[2026-06-02T09:51:56.472+0000] {logging_mixin.py:190} INFO - [2026-06-02T09:51:56.471+0000] {dag.py:3239} INFO - Sync 1 DAGs
[2026-06-02T09:51:56.488+0000] {logging_mixin.py:190} INFO - [2026-06-02T09:51:56.488+0000] {dag.py:4180} INFO - Setting next_dagrun for kafka_topic_bootstrap to None, run_after=None
[2026-06-02T09:51:56.522+0000] {processor.py:208} INFO - Processing /opt/airflow/dags/kafka_topic_bootstrap.py took 0.927 seconds
[2026-06-02T09:52:27.096+0000] {processor.py:186} INFO - Started process (PID=5354) to work on /opt/airflow/dags/kafka_topic_bootstrap.py
[2026-06-02T09:52:27.097+0000] {processor.py:914} INFO - Processing file /opt/airflow/dags/kafka_topic_bootstrap.py for tasks to queue
[2026-06-02T09:52:27.099+0000] {logging_mixin.py:190} INFO - [2026-06-02T09:52:27.099+0000] {dagbag.py:588} INFO - Filling up the DagBag from /opt/airflow/dags/kafka_topic_bootstrap.py
[2026-06-02T09:52:27.925+0000] {processor.py:925} INFO - DAG(s) 'kafka_topic_bootstrap' retrieved from /opt/airflow/dags/kafka_topic_bootstrap.py
[2026-06-02T09:52:27.958+0000] {logging_mixin.py:190} INFO - [2026-06-02T09:52:27.957+0000] {dag.py:3239} INFO - Sync 1 DAGs
[2026-06-02T09:52:27.974+0000] {logging_mixin.py:190} INFO - [2026-06-02T09:52:27.974+0000] {dag.py:4180} INFO - Setting next_dagrun for kafka_topic_bootstrap to None, run_after=None
[2026-06-02T09:52:27.998+0000] {processor.py:208} INFO - Processing /opt/airflow/dags/kafka_topic_bootstrap.py took 0.912 seconds
[2026-06-02T09:52:58.520+0000] {processor.py:186} INFO - Started process (PID=5489) to work on /opt/airflow/dags/kafka_topic_bootstrap.py
[2026-06-02T09:52:58.522+0000] {processor.py:914} INFO - Processing file /opt/airflow/dags/kafka_topic_bootstrap.py for tasks to queue
[2026-06-02T09:52:58.524+0000] {logging_mixin.py:190} INFO - [2026-06-02T09:52:58.523+0000] {dagbag.py:588} INFO - Filling up the DagBag from /opt/airflow/dags/kafka_topic_bootstrap.py
[2026-06-02T09:52:59.351+0000] {processor.py:925} INFO - DAG(s) 'kafka_topic_bootstrap' retrieved from /opt/airflow/dags/kafka_topic_bootstrap.py
[2026-06-02T09:52:59.382+0000] {logging_mixin.py:190} INFO - [2026-06-02T09:52:59.381+0000] {dag.py:3239} INFO - Sync 1 DAGs
[2026-06-02T09:52:59.397+0000] {logging_mixin.py:190} INFO - [2026-06-02T09:52:59.397+0000] {dag.py:4180} INFO - Setting next_dagrun for kafka_topic_bootstrap to None, run_after=None
[2026-06-02T09:52:59.423+0000] {processor.py:208} INFO - Processing /opt/airflow/dags/kafka_topic_bootstrap.py took 0.912 seconds
[2026-06-02T09:53:30.029+0000] {processor.py:186} INFO - Started process (PID=5624) to work on /opt/airflow/dags/kafka_topic_bootstrap.py
[2026-06-02T09:53:30.031+0000] {processor.py:914} INFO - Processing file /opt/airflow/dags/kafka_topic_bootstrap.py for tasks to queue
[2026-06-02T09:53:30.033+0000] {logging_mixin.py:190} INFO - [2026-06-02T09:53:30.032+0000] {dagbag.py:588} INFO - Filling up the DagBag from /opt/airflow/dags/kafka_topic_bootstrap.py
[2026-06-02T09:53:30.903+0000] {processor.py:925} INFO - DAG(s) 'kafka_topic_bootstrap' retrieved from /opt/airflow/dags/kafka_topic_bootstrap.py
[2026-06-02T09:53:30.939+0000] {logging_mixin.py:190} INFO - [2026-06-02T09:53:30.939+0000] {dag.py:3239} INFO - Sync 1 DAGs
[2026-06-02T09:53:30.957+0000] {logging_mixin.py:190} INFO - [2026-06-02T09:53:30.956+0000] {dag.py:4180} INFO - Setting next_dagrun for kafka_topic_bootstrap to None, run_after=None
[2026-06-02T09:53:30.983+0000] {processor.py:208} INFO - Processing /opt/airflow/dags/kafka_topic_bootstrap.py took 0.964 seconds
[2026-06-02T09:54:01.666+0000] {processor.py:186} INFO - Started process (PID=5759) to work on /opt/airflow/dags/kafka_topic_bootstrap.py
[2026-06-02T09:54:01.668+0000] {processor.py:914} INFO - Processing file /opt/airflow/dags/kafka_topic_bootstrap.py for tasks to queue
[2026-06-02T09:54:01.670+0000] {logging_mixin.py:190} INFO - [2026-06-02T09:54:01.669+0000] {dagbag.py:588} INFO - Filling up the DagBag from /opt/airflow/dags/kafka_topic_bootstrap.py
[2026-06-02T09:54:02.549+0000] {processor.py:925} INFO - DAG(s) 'kafka_topic_bootstrap' retrieved from /opt/airflow/dags/kafka_topic_bootstrap.py
[2026-06-02T09:54:02.578+0000] {logging_mixin.py:190} INFO - [2026-06-02T09:54:02.578+0000] {dag.py:3239} INFO - Sync 1 DAGs
[2026-06-02T09:54:02.594+0000] {logging_mixin.py:190} INFO - [2026-06-02T09:54:02.593+0000] {dag.py:4180} INFO - Setting next_dagrun for kafka_topic_bootstrap to None, run_after=None
[2026-06-02T09:54:02.618+0000] {processor.py:208} INFO - Processing /opt/airflow/dags/kafka_topic_bootstrap.py took 0.961 seconds
[2026-06-02T09:54:33.175+0000] {processor.py:186} INFO - Started process (PID=5894) to work on /opt/airflow/dags/kafka_topic_bootstrap.py
[2026-06-02T09:54:33.177+0000] {processor.py:914} INFO - Processing file /opt/airflow/dags/kafka_topic_bootstrap.py for tasks to queue
[2026-06-02T09:54:33.180+0000] {logging_mixin.py:190} INFO - [2026-06-02T09:54:33.178+0000] {dagbag.py:588} INFO - Filling up the DagBag from /opt/airflow/dags/kafka_topic_bootstrap.py
[2026-06-02T09:54:33.978+0000] {processor.py:925} INFO - DAG(s) 'kafka_topic_bootstrap' retrieved from /opt/airflow/dags/kafka_topic_bootstrap.py
[2026-06-02T09:54:34.010+0000] {logging_mixin.py:190} INFO - [2026-06-02T09:54:34.010+0000] {dag.py:3239} INFO - Sync 1 DAGs
[2026-06-02T09:54:34.030+0000] {logging_mixin.py:190} INFO - [2026-06-02T09:54:34.030+0000] {dag.py:4180} INFO - Setting next_dagrun for kafka_topic_bootstrap to None, run_after=None
[2026-06-02T09:54:34.061+0000] {processor.py:208} INFO - Processing /opt/airflow/dags/kafka_topic_bootstrap.py took 0.896 seconds
[2026-06-02T09:55:04.745+0000] {processor.py:186} INFO - Started process (PID=6029) to work on /opt/airflow/dags/kafka_topic_bootstrap.py
[2026-06-02T09:55:04.747+0000] {processor.py:914} INFO - Processing file /opt/airflow/dags/kafka_topic_bootstrap.py for tasks to queue
[2026-06-02T09:55:04.750+0000] {logging_mixin.py:190} INFO - [2026-06-02T09:55:04.750+0000] {dagbag.py:588} INFO - Filling up the DagBag from /opt/airflow/dags/kafka_topic_bootstrap.py
[2026-06-02T09:55:05.607+0000] {processor.py:925} INFO - DAG(s) 'kafka_topic_bootstrap' retrieved from /opt/airflow/dags/kafka_topic_bootstrap.py
[2026-06-02T09:55:05.639+0000] {logging_mixin.py:190} INFO - [2026-06-02T09:55:05.638+0000] {dag.py:3239} INFO - Sync 1 DAGs
[2026-06-02T09:55:05.653+0000] {logging_mixin.py:190} INFO - [2026-06-02T09:55:05.653+0000] {dag.py:4180} INFO - Setting next_dagrun for kafka_topic_bootstrap to None, run_after=None
[2026-06-02T09:55:05.676+0000] {processor.py:208} INFO - Processing /opt/airflow/dags/kafka_topic_bootstrap.py took 0.941 seconds
[2026-06-02T09:55:36.219+0000] {processor.py:186} INFO - Started process (PID=6164) to work on /opt/airflow/dags/kafka_topic_bootstrap.py
[2026-06-02T09:55:36.221+0000] {processor.py:914} INFO - Processing file /opt/airflow/dags/kafka_topic_bootstrap.py for tasks to queue
[2026-06-02T09:55:36.223+0000] {logging_mixin.py:190} INFO - [2026-06-02T09:55:36.222+0000] {dagbag.py:588} INFO - Filling up the DagBag from /opt/airflow/dags/kafka_topic_bootstrap.py
[2026-06-02T09:55:37.046+0000] {processor.py:925} INFO - DAG(s) 'kafka_topic_bootstrap' retrieved from /opt/airflow/dags/kafka_topic_bootstrap.py
[2026-06-02T09:55:37.075+0000] {logging_mixin.py:190} INFO - [2026-06-02T09:55:37.074+0000] {dag.py:3239} INFO - Sync 1 DAGs
[2026-06-02T09:55:37.089+0000] {logging_mixin.py:190} INFO - [2026-06-02T09:55:37.089+0000] {dag.py:4180} INFO - Setting next_dagrun for kafka_topic_bootstrap to None, run_after=None
[2026-06-02T09:55:37.117+0000] {processor.py:208} INFO - Processing /opt/airflow/dags/kafka_topic_bootstrap.py took 0.907 seconds
[2026-06-02T09:56:07.798+0000] {processor.py:186} INFO - Started process (PID=6299) to work on /opt/airflow/dags/kafka_topic_bootstrap.py
[2026-06-02T09:56:07.800+0000] {processor.py:914} INFO - Processing file /opt/airflow/dags/kafka_topic_bootstrap.py for tasks to queue
[2026-06-02T09:56:07.802+0000] {logging_mixin.py:190} INFO - [2026-06-02T09:56:07.801+0000] {dagbag.py:588} INFO - Filling up the DagBag from /opt/airflow/dags/kafka_topic_bootstrap.py
[2026-06-02T09:56:08.644+0000] {processor.py:925} INFO - DAG(s) 'kafka_topic_bootstrap' retrieved from /opt/airflow/dags/kafka_topic_bootstrap.py
[2026-06-02T09:56:08.675+0000] {logging_mixin.py:190} INFO - [2026-06-02T09:56:08.675+0000] {dag.py:3239} INFO - Sync 1 DAGs
[2026-06-02T09:56:08.691+0000] {logging_mixin.py:190} INFO - [2026-06-02T09:56:08.691+0000] {dag.py:4180} INFO - Setting next_dagrun for kafka_topic_bootstrap to None, run_after=None
[2026-06-02T09:56:08.718+0000] {processor.py:208} INFO - Processing /opt/airflow/dags/kafka_topic_bootstrap.py took 0.930 seconds
[2026-06-02T09:56:39.322+0000] {processor.py:186} INFO - Started process (PID=6434) to work on /opt/airflow/dags/kafka_topic_bootstrap.py
[2026-06-02T09:56:39.323+0000] {processor.py:914} INFO - Processing file /opt/airflow/dags/kafka_topic_bootstrap.py for tasks to queue
[2026-06-02T09:56:39.325+0000] {logging_mixin.py:190} INFO - [2026-06-02T09:56:39.325+0000] {dagbag.py:588} INFO - Filling up the DagBag from /opt/airflow/dags/kafka_topic_bootstrap.py
[2026-06-02T09:56:40.126+0000] {processor.py:925} INFO - DAG(s) 'kafka_topic_bootstrap' retrieved from /opt/airflow/dags/kafka_topic_bootstrap.py
[2026-06-02T09:56:40.157+0000] {logging_mixin.py:190} INFO - [2026-06-02T09:56:40.156+0000] {dag.py:3239} INFO - Sync 1 DAGs
[2026-06-02T09:56:40.173+0000] {logging_mixin.py:190} INFO - [2026-06-02T09:56:40.173+0000] {dag.py:4180} INFO - Setting next_dagrun for kafka_topic_bootstrap to None, run_after=None
[2026-06-02T09:56:40.199+0000] {processor.py:208} INFO - Processing /opt/airflow/dags/kafka_topic_bootstrap.py took 0.887 seconds
[2026-06-02T09:57:10.914+0000] {processor.py:186} INFO - Started process (PID=6568) to work on /opt/airflow/dags/kafka_topic_bootstrap.py
[2026-06-02T09:57:10.916+0000] {processor.py:914} INFO - Processing file /opt/airflow/dags/kafka_topic_bootstrap.py for tasks to queue
[2026-06-02T09:57:10.919+0000] {logging_mixin.py:190} INFO - [2026-06-02T09:57:10.918+0000] {dagbag.py:588} INFO - Filling up the DagBag from /opt/airflow/dags/kafka_topic_bootstrap.py
[2026-06-02T09:57:11.802+0000] {processor.py:925} INFO - DAG(s) 'kafka_topic_bootstrap' retrieved from /opt/airflow/dags/kafka_topic_bootstrap.py
[2026-06-02T09:57:11.834+0000] {logging_mixin.py:190} INFO - [2026-06-02T09:57:11.834+0000] {dag.py:3239} INFO - Sync 1 DAGs
[2026-06-02T09:57:11.851+0000] {logging_mixin.py:190} INFO - [2026-06-02T09:57:11.851+0000] {dag.py:4180} INFO - Setting next_dagrun for kafka_topic_bootstrap to None, run_after=None
[2026-06-02T09:57:11.880+0000] {processor.py:208} INFO - Processing /opt/airflow/dags/kafka_topic_bootstrap.py took 0.978 seconds
[2026-06-02T09:57:42.377+0000] {processor.py:186} INFO - Started process (PID=6695) to work on /opt/airflow/dags/kafka_topic_bootstrap.py
[2026-06-02T09:57:42.378+0000] {processor.py:914} INFO - Processing file /opt/airflow/dags/kafka_topic_bootstrap.py for tasks to queue
[2026-06-02T09:57:42.380+0000] {logging_mixin.py:190} INFO - [2026-06-02T09:57:42.380+0000] {dagbag.py:588} INFO - Filling up the DagBag from /opt/airflow/dags/kafka_topic_bootstrap.py
[2026-06-02T09:57:43.284+0000] {processor.py:925} INFO - DAG(s) 'kafka_topic_bootstrap' retrieved from /opt/airflow/dags/kafka_topic_bootstrap.py
[2026-06-02T09:57:43.317+0000] {logging_mixin.py:190} INFO - [2026-06-02T09:57:43.317+0000] {dag.py:3239} INFO - Sync 1 DAGs
[2026-06-02T09:57:43.336+0000] {logging_mixin.py:190} INFO - [2026-06-02T09:57:43.336+0000] {dag.py:4180} INFO - Setting next_dagrun for kafka_topic_bootstrap to None, run_after=None
[2026-06-02T09:57:43.366+0000] {processor.py:208} INFO - Processing /opt/airflow/dags/kafka_topic_bootstrap.py took 0.999 seconds
[2026-06-02T09:58:13.851+0000] {processor.py:186} INFO - Started process (PID=6830) to work on /opt/airflow/dags/kafka_topic_bootstrap.py
[2026-06-02T09:58:13.853+0000] {processor.py:914} INFO - Processing file /opt/airflow/dags/kafka_topic_bootstrap.py for tasks to queue
[2026-06-02T09:58:13.855+0000] {logging_mixin.py:190} INFO - [2026-06-02T09:58:13.854+0000] {dagbag.py:588} INFO - Filling up the DagBag from /opt/airflow/dags/kafka_topic_bootstrap.py
[2026-06-02T09:58:14.678+0000] {processor.py:925} INFO - DAG(s) 'kafka_topic_bootstrap' retrieved from /opt/airflow/dags/kafka_topic_bootstrap.py
[2026-06-02T09:58:14.712+0000] {logging_mixin.py:190} INFO - [2026-06-02T09:58:14.711+0000] {dag.py:3239} INFO - Sync 1 DAGs
[2026-06-02T09:58:14.727+0000] {logging_mixin.py:190} INFO - [2026-06-02T09:58:14.727+0000] {dag.py:4180} INFO - Setting next_dagrun for kafka_topic_bootstrap to None, run_after=None
[2026-06-02T09:58:14.751+0000] {processor.py:208} INFO - Processing /opt/airflow/dags/kafka_topic_bootstrap.py took 0.910 seconds
[2026-06-02T09:58:45.378+0000] {processor.py:186} INFO - Started process (PID=6965) to work on /opt/airflow/dags/kafka_topic_bootstrap.py
[2026-06-02T09:58:45.379+0000] {processor.py:914} INFO - Processing file /opt/airflow/dags/kafka_topic_bootstrap.py for tasks to queue
[2026-06-02T09:58:45.382+0000] {logging_mixin.py:190} INFO - [2026-06-02T09:58:45.381+0000] {dagbag.py:588} INFO - Filling up the DagBag from /opt/airflow/dags/kafka_topic_bootstrap.py
[2026-06-02T09:58:46.195+0000] {processor.py:925} INFO - DAG(s) 'kafka_topic_bootstrap' retrieved from /opt/airflow/dags/kafka_topic_bootstrap.py
[2026-06-02T09:58:46.229+0000] {logging_mixin.py:190} INFO - [2026-06-02T09:58:46.228+0000] {dag.py:3239} INFO - Sync 1 DAGs
[2026-06-02T09:58:46.245+0000] {logging_mixin.py:190} INFO - [2026-06-02T09:58:46.244+0000] {dag.py:4180} INFO - Setting next_dagrun for kafka_topic_bootstrap to None, run_after=None
[2026-06-02T09:58:46.272+0000] {processor.py:208} INFO - Processing /opt/airflow/dags/kafka_topic_bootstrap.py took 0.905 seconds
[2026-06-02T09:59:16.852+0000] {processor.py:186} INFO - Started process (PID=7100) to work on /opt/airflow/dags/kafka_topic_bootstrap.py
[2026-06-02T09:59:16.854+0000] {processor.py:914} INFO - Processing file /opt/airflow/dags/kafka_topic_bootstrap.py for tasks to queue
[2026-06-02T09:59:16.856+0000] {logging_mixin.py:190} INFO - [2026-06-02T09:59:16.856+0000] {dagbag.py:588} INFO - Filling up the DagBag from /opt/airflow/dags/kafka_topic_bootstrap.py
[2026-06-02T09:59:17.674+0000] {processor.py:925} INFO - DAG(s) 'kafka_topic_bootstrap' retrieved from /opt/airflow/dags/kafka_topic_bootstrap.py
[2026-06-02T09:59:17.706+0000] {logging_mixin.py:190} INFO - [2026-06-02T09:59:17.706+0000] {dag.py:3239} INFO - Sync 1 DAGs
[2026-06-02T09:59:17.722+0000] {logging_mixin.py:190} INFO - [2026-06-02T09:59:17.722+0000] {dag.py:4180} INFO - Setting next_dagrun for kafka_topic_bootstrap to None, run_after=None
[2026-06-02T09:59:17.749+0000] {processor.py:208} INFO - Processing /opt/airflow/dags/kafka_topic_bootstrap.py took 0.906 seconds
[2026-06-02T09:59:48.198+0000] {processor.py:186} INFO - Started process (PID=7235) to work on /opt/airflow/dags/kafka_topic_bootstrap.py
[2026-06-02T09:59:48.199+0000] {processor.py:914} INFO - Processing file /opt/airflow/dags/kafka_topic_bootstrap.py for tasks to queue
[2026-06-02T09:59:48.201+0000] {logging_mixin.py:190} INFO - [2026-06-02T09:59:48.201+0000] {dagbag.py:588} INFO - Filling up the DagBag from /opt/airflow/dags/kafka_topic_bootstrap.py
[2026-06-02T09:59:49.055+0000] {processor.py:925} INFO - DAG(s) 'kafka_topic_bootstrap' retrieved from /opt/airflow/dags/kafka_topic_bootstrap.py
[2026-06-02T09:59:49.088+0000] {logging_mixin.py:190} INFO - [2026-06-02T09:59:49.087+0000] {dag.py:3239} INFO - Sync 1 DAGs
[2026-06-02T09:59:49.105+0000] {logging_mixin.py:190} INFO - [2026-06-02T09:59:49.105+0000] {dag.py:4180} INFO - Setting next_dagrun for kafka_topic_bootstrap to None, run_after=None
[2026-06-02T09:59:49.131+0000] {processor.py:208} INFO - Processing /opt/airflow/dags/kafka_topic_bootstrap.py took 0.943 seconds
[2026-06-02T10:00:19.826+0000] {processor.py:186} INFO - Started process (PID=7370) to work on /opt/airflow/dags/kafka_topic_bootstrap.py
[2026-06-02T10:00:19.829+0000] {processor.py:914} INFO - Processing file /opt/airflow/dags/kafka_topic_bootstrap.py for tasks to queue
[2026-06-02T10:00:19.831+0000] {logging_mixin.py:190} INFO - [2026-06-02T10:00:19.831+0000] {dagbag.py:588} INFO - Filling up the DagBag from /opt/airflow/dags/kafka_topic_bootstrap.py
[2026-06-02T10:00:20.636+0000] {processor.py:925} INFO - DAG(s) 'kafka_topic_bootstrap' retrieved from /opt/airflow/dags/kafka_topic_bootstrap.py
[2026-06-02T10:00:20.669+0000] {logging_mixin.py:190} INFO - [2026-06-02T10:00:20.669+0000] {dag.py:3239} INFO - Sync 1 DAGs
[2026-06-02T10:00:20.687+0000] {logging_mixin.py:190} INFO - [2026-06-02T10:00:20.687+0000] {dag.py:4180} INFO - Setting next_dagrun for kafka_topic_bootstrap to None, run_after=None
[2026-06-02T10:00:20.710+0000] {processor.py:208} INFO - Processing /opt/airflow/dags/kafka_topic_bootstrap.py took 0.894 seconds
[2026-06-02T10:00:51.361+0000] {processor.py:186} INFO - Started process (PID=7505) to work on /opt/airflow/dags/kafka_topic_bootstrap.py
[2026-06-02T10:00:51.363+0000] {processor.py:914} INFO - Processing file /opt/airflow/dags/kafka_topic_bootstrap.py for tasks to queue
[2026-06-02T10:00:51.365+0000] {logging_mixin.py:190} INFO - [2026-06-02T10:00:51.364+0000] {dagbag.py:588} INFO - Filling up the DagBag from /opt/airflow/dags/kafka_topic_bootstrap.py
[2026-06-02T10:00:52.201+0000] {processor.py:925} INFO - DAG(s) 'kafka_topic_bootstrap' retrieved from /opt/airflow/dags/kafka_topic_bootstrap.py
[2026-06-02T10:00:52.234+0000] {logging_mixin.py:190} INFO - [2026-06-02T10:00:52.234+0000] {dag.py:3239} INFO - Sync 1 DAGs
[2026-06-02T10:00:52.250+0000] {logging_mixin.py:190} INFO - [2026-06-02T10:00:52.249+0000] {dag.py:4180} INFO - Setting next_dagrun for kafka_topic_bootstrap to None, run_after=None
[2026-06-02T10:00:52.275+0000] {processor.py:208} INFO - Processing /opt/airflow/dags/kafka_topic_bootstrap.py took 0.924 seconds
[2026-06-02T10:01:22.867+0000] {processor.py:186} INFO - Started process (PID=7640) to work on /opt/airflow/dags/kafka_topic_bootstrap.py
[2026-06-02T10:01:22.869+0000] {processor.py:914} INFO - Processing file /opt/airflow/dags/kafka_topic_bootstrap.py for tasks to queue
[2026-06-02T10:01:22.871+0000] {logging_mixin.py:190} INFO - [2026-06-02T10:01:22.870+0000] {dagbag.py:588} INFO - Filling up the DagBag from /opt/airflow/dags/kafka_topic_bootstrap.py
[2026-06-02T10:01:23.700+0000] {processor.py:925} INFO - DAG(s) 'kafka_topic_bootstrap' retrieved from /opt/airflow/dags/kafka_topic_bootstrap.py
[2026-06-02T10:01:23.727+0000] {logging_mixin.py:190} INFO - [2026-06-02T10:01:23.727+0000] {dag.py:3239} INFO - Sync 1 DAGs
[2026-06-02T10:01:23.743+0000] {logging_mixin.py:190} INFO - [2026-06-02T10:01:23.743+0000] {dag.py:4180} INFO - Setting next_dagrun for kafka_topic_bootstrap to None, run_after=None
[2026-06-02T10:01:23.767+0000] {processor.py:208} INFO - Processing /opt/airflow/dags/kafka_topic_bootstrap.py took 0.910 seconds
[2026-06-02T10:01:54.445+0000] {processor.py:186} INFO - Started process (PID=7775) to work on /opt/airflow/dags/kafka_topic_bootstrap.py
[2026-06-02T10:01:54.447+0000] {processor.py:914} INFO - Processing file /opt/airflow/dags/kafka_topic_bootstrap.py for tasks to queue
[2026-06-02T10:01:54.450+0000] {logging_mixin.py:190} INFO - [2026-06-02T10:01:54.449+0000] {dagbag.py:588} INFO - Filling up the DagBag from /opt/airflow/dags/kafka_topic_bootstrap.py
[2026-06-02T10:01:55.614+0000] {processor.py:925} INFO - DAG(s) 'kafka_topic_bootstrap' retrieved from /opt/airflow/dags/kafka_topic_bootstrap.py
[2026-06-02T10:01:55.643+0000] {logging_mixin.py:190} INFO - [2026-06-02T10:01:55.643+0000] {dag.py:3239} INFO - Sync 1 DAGs
[2026-06-02T10:01:55.659+0000] {logging_mixin.py:190} INFO - [2026-06-02T10:01:55.659+0000] {dag.py:4180} INFO - Setting next_dagrun for kafka_topic_bootstrap to None, run_after=None
[2026-06-02T10:01:55.683+0000] {processor.py:208} INFO - Processing /opt/airflow/dags/kafka_topic_bootstrap.py took 1.252 seconds
[2026-06-02T10:02:26.144+0000] {processor.py:186} INFO - Started process (PID=7910) to work on /opt/airflow/dags/kafka_topic_bootstrap.py
[2026-06-02T10:02:26.146+0000] {processor.py:914} INFO - Processing file /opt/airflow/dags/kafka_topic_bootstrap.py for tasks to queue
[2026-06-02T10:02:26.149+0000] {logging_mixin.py:190} INFO - [2026-06-02T10:02:26.148+0000] {dagbag.py:588} INFO - Filling up the DagBag from /opt/airflow/dags/kafka_topic_bootstrap.py
[2026-06-02T10:02:26.958+0000] {processor.py:925} INFO - DAG(s) 'kafka_topic_bootstrap' retrieved from /opt/airflow/dags/kafka_topic_bootstrap.py
[2026-06-02T10:02:26.988+0000] {logging_mixin.py:190} INFO - [2026-06-02T10:02:26.988+0000] {dag.py:3239} INFO - Sync 1 DAGs
[2026-06-02T10:02:27.005+0000] {logging_mixin.py:190} INFO - [2026-06-02T10:02:27.005+0000] {dag.py:4180} INFO - Setting next_dagrun for kafka_topic_bootstrap to None, run_after=None
[2026-06-02T10:02:27.034+0000] {processor.py:208} INFO - Processing /opt/airflow/dags/kafka_topic_bootstrap.py took 0.901 seconds
[2026-06-02T10:02:57.639+0000] {processor.py:186} INFO - Started process (PID=8045) to work on /opt/airflow/dags/kafka_topic_bootstrap.py
[2026-06-02T10:02:57.641+0000] {processor.py:914} INFO - Processing file /opt/airflow/dags/kafka_topic_bootstrap.py for tasks to queue
[2026-06-02T10:02:57.643+0000] {logging_mixin.py:190} INFO - [2026-06-02T10:02:57.642+0000] {dagbag.py:588} INFO - Filling up the DagBag from /opt/airflow/dags/kafka_topic_bootstrap.py
[2026-06-02T10:02:58.491+0000] {processor.py:925} INFO - DAG(s) 'kafka_topic_bootstrap' retrieved from /opt/airflow/dags/kafka_topic_bootstrap.py
[2026-06-02T10:02:58.523+0000] {logging_mixin.py:190} INFO - [2026-06-02T10:02:58.522+0000] {dag.py:3239} INFO - Sync 1 DAGs
[2026-06-02T10:02:58.541+0000] {logging_mixin.py:190} INFO - [2026-06-02T10:02:58.541+0000] {dag.py:4180} INFO - Setting next_dagrun for kafka_topic_bootstrap to None, run_after=None
[2026-06-02T10:02:58.568+0000] {processor.py:208} INFO - Processing /opt/airflow/dags/kafka_topic_bootstrap.py took 0.940 seconds
[2026-06-02T10:03:29.305+0000] {processor.py:186} INFO - Started process (PID=8180) to work on /opt/airflow/dags/kafka_topic_bootstrap.py
[2026-06-02T10:03:29.306+0000] {processor.py:914} INFO - Processing file /opt/airflow/dags/kafka_topic_bootstrap.py for tasks to queue
[2026-06-02T10:03:29.309+0000] {logging_mixin.py:190} INFO - [2026-06-02T10:03:29.308+0000] {dagbag.py:588} INFO - Filling up the DagBag from /opt/airflow/dags/kafka_topic_bootstrap.py
[2026-06-02T10:03:30.202+0000] {processor.py:925} INFO - DAG(s) 'kafka_topic_bootstrap' retrieved from /opt/airflow/dags/kafka_topic_bootstrap.py
[2026-06-02T10:03:30.237+0000] {logging_mixin.py:190} INFO - [2026-06-02T10:03:30.237+0000] {dag.py:3239} INFO - Sync 1 DAGs
[2026-06-02T10:03:30.256+0000] {logging_mixin.py:190} INFO - [2026-06-02T10:03:30.255+0000] {dag.py:4180} INFO - Setting next_dagrun for kafka_topic_bootstrap to None, run_after=None
[2026-06-02T10:03:30.283+0000] {processor.py:208} INFO - Processing /opt/airflow/dags/kafka_topic_bootstrap.py took 0.988 seconds
[2026-06-02T10:04:01.329+0000] {processor.py:186} INFO - Started process (PID=8314) to work on /opt/airflow/dags/kafka_topic_bootstrap.py
[2026-06-02T10:04:01.332+0000] {processor.py:914} INFO - Processing file /opt/airflow/dags/kafka_topic_bootstrap.py for tasks to queue
[2026-06-02T10:04:01.336+0000] {logging_mixin.py:190} INFO - [2026-06-02T10:04:01.334+0000] {dagbag.py:588} INFO - Filling up the DagBag from /opt/airflow/dags/kafka_topic_bootstrap.py
[2026-06-02T10:04:02.738+0000] {processor.py:925} INFO - DAG(s) 'kafka_topic_bootstrap' retrieved from /opt/airflow/dags/kafka_topic_bootstrap.py
[2026-06-02T10:04:02.773+0000] {logging_mixin.py:190} INFO - [2026-06-02T10:04:02.772+0000] {dag.py:3239} INFO - Sync 1 DAGs
[2026-06-02T10:04:02.788+0000] {logging_mixin.py:190} INFO - [2026-06-02T10:04:02.787+0000] {dag.py:4180} INFO - Setting next_dagrun for kafka_topic_bootstrap to None, run_after=None
[2026-06-02T10:04:02.811+0000] {processor.py:208} INFO - Processing /opt/airflow/dags/kafka_topic_bootstrap.py took 1.504 seconds
[2026-06-02T10:04:33.691+0000] {processor.py:186} INFO - Started process (PID=8449) to work on /opt/airflow/dags/kafka_topic_bootstrap.py
[2026-06-02T10:04:33.693+0000] {processor.py:914} INFO - Processing file /opt/airflow/dags/kafka_topic_bootstrap.py for tasks to queue
[2026-06-02T10:04:33.695+0000] {logging_mixin.py:190} INFO - [2026-06-02T10:04:33.694+0000] {dagbag.py:588} INFO - Filling up the DagBag from /opt/airflow/dags/kafka_topic_bootstrap.py
[2026-06-02T10:04:34.562+0000] {processor.py:925} INFO - DAG(s) 'kafka_topic_bootstrap' retrieved from /opt/airflow/dags/kafka_topic_bootstrap.py
[2026-06-02T10:04:34.603+0000] {logging_mixin.py:190} INFO - [2026-06-02T10:04:34.602+0000] {dag.py:3239} INFO - Sync 1 DAGs
[2026-06-02T10:04:34.620+0000] {logging_mixin.py:190} INFO - [2026-06-02T10:04:34.620+0000] {dag.py:4180} INFO - Setting next_dagrun for kafka_topic_bootstrap to None, run_after=None
[2026-06-02T10:04:34.643+0000] {processor.py:208} INFO - Processing /opt/airflow/dags/kafka_topic_bootstrap.py took 0.961 seconds
[2026-06-02T10:05:05.198+0000] {processor.py:186} INFO - Started process (PID=8576) to work on /opt/airflow/dags/kafka_topic_bootstrap.py
[2026-06-02T10:05:05.200+0000] {processor.py:914} INFO - Processing file /opt/airflow/dags/kafka_topic_bootstrap.py for tasks to queue
[2026-06-02T10:05:05.202+0000] {logging_mixin.py:190} INFO - [2026-06-02T10:05:05.201+0000] {dagbag.py:588} INFO - Filling up the DagBag from /opt/airflow/dags/kafka_topic_bootstrap.py
[2026-06-02T10:05:06.037+0000] {processor.py:925} INFO - DAG(s) 'kafka_topic_bootstrap' retrieved from /opt/airflow/dags/kafka_topic_bootstrap.py
[2026-06-02T10:05:06.067+0000] {logging_mixin.py:190} INFO - [2026-06-02T10:05:06.066+0000] {dag.py:3239} INFO - Sync 1 DAGs
[2026-06-02T10:05:06.082+0000] {logging_mixin.py:190} INFO - [2026-06-02T10:05:06.081+0000] {dag.py:4180} INFO - Setting next_dagrun for kafka_topic_bootstrap to None, run_after=None
[2026-06-02T10:05:06.106+0000] {processor.py:208} INFO - Processing /opt/airflow/dags/kafka_topic_bootstrap.py took 0.921 seconds
[2026-06-02T10:05:36.714+0000] {processor.py:186} INFO - Started process (PID=8711) to work on /opt/airflow/dags/kafka_topic_bootstrap.py
[2026-06-02T10:05:36.716+0000] {processor.py:914} INFO - Processing file /opt/airflow/dags/kafka_topic_bootstrap.py for tasks to queue
[2026-06-02T10:05:36.720+0000] {logging_mixin.py:190} INFO - [2026-06-02T10:05:36.719+0000] {dagbag.py:588} INFO - Filling up the DagBag from /opt/airflow/dags/kafka_topic_bootstrap.py
[2026-06-02T10:05:37.600+0000] {processor.py:925} INFO - DAG(s) 'kafka_topic_bootstrap' retrieved from /opt/airflow/dags/kafka_topic_bootstrap.py
[2026-06-02T10:05:37.630+0000] {logging_mixin.py:190} INFO - [2026-06-02T10:05:37.629+0000] {dag.py:3239} INFO - Sync 1 DAGs
[2026-06-02T10:05:37.646+0000] {logging_mixin.py:190} INFO - [2026-06-02T10:05:37.645+0000] {dag.py:4180} INFO - Setting next_dagrun for kafka_topic_bootstrap to None, run_after=None
[2026-06-02T10:05:37.669+0000] {processor.py:208} INFO - Processing /opt/airflow/dags/kafka_topic_bootstrap.py took 0.966 seconds
[2026-06-02T10:06:08.324+0000] {processor.py:186} INFO - Started process (PID=8846) to work on /opt/airflow/dags/kafka_topic_bootstrap.py
[2026-06-02T10:06:08.331+0000] {processor.py:914} INFO - Processing file /opt/airflow/dags/kafka_topic_bootstrap.py for tasks to queue
[2026-06-02T10:06:08.339+0000] {logging_mixin.py:190} INFO - [2026-06-02T10:06:08.338+0000] {dagbag.py:588} INFO - Filling up the DagBag from /opt/airflow/dags/kafka_topic_bootstrap.py
[2026-06-02T10:06:09.637+0000] {processor.py:925} INFO - DAG(s) 'kafka_topic_bootstrap' retrieved from /opt/airflow/dags/kafka_topic_bootstrap.py
[2026-06-02T10:06:09.671+0000] {logging_mixin.py:190} INFO - [2026-06-02T10:06:09.671+0000] {dag.py:3239} INFO - Sync 1 DAGs
[2026-06-02T10:06:09.687+0000] {logging_mixin.py:190} INFO - [2026-06-02T10:06:09.687+0000] {dag.py:4180} INFO - Setting next_dagrun for kafka_topic_bootstrap to None, run_after=None
[2026-06-02T10:06:09.713+0000] {processor.py:208} INFO - Processing /opt/airflow/dags/kafka_topic_bootstrap.py took 1.412 seconds
[2026-06-02T10:06:40.151+0000] {processor.py:186} INFO - Started process (PID=8981) to work on /opt/airflow/dags/kafka_topic_bootstrap.py
[2026-06-02T10:06:40.153+0000] {processor.py:914} INFO - Processing file /opt/airflow/dags/kafka_topic_bootstrap.py for tasks to queue
[2026-06-02T10:06:40.155+0000] {logging_mixin.py:190} INFO - [2026-06-02T10:06:40.155+0000] {dagbag.py:588} INFO - Filling up the DagBag from /opt/airflow/dags/kafka_topic_bootstrap.py
[2026-06-02T10:06:41.066+0000] {processor.py:925} INFO - DAG(s) 'kafka_topic_bootstrap' retrieved from /opt/airflow/dags/kafka_topic_bootstrap.py
[2026-06-02T10:06:41.099+0000] {logging_mixin.py:190} INFO - [2026-06-02T10:06:41.098+0000] {dag.py:3239} INFO - Sync 1 DAGs
[2026-06-02T10:06:41.115+0000] {logging_mixin.py:190} INFO - [2026-06-02T10:06:41.115+0000] {dag.py:4180} INFO - Setting next_dagrun for kafka_topic_bootstrap to None, run_after=None
[2026-06-02T10:06:41.164+0000] {processor.py:208} INFO - Processing /opt/airflow/dags/kafka_topic_bootstrap.py took 1.024 seconds
[2026-06-02T10:07:11.345+0000] {processor.py:186} INFO - Started process (PID=9116) to work on /opt/airflow/dags/kafka_topic_bootstrap.py
[2026-06-02T10:07:11.347+0000] {processor.py:914} INFO - Processing file /opt/airflow/dags/kafka_topic_bootstrap.py for tasks to queue
[2026-06-02T10:07:11.350+0000] {logging_mixin.py:190} INFO - [2026-06-02T10:07:11.349+0000] {dagbag.py:588} INFO - Filling up the DagBag from /opt/airflow/dags/kafka_topic_bootstrap.py
[2026-06-02T10:07:13.225+0000] {processor.py:925} INFO - DAG(s) 'kafka_topic_bootstrap' retrieved from /opt/airflow/dags/kafka_topic_bootstrap.py
[2026-06-02T10:07:13.254+0000] {logging_mixin.py:190} INFO - [2026-06-02T10:07:13.254+0000] {dag.py:3239} INFO - Sync 1 DAGs
[2026-06-02T10:07:13.270+0000] {logging_mixin.py:190} INFO - [2026-06-02T10:07:13.270+0000] {dag.py:4180} INFO - Setting next_dagrun for kafka_topic_bootstrap to None, run_after=None
[2026-06-02T10:07:13.297+0000] {processor.py:208} INFO - Processing /opt/airflow/dags/kafka_topic_bootstrap.py took 1.972 seconds
[2026-06-02T10:07:44.276+0000] {processor.py:186} INFO - Started process (PID=9251) to work on /opt/airflow/dags/kafka_topic_bootstrap.py
[2026-06-02T10:07:44.277+0000] {processor.py:914} INFO - Processing file /opt/airflow/dags/kafka_topic_bootstrap.py for tasks to queue
[2026-06-02T10:07:44.280+0000] {logging_mixin.py:190} INFO - [2026-06-02T10:07:44.280+0000] {dagbag.py:588} INFO - Filling up the DagBag from /opt/airflow/dags/kafka_topic_bootstrap.py
[2026-06-02T10:07:45.137+0000] {processor.py:925} INFO - DAG(s) 'kafka_topic_bootstrap' retrieved from /opt/airflow/dags/kafka_topic_bootstrap.py
[2026-06-02T10:07:45.171+0000] {logging_mixin.py:190} INFO - [2026-06-02T10:07:45.171+0000] {dag.py:3239} INFO - Sync 1 DAGs
[2026-06-02T10:07:45.189+0000] {logging_mixin.py:190} INFO - [2026-06-02T10:07:45.188+0000] {dag.py:4180} INFO - Setting next_dagrun for kafka_topic_bootstrap to None, run_after=None
[2026-06-02T10:07:45.216+0000] {processor.py:208} INFO - Processing /opt/airflow/dags/kafka_topic_bootstrap.py took 0.952 seconds
[2026-06-02T10:55:18.971+0000] {processor.py:186} INFO - Started process (PID=274) to work on /opt/airflow/dags/kafka_topic_bootstrap.py
[2026-06-02T10:55:18.973+0000] {processor.py:914} INFO - Processing file /opt/airflow/dags/kafka_topic_bootstrap.py for tasks to queue
[2026-06-02T10:55:18.980+0000] {logging_mixin.py:190} INFO - [2026-06-02T10:55:18.979+0000] {dagbag.py:588} INFO - Filling up the DagBag from /opt/airflow/dags/kafka_topic_bootstrap.py
[2026-06-02T10:55:21.387+0000] {processor.py:925} INFO - DAG(s) 'kafka_topic_bootstrap' retrieved from /opt/airflow/dags/kafka_topic_bootstrap.py
[2026-06-02T10:55:21.613+0000] {logging_mixin.py:190} INFO - [2026-06-02T10:55:21.612+0000] {override.py:1912} INFO - Created Permission View: can edit on DAG:kafka_topic_bootstrap
[2026-06-02T10:55:21.642+0000] {logging_mixin.py:190} INFO - [2026-06-02T10:55:21.641+0000] {override.py:1912} INFO - Created Permission View: can delete on DAG:kafka_topic_bootstrap
[2026-06-02T10:55:21.666+0000] {logging_mixin.py:190} INFO - [2026-06-02T10:55:21.666+0000] {override.py:1912} INFO - Created Permission View: can read on DAG:kafka_topic_bootstrap
[2026-06-02T10:55:21.687+0000] {logging_mixin.py:190} INFO - [2026-06-02T10:55:21.686+0000] {override.py:1912} INFO - Created Permission View: menu access on DAG Run:kafka_topic_bootstrap
[2026-06-02T10:55:21.704+0000] {logging_mixin.py:190} INFO - [2026-06-02T10:55:21.704+0000] {override.py:1912} INFO - Created Permission View: can delete on DAG Run:kafka_topic_bootstrap
[2026-06-02T10:55:21.719+0000] {logging_mixin.py:190} INFO - [2026-06-02T10:55:21.719+0000] {override.py:1912} INFO - Created Permission View: can create on DAG Run:kafka_topic_bootstrap
[2026-06-02T10:55:21.736+0000] {logging_mixin.py:190} INFO - [2026-06-02T10:55:21.735+0000] {override.py:1912} INFO - Created Permission View: can read on DAG Run:kafka_topic_bootstrap
[2026-06-02T10:55:21.737+0000] {logging_mixin.py:190} INFO - [2026-06-02T10:55:21.737+0000] {dag.py:3239} INFO - Sync 1 DAGs
[2026-06-02T10:55:21.769+0000] {logging_mixin.py:190} INFO - [2026-06-02T10:55:21.768+0000] {dag.py:3262} INFO - Creating ORM DAG for kafka_topic_bootstrap
[2026-06-02T10:55:21.770+0000] {logging_mixin.py:190} INFO - [2026-06-02T10:55:21.770+0000] {dag.py:4180} INFO - Setting next_dagrun for kafka_topic_bootstrap to None, run_after=None
[2026-06-02T10:55:21.873+0000] {processor.py:208} INFO - Processing /opt/airflow/dags/kafka_topic_bootstrap.py took 2.917 seconds
[2026-06-02T10:55:52.482+0000] {processor.py:186} INFO - Started process (PID=411) to work on /opt/airflow/dags/kafka_topic_bootstrap.py
[2026-06-02T10:55:52.484+0000] {processor.py:914} INFO - Processing file /opt/airflow/dags/kafka_topic_bootstrap.py for tasks to queue
[2026-06-02T10:55:52.489+0000] {logging_mixin.py:190} INFO - [2026-06-02T10:55:52.489+0000] {dagbag.py:588} INFO - Filling up the DagBag from /opt/airflow/dags/kafka_topic_bootstrap.py
[2026-06-02T10:55:53.656+0000] {processor.py:925} INFO - DAG(s) 'kafka_topic_bootstrap' retrieved from /opt/airflow/dags/kafka_topic_bootstrap.py
[2026-06-02T10:55:53.704+0000] {logging_mixin.py:190} INFO - [2026-06-02T10:55:53.703+0000] {dag.py:3239} INFO - Sync 1 DAGs
[2026-06-02T10:55:53.733+0000] {logging_mixin.py:190} INFO - [2026-06-02T10:55:53.733+0000] {dag.py:4180} INFO - Setting next_dagrun for kafka_topic_bootstrap to None, run_after=None
[2026-06-02T10:55:53.777+0000] {processor.py:208} INFO - Processing /opt/airflow/dags/kafka_topic_bootstrap.py took 1.307 seconds
[2026-06-02T10:56:24.478+0000] {processor.py:186} INFO - Started process (PID=546) to work on /opt/airflow/dags/kafka_topic_bootstrap.py
[2026-06-02T10:56:24.480+0000] {processor.py:914} INFO - Processing file /opt/airflow/dags/kafka_topic_bootstrap.py for tasks to queue
[2026-06-02T10:56:24.484+0000] {logging_mixin.py:190} INFO - [2026-06-02T10:56:24.484+0000] {dagbag.py:588} INFO - Filling up the DagBag from /opt/airflow/dags/kafka_topic_bootstrap.py
[2026-06-02T10:56:25.786+0000] {processor.py:925} INFO - DAG(s) 'kafka_topic_bootstrap' retrieved from /opt/airflow/dags/kafka_topic_bootstrap.py
[2026-06-02T10:56:25.825+0000] {logging_mixin.py:190} INFO - [2026-06-02T10:56:25.824+0000] {dag.py:3239} INFO - Sync 1 DAGs
[2026-06-02T10:56:25.846+0000] {logging_mixin.py:190} INFO - [2026-06-02T10:56:25.846+0000] {dag.py:4180} INFO - Setting next_dagrun for kafka_topic_bootstrap to None, run_after=None
[2026-06-02T10:56:25.900+0000] {processor.py:208} INFO - Processing /opt/airflow/dags/kafka_topic_bootstrap.py took 1.432 seconds
[2026-06-02T10:56:56.404+0000] {processor.py:186} INFO - Started process (PID=681) to work on /opt/airflow/dags/kafka_topic_bootstrap.py
[2026-06-02T10:56:56.405+0000] {processor.py:914} INFO - Processing file /opt/airflow/dags/kafka_topic_bootstrap.py for tasks to queue
[2026-06-02T10:56:56.409+0000] {logging_mixin.py:190} INFO - [2026-06-02T10:56:56.409+0000] {dagbag.py:588} INFO - Filling up the DagBag from /opt/airflow/dags/kafka_topic_bootstrap.py
[2026-06-02T10:56:57.274+0000] {processor.py:925} INFO - DAG(s) 'kafka_topic_bootstrap' retrieved from /opt/airflow/dags/kafka_topic_bootstrap.py
[2026-06-02T10:56:57.308+0000] {logging_mixin.py:190} INFO - [2026-06-02T10:56:57.307+0000] {dag.py:3239} INFO - Sync 1 DAGs
[2026-06-02T10:56:57.324+0000] {logging_mixin.py:190} INFO - [2026-06-02T10:56:57.324+0000] {dag.py:4180} INFO - Setting next_dagrun for kafka_topic_bootstrap to None, run_after=None
[2026-06-02T10:56:57.362+0000] {processor.py:208} INFO - Processing /opt/airflow/dags/kafka_topic_bootstrap.py took 0.970 seconds
[2026-06-02T10:57:28.013+0000] {processor.py:186} INFO - Started process (PID=816) to work on /opt/airflow/dags/kafka_topic_bootstrap.py
[2026-06-02T10:57:28.015+0000] {processor.py:914} INFO - Processing file /opt/airflow/dags/kafka_topic_bootstrap.py for tasks to queue
[2026-06-02T10:57:28.019+0000] {logging_mixin.py:190} INFO - [2026-06-02T10:57:28.018+0000] {dagbag.py:588} INFO - Filling up the DagBag from /opt/airflow/dags/kafka_topic_bootstrap.py
[2026-06-02T10:57:28.858+0000] {processor.py:925} INFO - DAG(s) 'kafka_topic_bootstrap' retrieved from /opt/airflow/dags/kafka_topic_bootstrap.py
[2026-06-02T10:57:28.900+0000] {logging_mixin.py:190} INFO - [2026-06-02T10:57:28.899+0000] {dag.py:3239} INFO - Sync 1 DAGs
[2026-06-02T10:57:28.917+0000] {logging_mixin.py:190} INFO - [2026-06-02T10:57:28.917+0000] {dag.py:4180} INFO - Setting next_dagrun for kafka_topic_bootstrap to None, run_after=None
[2026-06-02T10:57:28.980+0000] {processor.py:208} INFO - Processing /opt/airflow/dags/kafka_topic_bootstrap.py took 0.977 seconds
[2026-06-02T10:58:44.270+0000] {processor.py:186} INFO - Started process (PID=951) to work on /opt/airflow/dags/kafka_topic_bootstrap.py
[2026-06-02T10:58:44.272+0000] {processor.py:914} INFO - Processing file /opt/airflow/dags/kafka_topic_bootstrap.py for tasks to queue
[2026-06-02T10:58:44.284+0000] {logging_mixin.py:190} INFO - [2026-06-02T10:58:44.283+0000] {dagbag.py:588} INFO - Filling up the DagBag from /opt/airflow/dags/kafka_topic_bootstrap.py
[2026-06-02T10:58:47.840+0000] {processor.py:925} INFO - DAG(s) 'kafka_topic_bootstrap' retrieved from /opt/airflow/dags/kafka_topic_bootstrap.py
[2026-06-02T10:58:48.010+0000] {logging_mixin.py:190} INFO - [2026-06-02T10:58:48.007+0000] {dag.py:3239} INFO - Sync 1 DAGs
[2026-06-02T10:58:48.030+0000] {logging_mixin.py:190} INFO - [2026-06-02T10:58:48.029+0000] {dag.py:4180} INFO - Setting next_dagrun for kafka_topic_bootstrap to None, run_after=None
[2026-06-02T10:58:48.057+0000] {processor.py:208} INFO - Processing /opt/airflow/dags/kafka_topic_bootstrap.py took 3.824 seconds
[2026-06-02T10:59:18.824+0000] {processor.py:186} INFO - Started process (PID=1085) to work on /opt/airflow/dags/kafka_topic_bootstrap.py
[2026-06-02T10:59:18.826+0000] {processor.py:914} INFO - Processing file /opt/airflow/dags/kafka_topic_bootstrap.py for tasks to queue
[2026-06-02T10:59:18.831+0000] {logging_mixin.py:190} INFO - [2026-06-02T10:59:18.830+0000] {dagbag.py:588} INFO - Filling up the DagBag from /opt/airflow/dags/kafka_topic_bootstrap.py
[2026-06-02T10:59:20.887+0000] {processor.py:925} INFO - DAG(s) 'kafka_topic_bootstrap' retrieved from /opt/airflow/dags/kafka_topic_bootstrap.py
[2026-06-02T10:59:21.367+0000] {logging_mixin.py:190} INFO - [2026-06-02T10:59:21.362+0000] {dag.py:3239} INFO - Sync 1 DAGs
[2026-06-02T10:59:21.391+0000] {logging_mixin.py:190} INFO - [2026-06-02T10:59:21.390+0000] {dag.py:4180} INFO - Setting next_dagrun for kafka_topic_bootstrap to None, run_after=None
[2026-06-02T10:59:21.425+0000] {processor.py:208} INFO - Processing /opt/airflow/dags/kafka_topic_bootstrap.py took 2.615 seconds
[2026-06-02T10:59:51.562+0000] {processor.py:186} INFO - Started process (PID=1212) to work on /opt/airflow/dags/kafka_topic_bootstrap.py
[2026-06-02T10:59:51.565+0000] {processor.py:914} INFO - Processing file /opt/airflow/dags/kafka_topic_bootstrap.py for tasks to queue
[2026-06-02T10:59:51.570+0000] {logging_mixin.py:190} INFO - [2026-06-02T10:59:51.569+0000] {dagbag.py:588} INFO - Filling up the DagBag from /opt/airflow/dags/kafka_topic_bootstrap.py
[2026-06-02T10:59:53.339+0000] {processor.py:925} INFO - DAG(s) 'kafka_topic_bootstrap' retrieved from /opt/airflow/dags/kafka_topic_bootstrap.py
[2026-06-02T10:59:53.581+0000] {logging_mixin.py:190} INFO - [2026-06-02T10:59:53.576+0000] {dag.py:3239} INFO - Sync 1 DAGs
[2026-06-02T10:59:53.599+0000] {logging_mixin.py:190} INFO - [2026-06-02T10:59:53.598+0000] {dag.py:4180} INFO - Setting next_dagrun for kafka_topic_bootstrap to None, run_after=None
[2026-06-02T10:59:53.632+0000] {processor.py:208} INFO - Processing /opt/airflow/dags/kafka_topic_bootstrap.py took 2.085 seconds
[2026-06-02T11:00:24.558+0000] {processor.py:186} INFO - Started process (PID=1347) to work on /opt/airflow/dags/kafka_topic_bootstrap.py
[2026-06-02T11:00:24.561+0000] {processor.py:914} INFO - Processing file /opt/airflow/dags/kafka_topic_bootstrap.py for tasks to queue
[2026-06-02T11:00:24.567+0000] {logging_mixin.py:190} INFO - [2026-06-02T11:00:24.566+0000] {dagbag.py:588} INFO - Filling up the DagBag from /opt/airflow/dags/kafka_topic_bootstrap.py
[2026-06-02T11:00:26.886+0000] {processor.py:925} INFO - DAG(s) 'kafka_topic_bootstrap' retrieved from /opt/airflow/dags/kafka_topic_bootstrap.py
[2026-06-02T11:00:27.766+0000] {logging_mixin.py:190} INFO - [2026-06-02T11:00:27.739+0000] {dag.py:3239} INFO - Sync 1 DAGs
[2026-06-02T11:00:27.819+0000] {logging_mixin.py:190} INFO - [2026-06-02T11:00:27.818+0000] {dag.py:4180} INFO - Setting next_dagrun for kafka_topic_bootstrap to None, run_after=None
[2026-06-02T11:00:28.559+0000] {processor.py:208} INFO - Processing /opt/airflow/dags/kafka_topic_bootstrap.py took 4.022 seconds
[2026-06-02T11:00:59.205+0000] {processor.py:186} INFO - Started process (PID=1482) to work on /opt/airflow/dags/kafka_topic_bootstrap.py
[2026-06-02T11:00:59.207+0000] {processor.py:914} INFO - Processing file /opt/airflow/dags/kafka_topic_bootstrap.py for tasks to queue
[2026-06-02T11:00:59.212+0000] {logging_mixin.py:190} INFO - [2026-06-02T11:00:59.211+0000] {dagbag.py:588} INFO - Filling up the DagBag from /opt/airflow/dags/kafka_topic_bootstrap.py
[2026-06-02T11:01:30.164+0000] {logging_mixin.py:190} INFO - [2026-06-02T11:01:30.153+0000] {timeout.py:68} ERROR - Process timed out, PID: 1482
[2026-06-02T11:01:30.215+0000] {logging_mixin.py:190} INFO - [2026-06-02T11:01:30.166+0000] {dagbag.py:387} ERROR - Failed to import: /opt/airflow/dags/kafka_topic_bootstrap.py
Traceback (most recent call last):
  File "/home/airflow/.local/lib/python3.12/site-packages/airflow/models/dagbag.py", line 383, in parse
    loader.exec_module(new_module)
  File "<frozen importlib._bootstrap_external>", line 999, in exec_module
  File "<frozen importlib._bootstrap>", line 488, in _call_with_frames_removed
  File "/opt/airflow/dags/kafka_topic_bootstrap.py", line 8, in <module>
    from vina_bim_shop.orchestration.runtime import run_kafka_topic_bootstrap
  File "/workspace/src/vina_bim_shop/orchestration/runtime.py", line 20, in <module>
    from vina_bim_shop.lakehouse.spark.runner import run_batch_pipeline
  File "/workspace/src/vina_bim_shop/lakehouse/spark/runner.py", line 10, in <module>
    from vina_bim_shop.lakehouse.spark.parity import run_parity_checks
  File "/workspace/src/vina_bim_shop/lakehouse/spark/parity.py", line 8, in <module>
    import duckdb
  File "/home/airflow/.local/lib/python3.12/site-packages/duckdb/__init__.py", line 12, in <module>
    from _duckdb import (
  File "/home/airflow/.local/lib/python3.12/site-packages/airflow/utils/timeout.py", line 69, in handle_timeout
    raise AirflowTaskTimeout(self.error_message)
airflow.exceptions.AirflowTaskTimeout: DagBag import timeout for /opt/airflow/dags/kafka_topic_bootstrap.py after 30.0s.
Please take a look at these docs to improve your DAG import time:
* https://airflow.apache.org/docs/apache-airflow/2.10.5/best-practices.html#top-level-python-code
* https://airflow.apache.org/docs/apache-airflow/2.10.5/best-practices.html#reducing-dag-complexity, PID: 1482
[2026-06-02T11:01:30.219+0000] {processor.py:927} WARNING - No viable dags retrieved from /opt/airflow/dags/kafka_topic_bootstrap.py
[2026-06-02T11:01:31.424+0000] {processor.py:208} INFO - Processing /opt/airflow/dags/kafka_topic_bootstrap.py took 32.245 seconds
[2026-06-02T11:08:58.883+0000] {processor.py:186} INFO - Started process (PID=1551) to work on /opt/airflow/dags/kafka_topic_bootstrap.py
[2026-06-02T11:08:58.888+0000] {processor.py:914} INFO - Processing file /opt/airflow/dags/kafka_topic_bootstrap.py for tasks to queue
[2026-06-02T11:08:58.934+0000] {logging_mixin.py:190} INFO - [2026-06-02T11:08:58.908+0000] {dagbag.py:588} INFO - Filling up the DagBag from /opt/airflow/dags/kafka_topic_bootstrap.py
[2026-06-02T11:09:04.610+0000] {processor.py:925} INFO - DAG(s) 'kafka_topic_bootstrap' retrieved from /opt/airflow/dags/kafka_topic_bootstrap.py
[2026-06-02T11:09:04.960+0000] {logging_mixin.py:190} INFO - [2026-06-02T11:09:04.946+0000] {dag.py:3239} INFO - Sync 1 DAGs
[2026-06-02T11:09:04.986+0000] {logging_mixin.py:190} INFO - [2026-06-02T11:09:04.986+0000] {dag.py:4180} INFO - Setting next_dagrun for kafka_topic_bootstrap to None, run_after=None
[2026-06-02T11:09:05.031+0000] {processor.py:208} INFO - Processing /opt/airflow/dags/kafka_topic_bootstrap.py took 6.230 seconds
[2026-06-02T11:09:35.969+0000] {processor.py:186} INFO - Started process (PID=1688) to work on /opt/airflow/dags/kafka_topic_bootstrap.py
[2026-06-02T11:09:35.971+0000] {processor.py:914} INFO - Processing file /opt/airflow/dags/kafka_topic_bootstrap.py for tasks to queue
[2026-06-02T11:09:35.975+0000] {logging_mixin.py:190} INFO - [2026-06-02T11:09:35.974+0000] {dagbag.py:588} INFO - Filling up the DagBag from /opt/airflow/dags/kafka_topic_bootstrap.py
[2026-06-02T11:09:37.662+0000] {processor.py:925} INFO - DAG(s) 'kafka_topic_bootstrap' retrieved from /opt/airflow/dags/kafka_topic_bootstrap.py
[2026-06-02T11:09:37.784+0000] {logging_mixin.py:190} INFO - [2026-06-02T11:09:37.781+0000] {dag.py:3239} INFO - Sync 1 DAGs
[2026-06-02T11:09:37.801+0000] {logging_mixin.py:190} INFO - [2026-06-02T11:09:37.801+0000] {dag.py:4180} INFO - Setting next_dagrun for kafka_topic_bootstrap to None, run_after=None
[2026-06-02T11:09:37.838+0000] {processor.py:208} INFO - Processing /opt/airflow/dags/kafka_topic_bootstrap.py took 1.880 seconds
[2026-06-02T11:10:08.411+0000] {processor.py:186} INFO - Started process (PID=1822) to work on /opt/airflow/dags/kafka_topic_bootstrap.py
[2026-06-02T11:10:08.413+0000] {processor.py:914} INFO - Processing file /opt/airflow/dags/kafka_topic_bootstrap.py for tasks to queue
[2026-06-02T11:10:08.416+0000] {logging_mixin.py:190} INFO - [2026-06-02T11:10:08.415+0000] {dagbag.py:588} INFO - Filling up the DagBag from /opt/airflow/dags/kafka_topic_bootstrap.py
[2026-06-02T11:10:09.915+0000] {processor.py:925} INFO - DAG(s) 'kafka_topic_bootstrap' retrieved from /opt/airflow/dags/kafka_topic_bootstrap.py
[2026-06-02T11:10:10.068+0000] {logging_mixin.py:190} INFO - [2026-06-02T11:10:10.065+0000] {dag.py:3239} INFO - Sync 1 DAGs
[2026-06-02T11:10:10.085+0000] {logging_mixin.py:190} INFO - [2026-06-02T11:10:10.085+0000] {dag.py:4180} INFO - Setting next_dagrun for kafka_topic_bootstrap to None, run_after=None
[2026-06-02T11:10:10.120+0000] {processor.py:208} INFO - Processing /opt/airflow/dags/kafka_topic_bootstrap.py took 1.720 seconds
[2026-06-02T11:10:40.900+0000] {processor.py:186} INFO - Started process (PID=1949) to work on /opt/airflow/dags/kafka_topic_bootstrap.py
[2026-06-02T11:10:40.901+0000] {processor.py:914} INFO - Processing file /opt/airflow/dags/kafka_topic_bootstrap.py for tasks to queue
[2026-06-02T11:10:40.904+0000] {logging_mixin.py:190} INFO - [2026-06-02T11:10:40.903+0000] {dagbag.py:588} INFO - Filling up the DagBag from /opt/airflow/dags/kafka_topic_bootstrap.py
[2026-06-02T11:10:42.327+0000] {processor.py:925} INFO - DAG(s) 'kafka_topic_bootstrap' retrieved from /opt/airflow/dags/kafka_topic_bootstrap.py
[2026-06-02T11:10:42.435+0000] {logging_mixin.py:190} INFO - [2026-06-02T11:10:42.434+0000] {dag.py:3239} INFO - Sync 1 DAGs
[2026-06-02T11:10:42.456+0000] {logging_mixin.py:190} INFO - [2026-06-02T11:10:42.456+0000] {dag.py:4180} INFO - Setting next_dagrun for kafka_topic_bootstrap to None, run_after=None
[2026-06-02T11:10:42.503+0000] {processor.py:208} INFO - Processing /opt/airflow/dags/kafka_topic_bootstrap.py took 1.616 seconds
[2026-06-02T11:15:35.371+0000] {processor.py:186} INFO - Started process (PID=2138) to work on /opt/airflow/dags/kafka_topic_bootstrap.py
[2026-06-02T11:15:35.373+0000] {processor.py:914} INFO - Processing file /opt/airflow/dags/kafka_topic_bootstrap.py for tasks to queue
[2026-06-02T11:15:35.391+0000] {logging_mixin.py:190} INFO - [2026-06-02T11:15:35.380+0000] {dagbag.py:588} INFO - Filling up the DagBag from /opt/airflow/dags/kafka_topic_bootstrap.py
[2026-06-02T11:25:28.806+0000] {logging_mixin.py:190} INFO - [2026-06-02T11:25:26.279+0000] {timeout.py:68} ERROR - Process timed out, PID: 2138
[2026-06-02T11:25:31.844+0000] {logging_mixin.py:190} WARNING - Exception ignored in: <function WeakKeyDictionary.__init__.<locals>.remove at 0x7b62da695260>
[2026-06-02T11:25:32.284+0000] {logging_mixin.py:190} WARNING - Traceback (most recent call last):
[2026-06-02T11:25:32.679+0000] {logging_mixin.py:190} WARNING -   File "/usr/local/lib/python3.12/weakref.py", line 369, in remove
[2026-06-02T11:25:33.156+0000] {logging_mixin.py:190} WARNING -     def remove(k, selfref=ref(self)):
[2026-06-02T11:25:33.547+0000] {logging_mixin.py:190} WARNING -   File "/home/airflow/.local/lib/python3.12/site-packages/airflow/utils/timeout.py", line 69, in handle_timeout
[2026-06-02T11:25:34.607+0000] {logging_mixin.py:190} WARNING -     raise AirflowTaskTimeout(self.error_message)
[2026-06-02T11:25:35.094+0000] {logging_mixin.py:190} WARNING - airflow.exceptions.AirflowTaskTimeout: DagBag import timeout for /opt/airflow/dags/kafka_topic_bootstrap.py after 30.0s.
Please take a look at these docs to improve your DAG import time:
* https://airflow.apache.org/docs/apache-airflow/2.10.5/best-practices.html#top-level-python-code
* https://airflow.apache.org/docs/apache-airflow/2.10.5/best-practices.html#reducing-dag-complexity, PID: 2138
[2026-06-02T11:26:17.146+0000] {processor.py:186} INFO - Started process (PID=2271) to work on /opt/airflow/dags/kafka_topic_bootstrap.py
[2026-06-02T11:26:17.149+0000] {processor.py:914} INFO - Processing file /opt/airflow/dags/kafka_topic_bootstrap.py for tasks to queue
[2026-06-02T11:26:17.152+0000] {logging_mixin.py:190} INFO - [2026-06-02T11:26:17.151+0000] {dagbag.py:588} INFO - Filling up the DagBag from /opt/airflow/dags/kafka_topic_bootstrap.py
[2026-06-02T11:26:18.142+0000] {processor.py:925} INFO - DAG(s) 'kafka_topic_bootstrap' retrieved from /opt/airflow/dags/kafka_topic_bootstrap.py
[2026-06-02T11:26:18.186+0000] {logging_mixin.py:190} INFO - [2026-06-02T11:26:18.185+0000] {dag.py:3239} INFO - Sync 1 DAGs
[2026-06-02T11:26:18.207+0000] {logging_mixin.py:190} INFO - [2026-06-02T11:26:18.207+0000] {dag.py:4180} INFO - Setting next_dagrun for kafka_topic_bootstrap to None, run_after=None
[2026-06-02T11:26:18.247+0000] {processor.py:208} INFO - Processing /opt/airflow/dags/kafka_topic_bootstrap.py took 1.115 seconds
[2026-06-02T11:26:48.705+0000] {processor.py:186} INFO - Started process (PID=2406) to work on /opt/airflow/dags/kafka_topic_bootstrap.py
[2026-06-02T11:26:48.708+0000] {processor.py:914} INFO - Processing file /opt/airflow/dags/kafka_topic_bootstrap.py for tasks to queue
[2026-06-02T11:26:48.711+0000] {logging_mixin.py:190} INFO - [2026-06-02T11:26:48.710+0000] {dagbag.py:588} INFO - Filling up the DagBag from /opt/airflow/dags/kafka_topic_bootstrap.py
[2026-06-02T11:26:49.744+0000] {processor.py:925} INFO - DAG(s) 'kafka_topic_bootstrap' retrieved from /opt/airflow/dags/kafka_topic_bootstrap.py
[2026-06-02T11:26:49.783+0000] {logging_mixin.py:190} INFO - [2026-06-02T11:26:49.783+0000] {dag.py:3239} INFO - Sync 1 DAGs
[2026-06-02T11:26:49.803+0000] {logging_mixin.py:190} INFO - [2026-06-02T11:26:49.803+0000] {dag.py:4180} INFO - Setting next_dagrun for kafka_topic_bootstrap to None, run_after=None
[2026-06-02T11:26:49.826+0000] {processor.py:208} INFO - Processing /opt/airflow/dags/kafka_topic_bootstrap.py took 1.136 seconds
[2026-06-02T11:27:20.661+0000] {processor.py:186} INFO - Started process (PID=2541) to work on /opt/airflow/dags/kafka_topic_bootstrap.py
[2026-06-02T11:27:20.663+0000] {processor.py:914} INFO - Processing file /opt/airflow/dags/kafka_topic_bootstrap.py for tasks to queue
[2026-06-02T11:27:20.665+0000] {logging_mixin.py:190} INFO - [2026-06-02T11:27:20.665+0000] {dagbag.py:588} INFO - Filling up the DagBag from /opt/airflow/dags/kafka_topic_bootstrap.py
[2026-06-02T11:27:22.512+0000] {processor.py:925} INFO - DAG(s) 'kafka_topic_bootstrap' retrieved from /opt/airflow/dags/kafka_topic_bootstrap.py
[2026-06-02T11:27:22.568+0000] {logging_mixin.py:190} INFO - [2026-06-02T11:27:22.568+0000] {dag.py:3239} INFO - Sync 1 DAGs
[2026-06-02T11:27:22.585+0000] {logging_mixin.py:190} INFO - [2026-06-02T11:27:22.585+0000] {dag.py:4180} INFO - Setting next_dagrun for kafka_topic_bootstrap to None, run_after=None
[2026-06-02T11:27:22.838+0000] {processor.py:208} INFO - Processing /opt/airflow/dags/kafka_topic_bootstrap.py took 2.196 seconds
[2026-06-02T11:27:53.537+0000] {processor.py:186} INFO - Started process (PID=2680) to work on /opt/airflow/dags/kafka_topic_bootstrap.py
[2026-06-02T11:27:53.539+0000] {processor.py:914} INFO - Processing file /opt/airflow/dags/kafka_topic_bootstrap.py for tasks to queue
[2026-06-02T11:27:53.541+0000] {logging_mixin.py:190} INFO - [2026-06-02T11:27:53.540+0000] {dagbag.py:588} INFO - Filling up the DagBag from /opt/airflow/dags/kafka_topic_bootstrap.py
[2026-06-02T11:27:54.499+0000] {processor.py:925} INFO - DAG(s) 'kafka_topic_bootstrap' retrieved from /opt/airflow/dags/kafka_topic_bootstrap.py
[2026-06-02T11:27:54.547+0000] {logging_mixin.py:190} INFO - [2026-06-02T11:27:54.547+0000] {dag.py:3239} INFO - Sync 1 DAGs
[2026-06-02T11:27:54.562+0000] {logging_mixin.py:190} INFO - [2026-06-02T11:27:54.562+0000] {dag.py:4180} INFO - Setting next_dagrun for kafka_topic_bootstrap to None, run_after=None
[2026-06-02T11:27:54.607+0000] {processor.py:208} INFO - Processing /opt/airflow/dags/kafka_topic_bootstrap.py took 1.079 seconds
[2026-06-02T11:28:25.003+0000] {processor.py:186} INFO - Started process (PID=2811) to work on /opt/airflow/dags/kafka_topic_bootstrap.py
[2026-06-02T11:28:25.005+0000] {processor.py:914} INFO - Processing file /opt/airflow/dags/kafka_topic_bootstrap.py for tasks to queue
[2026-06-02T11:28:25.007+0000] {logging_mixin.py:190} INFO - [2026-06-02T11:28:25.006+0000] {dagbag.py:588} INFO - Filling up the DagBag from /opt/airflow/dags/kafka_topic_bootstrap.py
[2026-06-02T11:28:25.842+0000] {processor.py:925} INFO - DAG(s) 'kafka_topic_bootstrap' retrieved from /opt/airflow/dags/kafka_topic_bootstrap.py
[2026-06-02T11:28:25.890+0000] {logging_mixin.py:190} INFO - [2026-06-02T11:28:25.889+0000] {dag.py:3239} INFO - Sync 1 DAGs
[2026-06-02T11:28:25.908+0000] {logging_mixin.py:190} INFO - [2026-06-02T11:28:25.908+0000] {dag.py:4180} INFO - Setting next_dagrun for kafka_topic_bootstrap to None, run_after=None
[2026-06-02T11:28:25.938+0000] {processor.py:208} INFO - Processing /opt/airflow/dags/kafka_topic_bootstrap.py took 0.946 seconds
[2026-06-02T11:28:56.615+0000] {processor.py:186} INFO - Started process (PID=2946) to work on /opt/airflow/dags/kafka_topic_bootstrap.py
[2026-06-02T11:28:56.617+0000] {processor.py:914} INFO - Processing file /opt/airflow/dags/kafka_topic_bootstrap.py for tasks to queue
[2026-06-02T11:28:56.621+0000] {logging_mixin.py:190} INFO - [2026-06-02T11:28:56.620+0000] {dagbag.py:588} INFO - Filling up the DagBag from /opt/airflow/dags/kafka_topic_bootstrap.py
[2026-06-02T11:28:58.302+0000] {processor.py:925} INFO - DAG(s) 'kafka_topic_bootstrap' retrieved from /opt/airflow/dags/kafka_topic_bootstrap.py
[2026-06-02T11:28:58.433+0000] {logging_mixin.py:190} INFO - [2026-06-02T11:28:58.428+0000] {dag.py:3239} INFO - Sync 1 DAGs
[2026-06-02T11:28:58.461+0000] {logging_mixin.py:190} INFO - [2026-06-02T11:28:58.461+0000] {dag.py:4180} INFO - Setting next_dagrun for kafka_topic_bootstrap to None, run_after=None
[2026-06-02T11:28:58.499+0000] {processor.py:208} INFO - Processing /opt/airflow/dags/kafka_topic_bootstrap.py took 1.896 seconds
[2026-06-02T11:32:14.718+0000] {processor.py:186} INFO - Started process (PID=3047) to work on /opt/airflow/dags/kafka_topic_bootstrap.py
[2026-06-02T11:32:14.721+0000] {processor.py:914} INFO - Processing file /opt/airflow/dags/kafka_topic_bootstrap.py for tasks to queue
[2026-06-02T11:32:14.754+0000] {logging_mixin.py:190} INFO - [2026-06-02T11:32:14.735+0000] {dagbag.py:588} INFO - Filling up the DagBag from /opt/airflow/dags/kafka_topic_bootstrap.py
[2026-06-02T11:32:59.866+0000] {logging_mixin.py:190} INFO - [2026-06-02T11:32:45.655+0000] {timeout.py:68} ERROR - Process timed out, PID: 3047
