[2026-06-02T06:03:55.298+0000] {processor.py:186} INFO - Started process (PID=193) to work on /opt/airflow/dags/local_evidence_build.py
[2026-06-02T06:03:55.301+0000] {processor.py:914} INFO - Processing file /opt/airflow/dags/local_evidence_build.py for tasks to queue
[2026-06-02T06:03:55.306+0000] {logging_mixin.py:190} INFO - [2026-06-02T06:03:55.306+0000] {dagbag.py:588} INFO - Filling up the DagBag from /opt/airflow/dags/local_evidence_build.py
[2026-06-02T06:03:57.463+0000] {processor.py:925} INFO - DAG(s) 'local_evidence_build' retrieved from /opt/airflow/dags/local_evidence_build.py
[2026-06-02T06:03:57.973+0000] {logging_mixin.py:190} INFO - [2026-06-02T06:03:57.972+0000] {override.py:1912} INFO - Created Permission View: can delete on DAG:local_evidence_build
[2026-06-02T06:03:57.998+0000] {logging_mixin.py:190} INFO - [2026-06-02T06:03:57.998+0000] {override.py:1912} INFO - Created Permission View: can read on DAG:local_evidence_build
[2026-06-02T06:03:58.015+0000] {logging_mixin.py:190} INFO - [2026-06-02T06:03:58.015+0000] {override.py:1912} INFO - Created Permission View: can edit on DAG:local_evidence_build
[2026-06-02T06:03:58.033+0000] {logging_mixin.py:190} INFO - [2026-06-02T06:03:58.033+0000] {override.py:1912} INFO - Created Permission View: can delete on DAG Run:local_evidence_build
[2026-06-02T06:03:58.048+0000] {logging_mixin.py:190} INFO - [2026-06-02T06:03:58.048+0000] {override.py:1912} INFO - Created Permission View: menu access on DAG Run:local_evidence_build
[2026-06-02T06:03:58.062+0000] {logging_mixin.py:190} INFO - [2026-06-02T06:03:58.062+0000] {override.py:1912} INFO - Created Permission View: can read on DAG Run:local_evidence_build
[2026-06-02T06:03:58.074+0000] {logging_mixin.py:190} INFO - [2026-06-02T06:03:58.074+0000] {override.py:1912} INFO - Created Permission View: can create on DAG Run:local_evidence_build
[2026-06-02T06:03:58.076+0000] {logging_mixin.py:190} INFO - [2026-06-02T06:03:58.075+0000] {dag.py:3239} INFO - Sync 1 DAGs
[2026-06-02T06:03:58.102+0000] {logging_mixin.py:190} INFO - [2026-06-02T06:03:58.101+0000] {dag.py:3262} INFO - Creating ORM DAG for local_evidence_build
[2026-06-02T06:03:58.103+0000] {logging_mixin.py:190} INFO - [2026-06-02T06:03:58.103+0000] {dag.py:4180} INFO - Setting next_dagrun for local_evidence_build to None, run_after=None
[2026-06-02T06:03:58.144+0000] {processor.py:208} INFO - Processing /opt/airflow/dags/local_evidence_build.py took 2.860 seconds
[2026-06-02T06:04:28.983+0000] {processor.py:186} INFO - Started process (PID=328) to work on /opt/airflow/dags/local_evidence_build.py
[2026-06-02T06:04:28.984+0000] {processor.py:914} INFO - Processing file /opt/airflow/dags/local_evidence_build.py for tasks to queue
[2026-06-02T06:04:28.992+0000] {logging_mixin.py:190} INFO - [2026-06-02T06:04:28.991+0000] {dagbag.py:588} INFO - Filling up the DagBag from /opt/airflow/dags/local_evidence_build.py
[2026-06-02T06:04:30.474+0000] {processor.py:925} INFO - DAG(s) 'local_evidence_build' retrieved from /opt/airflow/dags/local_evidence_build.py
[2026-06-02T06:04:30.506+0000] {logging_mixin.py:190} INFO - [2026-06-02T06:04:30.505+0000] {dag.py:3239} INFO - Sync 1 DAGs
[2026-06-02T06:04:30.523+0000] {logging_mixin.py:190} INFO - [2026-06-02T06:04:30.523+0000] {dag.py:4180} INFO - Setting next_dagrun for local_evidence_build to None, run_after=None
[2026-06-02T06:04:30.552+0000] {processor.py:208} INFO - Processing /opt/airflow/dags/local_evidence_build.py took 1.580 seconds
[2026-06-02T06:05:01.273+0000] {processor.py:186} INFO - Started process (PID=463) to work on /opt/airflow/dags/local_evidence_build.py
[2026-06-02T06:05:01.276+0000] {processor.py:914} INFO - Processing file /opt/airflow/dags/local_evidence_build.py for tasks to queue
[2026-06-02T06:05:01.293+0000] {logging_mixin.py:190} INFO - [2026-06-02T06:05:01.292+0000] {dagbag.py:588} INFO - Filling up the DagBag from /opt/airflow/dags/local_evidence_build.py
[2026-06-02T06:05:02.658+0000] {processor.py:925} INFO - DAG(s) 'local_evidence_build' retrieved from /opt/airflow/dags/local_evidence_build.py
[2026-06-02T06:05:02.701+0000] {logging_mixin.py:190} INFO - [2026-06-02T06:05:02.698+0000] {dag.py:3239} INFO - Sync 1 DAGs
[2026-06-02T06:05:02.722+0000] {logging_mixin.py:190} INFO - [2026-06-02T06:05:02.721+0000] {dag.py:4180} INFO - Setting next_dagrun for local_evidence_build to None, run_after=None
[2026-06-02T06:05:02.752+0000] {processor.py:208} INFO - Processing /opt/airflow/dags/local_evidence_build.py took 1.498 seconds
[2026-06-02T06:05:33.003+0000] {processor.py:186} INFO - Started process (PID=590) to work on /opt/airflow/dags/local_evidence_build.py
[2026-06-02T06:05:33.005+0000] {processor.py:914} INFO - Processing file /opt/airflow/dags/local_evidence_build.py for tasks to queue
[2026-06-02T06:05:33.010+0000] {logging_mixin.py:190} INFO - [2026-06-02T06:05:33.010+0000] {dagbag.py:588} INFO - Filling up the DagBag from /opt/airflow/dags/local_evidence_build.py
[2026-06-02T06:05:33.853+0000] {processor.py:925} INFO - DAG(s) 'local_evidence_build' retrieved from /opt/airflow/dags/local_evidence_build.py
[2026-06-02T06:05:33.887+0000] {logging_mixin.py:190} INFO - [2026-06-02T06:05:33.887+0000] {dag.py:3239} INFO - Sync 1 DAGs
[2026-06-02T06:05:33.903+0000] {logging_mixin.py:190} INFO - [2026-06-02T06:05:33.902+0000] {dag.py:4180} INFO - Setting next_dagrun for local_evidence_build to None, run_after=None
[2026-06-02T06:05:33.926+0000] {processor.py:208} INFO - Processing /opt/airflow/dags/local_evidence_build.py took 0.933 seconds
[2026-06-02T06:06:04.229+0000] {processor.py:186} INFO - Started process (PID=725) to work on /opt/airflow/dags/local_evidence_build.py
[2026-06-02T06:06:04.231+0000] {processor.py:914} INFO - Processing file /opt/airflow/dags/local_evidence_build.py for tasks to queue
[2026-06-02T06:06:04.234+0000] {logging_mixin.py:190} INFO - [2026-06-02T06:06:04.234+0000] {dagbag.py:588} INFO - Filling up the DagBag from /opt/airflow/dags/local_evidence_build.py
[2026-06-02T06:06:05.143+0000] {processor.py:925} INFO - DAG(s) 'local_evidence_build' retrieved from /opt/airflow/dags/local_evidence_build.py
[2026-06-02T06:06:05.176+0000] {logging_mixin.py:190} INFO - [2026-06-02T06:06:05.175+0000] {dag.py:3239} INFO - Sync 1 DAGs
[2026-06-02T06:06:05.193+0000] {logging_mixin.py:190} INFO - [2026-06-02T06:06:05.192+0000] {dag.py:4180} INFO - Setting next_dagrun for local_evidence_build to None, run_after=None
[2026-06-02T06:06:05.220+0000] {processor.py:208} INFO - Processing /opt/airflow/dags/local_evidence_build.py took 1.001 seconds
[2026-06-02T06:06:35.380+0000] {processor.py:186} INFO - Started process (PID=860) to work on /opt/airflow/dags/local_evidence_build.py
[2026-06-02T06:06:35.382+0000] {processor.py:914} INFO - Processing file /opt/airflow/dags/local_evidence_build.py for tasks to queue
[2026-06-02T06:06:35.398+0000] {logging_mixin.py:190} INFO - [2026-06-02T06:06:35.385+0000] {dagbag.py:588} INFO - Filling up the DagBag from /opt/airflow/dags/local_evidence_build.py
[2026-06-02T06:06:36.539+0000] {processor.py:925} INFO - DAG(s) 'local_evidence_build' retrieved from /opt/airflow/dags/local_evidence_build.py
[2026-06-02T06:06:36.572+0000] {logging_mixin.py:190} INFO - [2026-06-02T06:06:36.571+0000] {dag.py:3239} INFO - Sync 1 DAGs
[2026-06-02T06:06:36.587+0000] {logging_mixin.py:190} INFO - [2026-06-02T06:06:36.587+0000] {dag.py:4180} INFO - Setting next_dagrun for local_evidence_build to None, run_after=None
[2026-06-02T06:06:36.638+0000] {processor.py:208} INFO - Processing /opt/airflow/dags/local_evidence_build.py took 1.268 seconds
[2026-06-02T06:07:07.205+0000] {processor.py:186} INFO - Started process (PID=995) to work on /opt/airflow/dags/local_evidence_build.py
[2026-06-02T06:07:07.207+0000] {processor.py:914} INFO - Processing file /opt/airflow/dags/local_evidence_build.py for tasks to queue
[2026-06-02T06:07:07.211+0000] {logging_mixin.py:190} INFO - [2026-06-02T06:07:07.211+0000] {dagbag.py:588} INFO - Filling up the DagBag from /opt/airflow/dags/local_evidence_build.py
[2026-06-02T06:07:08.681+0000] {processor.py:925} INFO - DAG(s) 'local_evidence_build' retrieved from /opt/airflow/dags/local_evidence_build.py
[2026-06-02T06:07:08.723+0000] {logging_mixin.py:190} INFO - [2026-06-02T06:07:08.722+0000] {dag.py:3239} INFO - Sync 1 DAGs
[2026-06-02T06:07:08.741+0000] {logging_mixin.py:190} INFO - [2026-06-02T06:07:08.741+0000] {dag.py:4180} INFO - Setting next_dagrun for local_evidence_build to None, run_after=None
[2026-06-02T06:07:08.778+0000] {processor.py:208} INFO - Processing /opt/airflow/dags/local_evidence_build.py took 1.584 seconds
[2026-06-02T06:07:39.052+0000] {processor.py:186} INFO - Started process (PID=1130) to work on /opt/airflow/dags/local_evidence_build.py
[2026-06-02T06:07:39.054+0000] {processor.py:914} INFO - Processing file /opt/airflow/dags/local_evidence_build.py for tasks to queue
[2026-06-02T06:07:39.059+0000] {logging_mixin.py:190} INFO - [2026-06-02T06:07:39.058+0000] {dagbag.py:588} INFO - Filling up the DagBag from /opt/airflow/dags/local_evidence_build.py
[2026-06-02T06:07:39.921+0000] {processor.py:925} INFO - DAG(s) 'local_evidence_build' retrieved from /opt/airflow/dags/local_evidence_build.py
[2026-06-02T06:07:39.953+0000] {logging_mixin.py:190} INFO - [2026-06-02T06:07:39.952+0000] {dag.py:3239} INFO - Sync 1 DAGs
[2026-06-02T06:07:39.970+0000] {logging_mixin.py:190} INFO - [2026-06-02T06:07:39.970+0000] {dag.py:4180} INFO - Setting next_dagrun for local_evidence_build to None, run_after=None
[2026-06-02T06:07:40.001+0000] {processor.py:208} INFO - Processing /opt/airflow/dags/local_evidence_build.py took 0.958 seconds
[2026-06-02T06:08:10.186+0000] {processor.py:186} INFO - Started process (PID=1265) to work on /opt/airflow/dags/local_evidence_build.py
[2026-06-02T06:08:10.188+0000] {processor.py:914} INFO - Processing file /opt/airflow/dags/local_evidence_build.py for tasks to queue
[2026-06-02T06:08:10.192+0000] {logging_mixin.py:190} INFO - [2026-06-02T06:08:10.192+0000] {dagbag.py:588} INFO - Filling up the DagBag from /opt/airflow/dags/local_evidence_build.py
[2026-06-02T06:08:11.256+0000] {processor.py:925} INFO - DAG(s) 'local_evidence_build' retrieved from /opt/airflow/dags/local_evidence_build.py
[2026-06-02T06:08:11.293+0000] {logging_mixin.py:190} INFO - [2026-06-02T06:08:11.290+0000] {dag.py:3239} INFO - Sync 1 DAGs
[2026-06-02T06:08:11.321+0000] {logging_mixin.py:190} INFO - [2026-06-02T06:08:11.321+0000] {dag.py:4180} INFO - Setting next_dagrun for local_evidence_build to None, run_after=None
[2026-06-02T06:08:11.376+0000] {processor.py:208} INFO - Processing /opt/airflow/dags/local_evidence_build.py took 1.203 seconds
[2026-06-02T06:08:42.033+0000] {processor.py:186} INFO - Started process (PID=1400) to work on /opt/airflow/dags/local_evidence_build.py
[2026-06-02T06:08:42.039+0000] {processor.py:914} INFO - Processing file /opt/airflow/dags/local_evidence_build.py for tasks to queue
[2026-06-02T06:08:42.045+0000] {logging_mixin.py:190} INFO - [2026-06-02T06:08:42.044+0000] {dagbag.py:588} INFO - Filling up the DagBag from /opt/airflow/dags/local_evidence_build.py
[2026-06-02T06:08:43.615+0000] {processor.py:925} INFO - DAG(s) 'local_evidence_build' retrieved from /opt/airflow/dags/local_evidence_build.py
[2026-06-02T06:08:43.661+0000] {logging_mixin.py:190} INFO - [2026-06-02T06:08:43.659+0000] {dag.py:3239} INFO - Sync 1 DAGs
[2026-06-02T06:08:43.689+0000] {logging_mixin.py:190} INFO - [2026-06-02T06:08:43.689+0000] {dag.py:4180} INFO - Setting next_dagrun for local_evidence_build to None, run_after=None
[2026-06-02T06:08:43.731+0000] {processor.py:208} INFO - Processing /opt/airflow/dags/local_evidence_build.py took 1.712 seconds
[2026-06-02T06:09:13.984+0000] {processor.py:186} INFO - Started process (PID=1535) to work on /opt/airflow/dags/local_evidence_build.py
[2026-06-02T06:09:13.985+0000] {processor.py:914} INFO - Processing file /opt/airflow/dags/local_evidence_build.py for tasks to queue
[2026-06-02T06:09:13.990+0000] {logging_mixin.py:190} INFO - [2026-06-02T06:09:13.989+0000] {dagbag.py:588} INFO - Filling up the DagBag from /opt/airflow/dags/local_evidence_build.py
[2026-06-02T06:09:15.318+0000] {processor.py:925} INFO - DAG(s) 'local_evidence_build' retrieved from /opt/airflow/dags/local_evidence_build.py
[2026-06-02T06:09:15.350+0000] {logging_mixin.py:190} INFO - [2026-06-02T06:09:15.350+0000] {dag.py:3239} INFO - Sync 1 DAGs
[2026-06-02T06:09:15.366+0000] {logging_mixin.py:190} INFO - [2026-06-02T06:09:15.366+0000] {dag.py:4180} INFO - Setting next_dagrun for local_evidence_build to None, run_after=None
[2026-06-02T06:09:15.392+0000] {processor.py:208} INFO - Processing /opt/airflow/dags/local_evidence_build.py took 1.419 seconds
[2026-06-02T06:09:45.849+0000] {processor.py:186} INFO - Started process (PID=1670) to work on /opt/airflow/dags/local_evidence_build.py
[2026-06-02T06:09:45.851+0000] {processor.py:914} INFO - Processing file /opt/airflow/dags/local_evidence_build.py for tasks to queue
[2026-06-02T06:09:45.865+0000] {logging_mixin.py:190} INFO - [2026-06-02T06:09:45.865+0000] {dagbag.py:588} INFO - Filling up the DagBag from /opt/airflow/dags/local_evidence_build.py
[2026-06-02T06:09:47.726+0000] {processor.py:925} INFO - DAG(s) 'local_evidence_build' retrieved from /opt/airflow/dags/local_evidence_build.py
[2026-06-02T06:09:47.758+0000] {logging_mixin.py:190} INFO - [2026-06-02T06:09:47.757+0000] {dag.py:3239} INFO - Sync 1 DAGs
[2026-06-02T06:09:47.774+0000] {logging_mixin.py:190} INFO - [2026-06-02T06:09:47.773+0000] {dag.py:4180} INFO - Setting next_dagrun for local_evidence_build to None, run_after=None
[2026-06-02T06:09:47.801+0000] {processor.py:208} INFO - Processing /opt/airflow/dags/local_evidence_build.py took 1.986 seconds
[2026-06-02T06:10:18.419+0000] {processor.py:186} INFO - Started process (PID=1804) to work on /opt/airflow/dags/local_evidence_build.py
[2026-06-02T06:10:18.421+0000] {processor.py:914} INFO - Processing file /opt/airflow/dags/local_evidence_build.py for tasks to queue
[2026-06-02T06:10:18.425+0000] {logging_mixin.py:190} INFO - [2026-06-02T06:10:18.425+0000] {dagbag.py:588} INFO - Filling up the DagBag from /opt/airflow/dags/local_evidence_build.py
[2026-06-02T06:10:19.490+0000] {processor.py:925} INFO - DAG(s) 'local_evidence_build' retrieved from /opt/airflow/dags/local_evidence_build.py
[2026-06-02T06:10:19.525+0000] {logging_mixin.py:190} INFO - [2026-06-02T06:10:19.525+0000] {dag.py:3239} INFO - Sync 1 DAGs
[2026-06-02T06:10:19.546+0000] {logging_mixin.py:190} INFO - [2026-06-02T06:10:19.546+0000] {dag.py:4180} INFO - Setting next_dagrun for local_evidence_build to None, run_after=None
[2026-06-02T06:10:19.575+0000] {processor.py:208} INFO - Processing /opt/airflow/dags/local_evidence_build.py took 1.167 seconds
[2026-06-02T06:10:50.171+0000] {processor.py:186} INFO - Started process (PID=1939) to work on /opt/airflow/dags/local_evidence_build.py
[2026-06-02T06:10:50.173+0000] {processor.py:914} INFO - Processing file /opt/airflow/dags/local_evidence_build.py for tasks to queue
[2026-06-02T06:10:50.177+0000] {logging_mixin.py:190} INFO - [2026-06-02T06:10:50.176+0000] {dagbag.py:588} INFO - Filling up the DagBag from /opt/airflow/dags/local_evidence_build.py
[2026-06-02T06:10:51.428+0000] {processor.py:925} INFO - DAG(s) 'local_evidence_build' retrieved from /opt/airflow/dags/local_evidence_build.py
[2026-06-02T06:10:51.469+0000] {logging_mixin.py:190} INFO - [2026-06-02T06:10:51.466+0000] {dag.py:3239} INFO - Sync 1 DAGs
[2026-06-02T06:10:51.487+0000] {logging_mixin.py:190} INFO - [2026-06-02T06:10:51.487+0000] {dag.py:4180} INFO - Setting next_dagrun for local_evidence_build to None, run_after=None
[2026-06-02T06:10:51.515+0000] {processor.py:208} INFO - Processing /opt/airflow/dags/local_evidence_build.py took 1.357 seconds
[2026-06-02T06:11:21.793+0000] {processor.py:186} INFO - Started process (PID=2066) to work on /opt/airflow/dags/local_evidence_build.py
[2026-06-02T06:11:21.795+0000] {processor.py:914} INFO - Processing file /opt/airflow/dags/local_evidence_build.py for tasks to queue
[2026-06-02T06:11:21.799+0000] {logging_mixin.py:190} INFO - [2026-06-02T06:11:21.798+0000] {dagbag.py:588} INFO - Filling up the DagBag from /opt/airflow/dags/local_evidence_build.py
[2026-06-02T06:11:23.159+0000] {processor.py:925} INFO - DAG(s) 'local_evidence_build' retrieved from /opt/airflow/dags/local_evidence_build.py
[2026-06-02T06:11:23.203+0000] {logging_mixin.py:190} INFO - [2026-06-02T06:11:23.202+0000] {dag.py:3239} INFO - Sync 1 DAGs
[2026-06-02T06:11:23.226+0000] {logging_mixin.py:190} INFO - [2026-06-02T06:11:23.225+0000] {dag.py:4180} INFO - Setting next_dagrun for local_evidence_build to None, run_after=None
[2026-06-02T06:11:23.266+0000] {processor.py:208} INFO - Processing /opt/airflow/dags/local_evidence_build.py took 1.486 seconds
[2026-06-02T06:11:53.743+0000] {processor.py:186} INFO - Started process (PID=2201) to work on /opt/airflow/dags/local_evidence_build.py
[2026-06-02T06:11:53.744+0000] {processor.py:914} INFO - Processing file /opt/airflow/dags/local_evidence_build.py for tasks to queue
[2026-06-02T06:11:53.750+0000] {logging_mixin.py:190} INFO - [2026-06-02T06:11:53.748+0000] {dagbag.py:588} INFO - Filling up the DagBag from /opt/airflow/dags/local_evidence_build.py
[2026-06-02T06:11:56.423+0000] {processor.py:925} INFO - DAG(s) 'local_evidence_build' retrieved from /opt/airflow/dags/local_evidence_build.py
[2026-06-02T06:11:56.530+0000] {logging_mixin.py:190} INFO - [2026-06-02T06:11:56.528+0000] {dag.py:3239} INFO - Sync 1 DAGs
[2026-06-02T06:11:56.592+0000] {logging_mixin.py:190} INFO - [2026-06-02T06:11:56.592+0000] {dag.py:4180} INFO - Setting next_dagrun for local_evidence_build to None, run_after=None
[2026-06-02T06:11:56.701+0000] {processor.py:208} INFO - Processing /opt/airflow/dags/local_evidence_build.py took 2.971 seconds
[2026-06-02T06:12:27.568+0000] {processor.py:186} INFO - Started process (PID=2336) to work on /opt/airflow/dags/local_evidence_build.py
[2026-06-02T06:12:27.569+0000] {processor.py:914} INFO - Processing file /opt/airflow/dags/local_evidence_build.py for tasks to queue
[2026-06-02T06:12:27.576+0000] {logging_mixin.py:190} INFO - [2026-06-02T06:12:27.575+0000] {dagbag.py:588} INFO - Filling up the DagBag from /opt/airflow/dags/local_evidence_build.py
[2026-06-02T06:12:28.671+0000] {processor.py:925} INFO - DAG(s) 'local_evidence_build' retrieved from /opt/airflow/dags/local_evidence_build.py
[2026-06-02T06:12:28.708+0000] {logging_mixin.py:190} INFO - [2026-06-02T06:12:28.707+0000] {dag.py:3239} INFO - Sync 1 DAGs
[2026-06-02T06:12:28.733+0000] {logging_mixin.py:190} INFO - [2026-06-02T06:12:28.733+0000] {dag.py:4180} INFO - Setting next_dagrun for local_evidence_build to None, run_after=None
[2026-06-02T06:12:28.787+0000] {processor.py:208} INFO - Processing /opt/airflow/dags/local_evidence_build.py took 1.230 seconds
[2026-06-02T06:12:59.379+0000] {processor.py:186} INFO - Started process (PID=2471) to work on /opt/airflow/dags/local_evidence_build.py
[2026-06-02T06:12:59.381+0000] {processor.py:914} INFO - Processing file /opt/airflow/dags/local_evidence_build.py for tasks to queue
[2026-06-02T06:12:59.386+0000] {logging_mixin.py:190} INFO - [2026-06-02T06:12:59.385+0000] {dagbag.py:588} INFO - Filling up the DagBag from /opt/airflow/dags/local_evidence_build.py
[2026-06-02T06:13:01.011+0000] {processor.py:925} INFO - DAG(s) 'local_evidence_build' retrieved from /opt/airflow/dags/local_evidence_build.py
[2026-06-02T06:13:01.061+0000] {logging_mixin.py:190} INFO - [2026-06-02T06:13:01.060+0000] {dag.py:3239} INFO - Sync 1 DAGs
[2026-06-02T06:13:01.082+0000] {logging_mixin.py:190} INFO - [2026-06-02T06:13:01.082+0000] {dag.py:4180} INFO - Setting next_dagrun for local_evidence_build to None, run_after=None
[2026-06-02T06:13:01.120+0000] {processor.py:208} INFO - Processing /opt/airflow/dags/local_evidence_build.py took 1.754 seconds
[2026-06-02T06:13:31.960+0000] {processor.py:186} INFO - Started process (PID=2606) to work on /opt/airflow/dags/local_evidence_build.py
[2026-06-02T06:13:31.961+0000] {processor.py:914} INFO - Processing file /opt/airflow/dags/local_evidence_build.py for tasks to queue
[2026-06-02T06:13:31.966+0000] {logging_mixin.py:190} INFO - [2026-06-02T06:13:31.965+0000] {dagbag.py:588} INFO - Filling up the DagBag from /opt/airflow/dags/local_evidence_build.py
[2026-06-02T06:13:33.094+0000] {processor.py:925} INFO - DAG(s) 'local_evidence_build' retrieved from /opt/airflow/dags/local_evidence_build.py
[2026-06-02T06:13:33.136+0000] {logging_mixin.py:190} INFO - [2026-06-02T06:13:33.135+0000] {dag.py:3239} INFO - Sync 1 DAGs
[2026-06-02T06:13:33.164+0000] {logging_mixin.py:190} INFO - [2026-06-02T06:13:33.163+0000] {dag.py:4180} INFO - Setting next_dagrun for local_evidence_build to None, run_after=None
[2026-06-02T06:13:33.198+0000] {processor.py:208} INFO - Processing /opt/airflow/dags/local_evidence_build.py took 1.254 seconds
[2026-06-02T06:14:03.775+0000] {processor.py:186} INFO - Started process (PID=2741) to work on /opt/airflow/dags/local_evidence_build.py
[2026-06-02T06:14:03.777+0000] {processor.py:914} INFO - Processing file /opt/airflow/dags/local_evidence_build.py for tasks to queue
[2026-06-02T06:14:03.783+0000] {logging_mixin.py:190} INFO - [2026-06-02T06:14:03.782+0000] {dagbag.py:588} INFO - Filling up the DagBag from /opt/airflow/dags/local_evidence_build.py
[2026-06-02T06:14:05.929+0000] {processor.py:925} INFO - DAG(s) 'local_evidence_build' retrieved from /opt/airflow/dags/local_evidence_build.py
[2026-06-02T06:14:05.986+0000] {logging_mixin.py:190} INFO - [2026-06-02T06:14:05.985+0000] {dag.py:3239} INFO - Sync 1 DAGs
[2026-06-02T06:14:06.004+0000] {logging_mixin.py:190} INFO - [2026-06-02T06:14:06.004+0000] {dag.py:4180} INFO - Setting next_dagrun for local_evidence_build to None, run_after=None
[2026-06-02T06:14:06.035+0000] {processor.py:208} INFO - Processing /opt/airflow/dags/local_evidence_build.py took 2.272 seconds
[2026-06-02T06:14:36.355+0000] {processor.py:186} INFO - Started process (PID=2876) to work on /opt/airflow/dags/local_evidence_build.py
[2026-06-02T06:14:36.357+0000] {processor.py:914} INFO - Processing file /opt/airflow/dags/local_evidence_build.py for tasks to queue
[2026-06-02T06:14:36.372+0000] {logging_mixin.py:190} INFO - [2026-06-02T06:14:36.372+0000] {dagbag.py:588} INFO - Filling up the DagBag from /opt/airflow/dags/local_evidence_build.py
[2026-06-02T06:14:42.409+0000] {processor.py:925} INFO - DAG(s) 'local_evidence_build' retrieved from /opt/airflow/dags/local_evidence_build.py
[2026-06-02T06:14:42.457+0000] {logging_mixin.py:190} INFO - [2026-06-02T06:14:42.456+0000] {dag.py:3239} INFO - Sync 1 DAGs
[2026-06-02T06:14:42.480+0000] {logging_mixin.py:190} INFO - [2026-06-02T06:14:42.480+0000] {dag.py:4180} INFO - Setting next_dagrun for local_evidence_build to None, run_after=None
[2026-06-02T06:14:42.523+0000] {processor.py:208} INFO - Processing /opt/airflow/dags/local_evidence_build.py took 6.192 seconds
[2026-06-02T06:15:13.152+0000] {processor.py:186} INFO - Started process (PID=3011) to work on /opt/airflow/dags/local_evidence_build.py
[2026-06-02T06:15:13.164+0000] {processor.py:914} INFO - Processing file /opt/airflow/dags/local_evidence_build.py for tasks to queue
[2026-06-02T06:15:13.193+0000] {logging_mixin.py:190} INFO - [2026-06-02T06:15:13.192+0000] {dagbag.py:588} INFO - Filling up the DagBag from /opt/airflow/dags/local_evidence_build.py
[2026-06-02T06:15:15.125+0000] {processor.py:925} INFO - DAG(s) 'local_evidence_build' retrieved from /opt/airflow/dags/local_evidence_build.py
[2026-06-02T06:15:15.167+0000] {logging_mixin.py:190} INFO - [2026-06-02T06:15:15.166+0000] {dag.py:3239} INFO - Sync 1 DAGs
[2026-06-02T06:15:15.185+0000] {logging_mixin.py:190} INFO - [2026-06-02T06:15:15.185+0000] {dag.py:4180} INFO - Setting next_dagrun for local_evidence_build to None, run_after=None
[2026-06-02T06:15:15.227+0000] {processor.py:208} INFO - Processing /opt/airflow/dags/local_evidence_build.py took 2.118 seconds
[2026-06-02T06:15:45.586+0000] {processor.py:186} INFO - Started process (PID=3146) to work on /opt/airflow/dags/local_evidence_build.py
[2026-06-02T06:15:45.588+0000] {processor.py:914} INFO - Processing file /opt/airflow/dags/local_evidence_build.py for tasks to queue
[2026-06-02T06:15:45.595+0000] {logging_mixin.py:190} INFO - [2026-06-02T06:15:45.594+0000] {dagbag.py:588} INFO - Filling up the DagBag from /opt/airflow/dags/local_evidence_build.py
[2026-06-02T06:15:46.633+0000] {processor.py:925} INFO - DAG(s) 'local_evidence_build' retrieved from /opt/airflow/dags/local_evidence_build.py
[2026-06-02T06:15:46.673+0000] {logging_mixin.py:190} INFO - [2026-06-02T06:15:46.673+0000] {dag.py:3239} INFO - Sync 1 DAGs
[2026-06-02T06:15:46.690+0000] {logging_mixin.py:190} INFO - [2026-06-02T06:15:46.690+0000] {dag.py:4180} INFO - Setting next_dagrun for local_evidence_build to None, run_after=None
[2026-06-02T06:15:46.721+0000] {processor.py:208} INFO - Processing /opt/airflow/dags/local_evidence_build.py took 1.146 seconds
[2026-06-02T06:16:17.157+0000] {processor.py:186} INFO - Started process (PID=3281) to work on /opt/airflow/dags/local_evidence_build.py
[2026-06-02T06:16:17.159+0000] {processor.py:914} INFO - Processing file /opt/airflow/dags/local_evidence_build.py for tasks to queue
[2026-06-02T06:16:17.165+0000] {logging_mixin.py:190} INFO - [2026-06-02T06:16:17.164+0000] {dagbag.py:588} INFO - Filling up the DagBag from /opt/airflow/dags/local_evidence_build.py
[2026-06-02T06:16:18.281+0000] {processor.py:925} INFO - DAG(s) 'local_evidence_build' retrieved from /opt/airflow/dags/local_evidence_build.py
[2026-06-02T06:16:18.319+0000] {logging_mixin.py:190} INFO - [2026-06-02T06:16:18.318+0000] {dag.py:3239} INFO - Sync 1 DAGs
[2026-06-02T06:16:18.342+0000] {logging_mixin.py:190} INFO - [2026-06-02T06:16:18.342+0000] {dag.py:4180} INFO - Setting next_dagrun for local_evidence_build to None, run_after=None
[2026-06-02T06:16:18.375+0000] {processor.py:208} INFO - Processing /opt/airflow/dags/local_evidence_build.py took 1.230 seconds
[2026-06-02T06:16:49.111+0000] {processor.py:186} INFO - Started process (PID=3415) to work on /opt/airflow/dags/local_evidence_build.py
[2026-06-02T06:16:49.113+0000] {processor.py:914} INFO - Processing file /opt/airflow/dags/local_evidence_build.py for tasks to queue
[2026-06-02T06:16:49.117+0000] {logging_mixin.py:190} INFO - [2026-06-02T06:16:49.117+0000] {dagbag.py:588} INFO - Filling up the DagBag from /opt/airflow/dags/local_evidence_build.py
[2026-06-02T06:16:50.105+0000] {processor.py:925} INFO - DAG(s) 'local_evidence_build' retrieved from /opt/airflow/dags/local_evidence_build.py
[2026-06-02T06:16:50.143+0000] {logging_mixin.py:190} INFO - [2026-06-02T06:16:50.142+0000] {dag.py:3239} INFO - Sync 1 DAGs
[2026-06-02T06:16:50.161+0000] {logging_mixin.py:190} INFO - [2026-06-02T06:16:50.160+0000] {dag.py:4180} INFO - Setting next_dagrun for local_evidence_build to None, run_after=None
[2026-06-02T06:16:50.194+0000] {processor.py:208} INFO - Processing /opt/airflow/dags/local_evidence_build.py took 1.093 seconds
[2026-06-02T06:17:20.495+0000] {processor.py:186} INFO - Started process (PID=3550) to work on /opt/airflow/dags/local_evidence_build.py
[2026-06-02T06:17:20.497+0000] {processor.py:914} INFO - Processing file /opt/airflow/dags/local_evidence_build.py for tasks to queue
[2026-06-02T06:17:20.501+0000] {logging_mixin.py:190} INFO - [2026-06-02T06:17:20.500+0000] {dagbag.py:588} INFO - Filling up the DagBag from /opt/airflow/dags/local_evidence_build.py
[2026-06-02T06:17:21.479+0000] {processor.py:925} INFO - DAG(s) 'local_evidence_build' retrieved from /opt/airflow/dags/local_evidence_build.py
[2026-06-02T06:17:21.522+0000] {logging_mixin.py:190} INFO - [2026-06-02T06:17:21.521+0000] {dag.py:3239} INFO - Sync 1 DAGs
[2026-06-02T06:17:21.540+0000] {logging_mixin.py:190} INFO - [2026-06-02T06:17:21.539+0000] {dag.py:4180} INFO - Setting next_dagrun for local_evidence_build to None, run_after=None
[2026-06-02T06:17:21.573+0000] {processor.py:208} INFO - Processing /opt/airflow/dags/local_evidence_build.py took 1.091 seconds
[2026-06-02T06:17:51.922+0000] {processor.py:186} INFO - Started process (PID=3677) to work on /opt/airflow/dags/local_evidence_build.py
[2026-06-02T06:17:51.923+0000] {processor.py:914} INFO - Processing file /opt/airflow/dags/local_evidence_build.py for tasks to queue
[2026-06-02T06:17:51.929+0000] {logging_mixin.py:190} INFO - [2026-06-02T06:17:51.928+0000] {dagbag.py:588} INFO - Filling up the DagBag from /opt/airflow/dags/local_evidence_build.py
[2026-06-02T06:17:53.012+0000] {processor.py:925} INFO - DAG(s) 'local_evidence_build' retrieved from /opt/airflow/dags/local_evidence_build.py
[2026-06-02T06:17:53.053+0000] {logging_mixin.py:190} INFO - [2026-06-02T06:17:53.052+0000] {dag.py:3239} INFO - Sync 1 DAGs
[2026-06-02T06:17:53.079+0000] {logging_mixin.py:190} INFO - [2026-06-02T06:17:53.079+0000] {dag.py:4180} INFO - Setting next_dagrun for local_evidence_build to None, run_after=None
[2026-06-02T06:17:53.112+0000] {processor.py:208} INFO - Processing /opt/airflow/dags/local_evidence_build.py took 1.201 seconds
[2026-06-02T06:18:23.602+0000] {processor.py:186} INFO - Started process (PID=3812) to work on /opt/airflow/dags/local_evidence_build.py
[2026-06-02T06:18:23.604+0000] {processor.py:914} INFO - Processing file /opt/airflow/dags/local_evidence_build.py for tasks to queue
[2026-06-02T06:18:23.609+0000] {logging_mixin.py:190} INFO - [2026-06-02T06:18:23.608+0000] {dagbag.py:588} INFO - Filling up the DagBag from /opt/airflow/dags/local_evidence_build.py
[2026-06-02T06:18:24.646+0000] {processor.py:925} INFO - DAG(s) 'local_evidence_build' retrieved from /opt/airflow/dags/local_evidence_build.py
[2026-06-02T06:18:24.678+0000] {logging_mixin.py:190} INFO - [2026-06-02T06:18:24.677+0000] {dag.py:3239} INFO - Sync 1 DAGs
[2026-06-02T06:18:24.693+0000] {logging_mixin.py:190} INFO - [2026-06-02T06:18:24.693+0000] {dag.py:4180} INFO - Setting next_dagrun for local_evidence_build to None, run_after=None
[2026-06-02T06:18:24.721+0000] {processor.py:208} INFO - Processing /opt/airflow/dags/local_evidence_build.py took 1.135 seconds
[2026-06-02T06:18:54.895+0000] {processor.py:186} INFO - Started process (PID=3989) to work on /opt/airflow/dags/local_evidence_build.py
[2026-06-02T06:18:54.900+0000] {processor.py:914} INFO - Processing file /opt/airflow/dags/local_evidence_build.py for tasks to queue
[2026-06-02T06:18:54.907+0000] {logging_mixin.py:190} INFO - [2026-06-02T06:18:54.906+0000] {dagbag.py:588} INFO - Filling up the DagBag from /opt/airflow/dags/local_evidence_build.py
[2026-06-02T06:18:55.963+0000] {processor.py:925} INFO - DAG(s) 'local_evidence_build' retrieved from /opt/airflow/dags/local_evidence_build.py
[2026-06-02T06:18:56.001+0000] {logging_mixin.py:190} INFO - [2026-06-02T06:18:56.000+0000] {dag.py:3239} INFO - Sync 1 DAGs
[2026-06-02T06:18:56.016+0000] {logging_mixin.py:190} INFO - [2026-06-02T06:18:56.016+0000] {dag.py:4180} INFO - Setting next_dagrun for local_evidence_build to None, run_after=None
[2026-06-02T06:18:56.046+0000] {processor.py:208} INFO - Processing /opt/airflow/dags/local_evidence_build.py took 1.164 seconds
[2026-06-02T06:20:02.900+0000] {processor.py:186} INFO - Started process (PID=236) to work on /opt/airflow/dags/local_evidence_build.py
[2026-06-02T06:20:02.902+0000] {processor.py:914} INFO - Processing file /opt/airflow/dags/local_evidence_build.py for tasks to queue
[2026-06-02T06:20:02.906+0000] {logging_mixin.py:190} INFO - [2026-06-02T06:20:02.905+0000] {dagbag.py:588} INFO - Filling up the DagBag from /opt/airflow/dags/local_evidence_build.py
[2026-06-02T06:20:04.260+0000] {processor.py:925} INFO - DAG(s) 'local_evidence_build' retrieved from /opt/airflow/dags/local_evidence_build.py
[2026-06-02T06:20:04.299+0000] {logging_mixin.py:190} INFO - [2026-06-02T06:20:04.298+0000] {dag.py:3239} INFO - Sync 1 DAGs
[2026-06-02T06:20:04.321+0000] {logging_mixin.py:190} INFO - [2026-06-02T06:20:04.321+0000] {dag.py:4180} INFO - Setting next_dagrun for local_evidence_build to None, run_after=None
[2026-06-02T06:20:04.372+0000] {processor.py:208} INFO - Processing /opt/airflow/dags/local_evidence_build.py took 1.484 seconds
[2026-06-02T06:20:35.033+0000] {processor.py:186} INFO - Started process (PID=371) to work on /opt/airflow/dags/local_evidence_build.py
[2026-06-02T06:20:35.035+0000] {processor.py:914} INFO - Processing file /opt/airflow/dags/local_evidence_build.py for tasks to queue
[2026-06-02T06:20:35.039+0000] {logging_mixin.py:190} INFO - [2026-06-02T06:20:35.038+0000] {dagbag.py:588} INFO - Filling up the DagBag from /opt/airflow/dags/local_evidence_build.py
[2026-06-02T06:20:36.020+0000] {processor.py:925} INFO - DAG(s) 'local_evidence_build' retrieved from /opt/airflow/dags/local_evidence_build.py
[2026-06-02T06:20:36.053+0000] {logging_mixin.py:190} INFO - [2026-06-02T06:20:36.052+0000] {dag.py:3239} INFO - Sync 1 DAGs
[2026-06-02T06:20:36.068+0000] {logging_mixin.py:190} INFO - [2026-06-02T06:20:36.068+0000] {dag.py:4180} INFO - Setting next_dagrun for local_evidence_build to None, run_after=None
[2026-06-02T06:20:36.103+0000] {processor.py:208} INFO - Processing /opt/airflow/dags/local_evidence_build.py took 1.081 seconds
[2026-06-02T06:21:06.980+0000] {processor.py:186} INFO - Started process (PID=506) to work on /opt/airflow/dags/local_evidence_build.py
[2026-06-02T06:21:06.982+0000] {processor.py:914} INFO - Processing file /opt/airflow/dags/local_evidence_build.py for tasks to queue
[2026-06-02T06:21:06.987+0000] {logging_mixin.py:190} INFO - [2026-06-02T06:21:06.986+0000] {dagbag.py:588} INFO - Filling up the DagBag from /opt/airflow/dags/local_evidence_build.py
[2026-06-02T06:21:07.954+0000] {processor.py:925} INFO - DAG(s) 'local_evidence_build' retrieved from /opt/airflow/dags/local_evidence_build.py
[2026-06-02T06:21:07.990+0000] {logging_mixin.py:190} INFO - [2026-06-02T06:21:07.990+0000] {dag.py:3239} INFO - Sync 1 DAGs
[2026-06-02T06:21:08.010+0000] {logging_mixin.py:190} INFO - [2026-06-02T06:21:08.010+0000] {dag.py:4180} INFO - Setting next_dagrun for local_evidence_build to None, run_after=None
[2026-06-02T06:21:08.046+0000] {processor.py:208} INFO - Processing /opt/airflow/dags/local_evidence_build.py took 1.077 seconds
[2026-06-02T06:21:39.003+0000] {processor.py:186} INFO - Started process (PID=641) to work on /opt/airflow/dags/local_evidence_build.py
[2026-06-02T06:21:39.004+0000] {processor.py:914} INFO - Processing file /opt/airflow/dags/local_evidence_build.py for tasks to queue
[2026-06-02T06:21:39.009+0000] {logging_mixin.py:190} INFO - [2026-06-02T06:21:39.008+0000] {dagbag.py:588} INFO - Filling up the DagBag from /opt/airflow/dags/local_evidence_build.py
[2026-06-02T06:21:39.883+0000] {processor.py:925} INFO - DAG(s) 'local_evidence_build' retrieved from /opt/airflow/dags/local_evidence_build.py
[2026-06-02T06:21:39.913+0000] {logging_mixin.py:190} INFO - [2026-06-02T06:21:39.913+0000] {dag.py:3239} INFO - Sync 1 DAGs
[2026-06-02T06:21:39.929+0000] {logging_mixin.py:190} INFO - [2026-06-02T06:21:39.929+0000] {dag.py:4180} INFO - Setting next_dagrun for local_evidence_build to None, run_after=None
[2026-06-02T06:21:39.957+0000] {processor.py:208} INFO - Processing /opt/airflow/dags/local_evidence_build.py took 0.965 seconds
[2026-06-02T06:22:10.339+0000] {processor.py:186} INFO - Started process (PID=776) to work on /opt/airflow/dags/local_evidence_build.py
[2026-06-02T06:22:10.342+0000] {processor.py:914} INFO - Processing file /opt/airflow/dags/local_evidence_build.py for tasks to queue
[2026-06-02T06:22:10.346+0000] {logging_mixin.py:190} INFO - [2026-06-02T06:22:10.345+0000] {dagbag.py:588} INFO - Filling up the DagBag from /opt/airflow/dags/local_evidence_build.py
[2026-06-02T06:22:11.523+0000] {processor.py:925} INFO - DAG(s) 'local_evidence_build' retrieved from /opt/airflow/dags/local_evidence_build.py
[2026-06-02T06:22:11.559+0000] {logging_mixin.py:190} INFO - [2026-06-02T06:22:11.558+0000] {dag.py:3239} INFO - Sync 1 DAGs
[2026-06-02T06:22:11.576+0000] {logging_mixin.py:190} INFO - [2026-06-02T06:22:11.575+0000] {dag.py:4180} INFO - Setting next_dagrun for local_evidence_build to None, run_after=None
[2026-06-02T06:22:11.602+0000] {processor.py:208} INFO - Processing /opt/airflow/dags/local_evidence_build.py took 1.280 seconds
[2026-06-02T06:22:42.172+0000] {processor.py:186} INFO - Started process (PID=911) to work on /opt/airflow/dags/local_evidence_build.py
[2026-06-02T06:22:42.174+0000] {processor.py:914} INFO - Processing file /opt/airflow/dags/local_evidence_build.py for tasks to queue
[2026-06-02T06:22:42.178+0000] {logging_mixin.py:190} INFO - [2026-06-02T06:22:42.177+0000] {dagbag.py:588} INFO - Filling up the DagBag from /opt/airflow/dags/local_evidence_build.py
[2026-06-02T06:22:43.679+0000] {processor.py:925} INFO - DAG(s) 'local_evidence_build' retrieved from /opt/airflow/dags/local_evidence_build.py
[2026-06-02T06:22:43.757+0000] {logging_mixin.py:190} INFO - [2026-06-02T06:22:43.756+0000] {dag.py:3239} INFO - Sync 1 DAGs
[2026-06-02T06:22:43.800+0000] {logging_mixin.py:190} INFO - [2026-06-02T06:22:43.799+0000] {dag.py:4180} INFO - Setting next_dagrun for local_evidence_build to None, run_after=None
[2026-06-02T06:22:43.846+0000] {processor.py:208} INFO - Processing /opt/airflow/dags/local_evidence_build.py took 1.685 seconds
[2026-06-02T06:23:15.378+0000] {processor.py:186} INFO - Started process (PID=1046) to work on /opt/airflow/dags/local_evidence_build.py
[2026-06-02T06:23:15.388+0000] {processor.py:914} INFO - Processing file /opt/airflow/dags/local_evidence_build.py for tasks to queue
[2026-06-02T06:23:15.401+0000] {logging_mixin.py:190} INFO - [2026-06-02T06:23:15.400+0000] {dagbag.py:588} INFO - Filling up the DagBag from /opt/airflow/dags/local_evidence_build.py
[2026-06-02T06:23:20.404+0000] {processor.py:925} INFO - DAG(s) 'local_evidence_build' retrieved from /opt/airflow/dags/local_evidence_build.py
[2026-06-02T06:23:20.436+0000] {logging_mixin.py:190} INFO - [2026-06-02T06:23:20.435+0000] {dag.py:3239} INFO - Sync 1 DAGs
[2026-06-02T06:23:20.458+0000] {logging_mixin.py:190} INFO - [2026-06-02T06:23:20.457+0000] {dag.py:4180} INFO - Setting next_dagrun for local_evidence_build to None, run_after=None
[2026-06-02T06:23:20.656+0000] {processor.py:208} INFO - Processing /opt/airflow/dags/local_evidence_build.py took 5.301 seconds
[2026-06-02T06:23:51.354+0000] {processor.py:186} INFO - Started process (PID=1181) to work on /opt/airflow/dags/local_evidence_build.py
[2026-06-02T06:23:51.356+0000] {processor.py:914} INFO - Processing file /opt/airflow/dags/local_evidence_build.py for tasks to queue
[2026-06-02T06:23:51.358+0000] {logging_mixin.py:190} INFO - [2026-06-02T06:23:51.357+0000] {dagbag.py:588} INFO - Filling up the DagBag from /opt/airflow/dags/local_evidence_build.py
[2026-06-02T06:23:52.488+0000] {processor.py:925} INFO - DAG(s) 'local_evidence_build' retrieved from /opt/airflow/dags/local_evidence_build.py
[2026-06-02T06:23:52.530+0000] {logging_mixin.py:190} INFO - [2026-06-02T06:23:52.529+0000] {dag.py:3239} INFO - Sync 1 DAGs
[2026-06-02T06:23:52.553+0000] {logging_mixin.py:190} INFO - [2026-06-02T06:23:52.553+0000] {dag.py:4180} INFO - Setting next_dagrun for local_evidence_build to None, run_after=None
[2026-06-02T06:23:52.592+0000] {processor.py:208} INFO - Processing /opt/airflow/dags/local_evidence_build.py took 1.255 seconds
[2026-06-02T06:24:23.189+0000] {processor.py:186} INFO - Started process (PID=1316) to work on /opt/airflow/dags/local_evidence_build.py
[2026-06-02T06:24:23.191+0000] {processor.py:914} INFO - Processing file /opt/airflow/dags/local_evidence_build.py for tasks to queue
[2026-06-02T06:24:23.196+0000] {logging_mixin.py:190} INFO - [2026-06-02T06:24:23.195+0000] {dagbag.py:588} INFO - Filling up the DagBag from /opt/airflow/dags/local_evidence_build.py
[2026-06-02T06:24:24.213+0000] {processor.py:925} INFO - DAG(s) 'local_evidence_build' retrieved from /opt/airflow/dags/local_evidence_build.py
[2026-06-02T06:24:24.246+0000] {logging_mixin.py:190} INFO - [2026-06-02T06:24:24.245+0000] {dag.py:3239} INFO - Sync 1 DAGs
[2026-06-02T06:24:24.264+0000] {logging_mixin.py:190} INFO - [2026-06-02T06:24:24.263+0000] {dag.py:4180} INFO - Setting next_dagrun for local_evidence_build to None, run_after=None
[2026-06-02T06:24:24.295+0000] {processor.py:208} INFO - Processing /opt/airflow/dags/local_evidence_build.py took 1.116 seconds
[2026-06-02T06:24:55.049+0000] {processor.py:186} INFO - Started process (PID=1451) to work on /opt/airflow/dags/local_evidence_build.py
[2026-06-02T06:24:55.051+0000] {processor.py:914} INFO - Processing file /opt/airflow/dags/local_evidence_build.py for tasks to queue
[2026-06-02T06:24:55.055+0000] {logging_mixin.py:190} INFO - [2026-06-02T06:24:55.055+0000] {dagbag.py:588} INFO - Filling up the DagBag from /opt/airflow/dags/local_evidence_build.py
[2026-06-02T06:24:56.242+0000] {processor.py:925} INFO - DAG(s) 'local_evidence_build' retrieved from /opt/airflow/dags/local_evidence_build.py
[2026-06-02T06:24:56.274+0000] {logging_mixin.py:190} INFO - [2026-06-02T06:24:56.273+0000] {dag.py:3239} INFO - Sync 1 DAGs
[2026-06-02T06:24:56.293+0000] {logging_mixin.py:190} INFO - [2026-06-02T06:24:56.293+0000] {dag.py:4180} INFO - Setting next_dagrun for local_evidence_build to None, run_after=None
[2026-06-02T06:24:56.331+0000] {processor.py:208} INFO - Processing /opt/airflow/dags/local_evidence_build.py took 1.293 seconds
[2026-06-02T06:25:26.992+0000] {processor.py:186} INFO - Started process (PID=1586) to work on /opt/airflow/dags/local_evidence_build.py
[2026-06-02T06:25:26.996+0000] {processor.py:914} INFO - Processing file /opt/airflow/dags/local_evidence_build.py for tasks to queue
[2026-06-02T06:25:27.003+0000] {logging_mixin.py:190} INFO - [2026-06-02T06:25:27.002+0000] {dagbag.py:588} INFO - Filling up the DagBag from /opt/airflow/dags/local_evidence_build.py
[2026-06-02T06:25:28.188+0000] {processor.py:925} INFO - DAG(s) 'local_evidence_build' retrieved from /opt/airflow/dags/local_evidence_build.py
[2026-06-02T06:25:28.220+0000] {logging_mixin.py:190} INFO - [2026-06-02T06:25:28.219+0000] {dag.py:3239} INFO - Sync 1 DAGs
[2026-06-02T06:25:28.240+0000] {logging_mixin.py:190} INFO - [2026-06-02T06:25:28.239+0000] {dag.py:4180} INFO - Setting next_dagrun for local_evidence_build to None, run_after=None
[2026-06-02T06:25:28.272+0000] {processor.py:208} INFO - Processing /opt/airflow/dags/local_evidence_build.py took 1.295 seconds
[2026-06-02T06:25:58.957+0000] {processor.py:186} INFO - Started process (PID=1720) to work on /opt/airflow/dags/local_evidence_build.py
[2026-06-02T06:25:58.960+0000] {processor.py:914} INFO - Processing file /opt/airflow/dags/local_evidence_build.py for tasks to queue
[2026-06-02T06:25:58.966+0000] {logging_mixin.py:190} INFO - [2026-06-02T06:25:58.965+0000] {dagbag.py:588} INFO - Filling up the DagBag from /opt/airflow/dags/local_evidence_build.py
[2026-06-02T06:26:00.036+0000] {processor.py:925} INFO - DAG(s) 'local_evidence_build' retrieved from /opt/airflow/dags/local_evidence_build.py
[2026-06-02T06:26:00.075+0000] {logging_mixin.py:190} INFO - [2026-06-02T06:26:00.074+0000] {dag.py:3239} INFO - Sync 1 DAGs
[2026-06-02T06:26:00.096+0000] {logging_mixin.py:190} INFO - [2026-06-02T06:26:00.095+0000] {dag.py:4180} INFO - Setting next_dagrun for local_evidence_build to None, run_after=None
[2026-06-02T06:26:00.131+0000] {processor.py:208} INFO - Processing /opt/airflow/dags/local_evidence_build.py took 1.192 seconds
[2026-06-02T06:26:30.708+0000] {processor.py:186} INFO - Started process (PID=1847) to work on /opt/airflow/dags/local_evidence_build.py
[2026-06-02T06:26:30.710+0000] {processor.py:914} INFO - Processing file /opt/airflow/dags/local_evidence_build.py for tasks to queue
[2026-06-02T06:26:30.714+0000] {logging_mixin.py:190} INFO - [2026-06-02T06:26:30.714+0000] {dagbag.py:588} INFO - Filling up the DagBag from /opt/airflow/dags/local_evidence_build.py
[2026-06-02T06:26:31.553+0000] {processor.py:925} INFO - DAG(s) 'local_evidence_build' retrieved from /opt/airflow/dags/local_evidence_build.py
[2026-06-02T06:26:31.586+0000] {logging_mixin.py:190} INFO - [2026-06-02T06:26:31.585+0000] {dag.py:3239} INFO - Sync 1 DAGs
[2026-06-02T06:26:31.602+0000] {logging_mixin.py:190} INFO - [2026-06-02T06:26:31.602+0000] {dag.py:4180} INFO - Setting next_dagrun for local_evidence_build to None, run_after=None
[2026-06-02T06:26:31.626+0000] {processor.py:208} INFO - Processing /opt/airflow/dags/local_evidence_build.py took 0.930 seconds
[2026-06-02T06:27:02.271+0000] {processor.py:186} INFO - Started process (PID=1982) to work on /opt/airflow/dags/local_evidence_build.py
[2026-06-02T06:27:02.273+0000] {processor.py:914} INFO - Processing file /opt/airflow/dags/local_evidence_build.py for tasks to queue
[2026-06-02T06:27:02.277+0000] {logging_mixin.py:190} INFO - [2026-06-02T06:27:02.276+0000] {dagbag.py:588} INFO - Filling up the DagBag from /opt/airflow/dags/local_evidence_build.py
[2026-06-02T06:27:03.201+0000] {processor.py:925} INFO - DAG(s) 'local_evidence_build' retrieved from /opt/airflow/dags/local_evidence_build.py
[2026-06-02T06:27:03.239+0000] {logging_mixin.py:190} INFO - [2026-06-02T06:27:03.238+0000] {dag.py:3239} INFO - Sync 1 DAGs
[2026-06-02T06:27:03.261+0000] {logging_mixin.py:190} INFO - [2026-06-02T06:27:03.260+0000] {dag.py:4180} INFO - Setting next_dagrun for local_evidence_build to None, run_after=None
[2026-06-02T06:27:03.292+0000] {processor.py:208} INFO - Processing /opt/airflow/dags/local_evidence_build.py took 1.035 seconds
[2026-06-02T06:27:33.970+0000] {processor.py:186} INFO - Started process (PID=2117) to work on /opt/airflow/dags/local_evidence_build.py
[2026-06-02T06:27:33.973+0000] {processor.py:914} INFO - Processing file /opt/airflow/dags/local_evidence_build.py for tasks to queue
[2026-06-02T06:27:33.978+0000] {logging_mixin.py:190} INFO - [2026-06-02T06:27:33.977+0000] {dagbag.py:588} INFO - Filling up the DagBag from /opt/airflow/dags/local_evidence_build.py
[2026-06-02T06:27:35.054+0000] {processor.py:925} INFO - DAG(s) 'local_evidence_build' retrieved from /opt/airflow/dags/local_evidence_build.py
[2026-06-02T06:27:35.086+0000] {logging_mixin.py:190} INFO - [2026-06-02T06:27:35.085+0000] {dag.py:3239} INFO - Sync 1 DAGs
[2026-06-02T06:27:35.102+0000] {logging_mixin.py:190} INFO - [2026-06-02T06:27:35.102+0000] {dag.py:4180} INFO - Setting next_dagrun for local_evidence_build to None, run_after=None
[2026-06-02T06:27:35.128+0000] {processor.py:208} INFO - Processing /opt/airflow/dags/local_evidence_build.py took 1.170 seconds
[2026-06-02T06:28:05.745+0000] {processor.py:186} INFO - Started process (PID=2252) to work on /opt/airflow/dags/local_evidence_build.py
[2026-06-02T06:28:05.748+0000] {processor.py:914} INFO - Processing file /opt/airflow/dags/local_evidence_build.py for tasks to queue
[2026-06-02T06:28:05.754+0000] {logging_mixin.py:190} INFO - [2026-06-02T06:28:05.753+0000] {dagbag.py:588} INFO - Filling up the DagBag from /opt/airflow/dags/local_evidence_build.py
[2026-06-02T06:28:07.315+0000] {processor.py:925} INFO - DAG(s) 'local_evidence_build' retrieved from /opt/airflow/dags/local_evidence_build.py
[2026-06-02T06:28:07.353+0000] {logging_mixin.py:190} INFO - [2026-06-02T06:28:07.352+0000] {dag.py:3239} INFO - Sync 1 DAGs
[2026-06-02T06:28:07.378+0000] {logging_mixin.py:190} INFO - [2026-06-02T06:28:07.378+0000] {dag.py:4180} INFO - Setting next_dagrun for local_evidence_build to None, run_after=None
[2026-06-02T06:28:07.410+0000] {processor.py:208} INFO - Processing /opt/airflow/dags/local_evidence_build.py took 1.681 seconds
[2026-06-02T06:28:37.517+0000] {processor.py:186} INFO - Started process (PID=2387) to work on /opt/airflow/dags/local_evidence_build.py
[2026-06-02T06:28:37.520+0000] {processor.py:914} INFO - Processing file /opt/airflow/dags/local_evidence_build.py for tasks to queue
[2026-06-02T06:28:37.525+0000] {logging_mixin.py:190} INFO - [2026-06-02T06:28:37.524+0000] {dagbag.py:588} INFO - Filling up the DagBag from /opt/airflow/dags/local_evidence_build.py
[2026-06-02T06:28:38.639+0000] {processor.py:925} INFO - DAG(s) 'local_evidence_build' retrieved from /opt/airflow/dags/local_evidence_build.py
[2026-06-02T06:28:38.671+0000] {logging_mixin.py:190} INFO - [2026-06-02T06:28:38.670+0000] {dag.py:3239} INFO - Sync 1 DAGs
[2026-06-02T06:28:38.691+0000] {logging_mixin.py:190} INFO - [2026-06-02T06:28:38.691+0000] {dag.py:4180} INFO - Setting next_dagrun for local_evidence_build to None, run_after=None
[2026-06-02T06:28:38.716+0000] {processor.py:208} INFO - Processing /opt/airflow/dags/local_evidence_build.py took 1.210 seconds
[2026-06-02T06:29:09.341+0000] {processor.py:186} INFO - Started process (PID=2522) to work on /opt/airflow/dags/local_evidence_build.py
[2026-06-02T06:29:09.342+0000] {processor.py:914} INFO - Processing file /opt/airflow/dags/local_evidence_build.py for tasks to queue
[2026-06-02T06:29:09.346+0000] {logging_mixin.py:190} INFO - [2026-06-02T06:29:09.345+0000] {dagbag.py:588} INFO - Filling up the DagBag from /opt/airflow/dags/local_evidence_build.py
[2026-06-02T06:29:10.428+0000] {processor.py:925} INFO - DAG(s) 'local_evidence_build' retrieved from /opt/airflow/dags/local_evidence_build.py
[2026-06-02T06:29:10.462+0000] {logging_mixin.py:190} INFO - [2026-06-02T06:29:10.461+0000] {dag.py:3239} INFO - Sync 1 DAGs
[2026-06-02T06:29:10.479+0000] {logging_mixin.py:190} INFO - [2026-06-02T06:29:10.479+0000] {dag.py:4180} INFO - Setting next_dagrun for local_evidence_build to None, run_after=None
[2026-06-02T06:29:10.507+0000] {processor.py:208} INFO - Processing /opt/airflow/dags/local_evidence_build.py took 1.176 seconds
[2026-06-02T06:29:40.787+0000] {processor.py:186} INFO - Started process (PID=2657) to work on /opt/airflow/dags/local_evidence_build.py
[2026-06-02T06:29:40.789+0000] {processor.py:914} INFO - Processing file /opt/airflow/dags/local_evidence_build.py for tasks to queue
[2026-06-02T06:29:40.794+0000] {logging_mixin.py:190} INFO - [2026-06-02T06:29:40.793+0000] {dagbag.py:588} INFO - Filling up the DagBag from /opt/airflow/dags/local_evidence_build.py
[2026-06-02T06:29:41.899+0000] {processor.py:925} INFO - DAG(s) 'local_evidence_build' retrieved from /opt/airflow/dags/local_evidence_build.py
[2026-06-02T06:29:41.931+0000] {logging_mixin.py:190} INFO - [2026-06-02T06:29:41.931+0000] {dag.py:3239} INFO - Sync 1 DAGs
[2026-06-02T06:29:41.947+0000] {logging_mixin.py:190} INFO - [2026-06-02T06:29:41.947+0000] {dag.py:4180} INFO - Setting next_dagrun for local_evidence_build to None, run_after=None
[2026-06-02T06:29:41.977+0000] {processor.py:208} INFO - Processing /opt/airflow/dags/local_evidence_build.py took 1.201 seconds
[2026-06-02T06:30:12.464+0000] {processor.py:186} INFO - Started process (PID=2792) to work on /opt/airflow/dags/local_evidence_build.py
[2026-06-02T06:30:12.467+0000] {processor.py:914} INFO - Processing file /opt/airflow/dags/local_evidence_build.py for tasks to queue
[2026-06-02T06:30:12.475+0000] {logging_mixin.py:190} INFO - [2026-06-02T06:30:12.474+0000] {dagbag.py:588} INFO - Filling up the DagBag from /opt/airflow/dags/local_evidence_build.py
[2026-06-02T06:30:13.766+0000] {processor.py:925} INFO - DAG(s) 'local_evidence_build' retrieved from /opt/airflow/dags/local_evidence_build.py
[2026-06-02T06:30:13.803+0000] {logging_mixin.py:190} INFO - [2026-06-02T06:30:13.803+0000] {dag.py:3239} INFO - Sync 1 DAGs
[2026-06-02T06:30:13.820+0000] {logging_mixin.py:190} INFO - [2026-06-02T06:30:13.819+0000] {dag.py:4180} INFO - Setting next_dagrun for local_evidence_build to None, run_after=None
[2026-06-02T06:30:13.857+0000] {processor.py:208} INFO - Processing /opt/airflow/dags/local_evidence_build.py took 1.408 seconds
[2026-06-02T06:30:44.341+0000] {processor.py:186} INFO - Started process (PID=2926) to work on /opt/airflow/dags/local_evidence_build.py
[2026-06-02T06:30:44.343+0000] {processor.py:914} INFO - Processing file /opt/airflow/dags/local_evidence_build.py for tasks to queue
[2026-06-02T06:30:44.347+0000] {logging_mixin.py:190} INFO - [2026-06-02T06:30:44.347+0000] {dagbag.py:588} INFO - Filling up the DagBag from /opt/airflow/dags/local_evidence_build.py
[2026-06-02T06:30:45.612+0000] {processor.py:925} INFO - DAG(s) 'local_evidence_build' retrieved from /opt/airflow/dags/local_evidence_build.py
[2026-06-02T06:30:45.649+0000] {logging_mixin.py:190} INFO - [2026-06-02T06:30:45.648+0000] {dag.py:3239} INFO - Sync 1 DAGs
[2026-06-02T06:30:45.670+0000] {logging_mixin.py:190} INFO - [2026-06-02T06:30:45.670+0000] {dag.py:4180} INFO - Setting next_dagrun for local_evidence_build to None, run_after=None
[2026-06-02T06:30:45.700+0000] {processor.py:208} INFO - Processing /opt/airflow/dags/local_evidence_build.py took 1.369 seconds
[2026-06-02T06:31:16.494+0000] {processor.py:186} INFO - Started process (PID=3053) to work on /opt/airflow/dags/local_evidence_build.py
[2026-06-02T06:31:16.496+0000] {processor.py:914} INFO - Processing file /opt/airflow/dags/local_evidence_build.py for tasks to queue
[2026-06-02T06:31:16.500+0000] {logging_mixin.py:190} INFO - [2026-06-02T06:31:16.500+0000] {dagbag.py:588} INFO - Filling up the DagBag from /opt/airflow/dags/local_evidence_build.py
[2026-06-02T06:31:17.705+0000] {processor.py:925} INFO - DAG(s) 'local_evidence_build' retrieved from /opt/airflow/dags/local_evidence_build.py
[2026-06-02T06:31:17.750+0000] {logging_mixin.py:190} INFO - [2026-06-02T06:31:17.750+0000] {dag.py:3239} INFO - Sync 1 DAGs
[2026-06-02T06:31:17.775+0000] {logging_mixin.py:190} INFO - [2026-06-02T06:31:17.775+0000] {dag.py:4180} INFO - Setting next_dagrun for local_evidence_build to None, run_after=None
[2026-06-02T06:31:17.804+0000] {processor.py:208} INFO - Processing /opt/airflow/dags/local_evidence_build.py took 1.324 seconds
[2026-06-02T06:31:48.068+0000] {processor.py:186} INFO - Started process (PID=3188) to work on /opt/airflow/dags/local_evidence_build.py
[2026-06-02T06:31:48.070+0000] {processor.py:914} INFO - Processing file /opt/airflow/dags/local_evidence_build.py for tasks to queue
[2026-06-02T06:31:48.074+0000] {logging_mixin.py:190} INFO - [2026-06-02T06:31:48.073+0000] {dagbag.py:588} INFO - Filling up the DagBag from /opt/airflow/dags/local_evidence_build.py
[2026-06-02T06:31:49.444+0000] {processor.py:925} INFO - DAG(s) 'local_evidence_build' retrieved from /opt/airflow/dags/local_evidence_build.py
[2026-06-02T06:31:49.479+0000] {logging_mixin.py:190} INFO - [2026-06-02T06:31:49.478+0000] {dag.py:3239} INFO - Sync 1 DAGs
[2026-06-02T06:31:49.497+0000] {logging_mixin.py:190} INFO - [2026-06-02T06:31:49.497+0000] {dag.py:4180} INFO - Setting next_dagrun for local_evidence_build to None, run_after=None
[2026-06-02T06:31:49.527+0000] {processor.py:208} INFO - Processing /opt/airflow/dags/local_evidence_build.py took 1.470 seconds
[2026-06-02T06:32:20.231+0000] {processor.py:186} INFO - Started process (PID=3323) to work on /opt/airflow/dags/local_evidence_build.py
[2026-06-02T06:32:20.233+0000] {processor.py:914} INFO - Processing file /opt/airflow/dags/local_evidence_build.py for tasks to queue
[2026-06-02T06:32:20.237+0000] {logging_mixin.py:190} INFO - [2026-06-02T06:32:20.236+0000] {dagbag.py:588} INFO - Filling up the DagBag from /opt/airflow/dags/local_evidence_build.py
[2026-06-02T06:32:21.263+0000] {processor.py:925} INFO - DAG(s) 'local_evidence_build' retrieved from /opt/airflow/dags/local_evidence_build.py
[2026-06-02T06:32:21.306+0000] {logging_mixin.py:190} INFO - [2026-06-02T06:32:21.305+0000] {dag.py:3239} INFO - Sync 1 DAGs
[2026-06-02T06:32:21.324+0000] {logging_mixin.py:190} INFO - [2026-06-02T06:32:21.324+0000] {dag.py:4180} INFO - Setting next_dagrun for local_evidence_build to None, run_after=None
[2026-06-02T06:32:21.351+0000] {processor.py:208} INFO - Processing /opt/airflow/dags/local_evidence_build.py took 1.132 seconds
[2026-06-02T06:32:52.058+0000] {processor.py:186} INFO - Started process (PID=3458) to work on /opt/airflow/dags/local_evidence_build.py
[2026-06-02T06:32:52.060+0000] {processor.py:914} INFO - Processing file /opt/airflow/dags/local_evidence_build.py for tasks to queue
[2026-06-02T06:32:52.064+0000] {logging_mixin.py:190} INFO - [2026-06-02T06:32:52.064+0000] {dagbag.py:588} INFO - Filling up the DagBag from /opt/airflow/dags/local_evidence_build.py
[2026-06-02T06:32:52.957+0000] {processor.py:925} INFO - DAG(s) 'local_evidence_build' retrieved from /opt/airflow/dags/local_evidence_build.py
[2026-06-02T06:32:52.988+0000] {logging_mixin.py:190} INFO - [2026-06-02T06:32:52.987+0000] {dag.py:3239} INFO - Sync 1 DAGs
[2026-06-02T06:32:53.003+0000] {logging_mixin.py:190} INFO - [2026-06-02T06:32:53.003+0000] {dag.py:4180} INFO - Setting next_dagrun for local_evidence_build to None, run_after=None
[2026-06-02T06:32:53.027+0000] {processor.py:208} INFO - Processing /opt/airflow/dags/local_evidence_build.py took 0.980 seconds
[2026-06-02T06:33:23.443+0000] {processor.py:186} INFO - Started process (PID=3593) to work on /opt/airflow/dags/local_evidence_build.py
[2026-06-02T06:33:23.447+0000] {processor.py:914} INFO - Processing file /opt/airflow/dags/local_evidence_build.py for tasks to queue
[2026-06-02T06:33:23.453+0000] {logging_mixin.py:190} INFO - [2026-06-02T06:33:23.452+0000] {dagbag.py:588} INFO - Filling up the DagBag from /opt/airflow/dags/local_evidence_build.py
[2026-06-02T06:33:24.563+0000] {processor.py:925} INFO - DAG(s) 'local_evidence_build' retrieved from /opt/airflow/dags/local_evidence_build.py
[2026-06-02T06:33:24.597+0000] {logging_mixin.py:190} INFO - [2026-06-02T06:33:24.596+0000] {dag.py:3239} INFO - Sync 1 DAGs
[2026-06-02T06:33:24.618+0000] {logging_mixin.py:190} INFO - [2026-06-02T06:33:24.617+0000] {dag.py:4180} INFO - Setting next_dagrun for local_evidence_build to None, run_after=None
[2026-06-02T06:33:24.644+0000] {processor.py:208} INFO - Processing /opt/airflow/dags/local_evidence_build.py took 1.211 seconds
[2026-06-02T06:33:55.117+0000] {processor.py:186} INFO - Started process (PID=3728) to work on /opt/airflow/dags/local_evidence_build.py
[2026-06-02T06:33:55.120+0000] {processor.py:914} INFO - Processing file /opt/airflow/dags/local_evidence_build.py for tasks to queue
[2026-06-02T06:33:55.128+0000] {logging_mixin.py:190} INFO - [2026-06-02T06:33:55.128+0000] {dagbag.py:588} INFO - Filling up the DagBag from /opt/airflow/dags/local_evidence_build.py
[2026-06-02T06:33:56.002+0000] {processor.py:925} INFO - DAG(s) 'local_evidence_build' retrieved from /opt/airflow/dags/local_evidence_build.py
[2026-06-02T06:33:56.037+0000] {logging_mixin.py:190} INFO - [2026-06-02T06:33:56.036+0000] {dag.py:3239} INFO - Sync 1 DAGs
[2026-06-02T06:33:56.054+0000] {logging_mixin.py:190} INFO - [2026-06-02T06:33:56.054+0000] {dag.py:4180} INFO - Setting next_dagrun for local_evidence_build to None, run_after=None
[2026-06-02T06:33:56.081+0000] {processor.py:208} INFO - Processing /opt/airflow/dags/local_evidence_build.py took 0.976 seconds
[2026-06-02T06:34:26.732+0000] {processor.py:186} INFO - Started process (PID=3863) to work on /opt/airflow/dags/local_evidence_build.py
[2026-06-02T06:34:26.734+0000] {processor.py:914} INFO - Processing file /opt/airflow/dags/local_evidence_build.py for tasks to queue
[2026-06-02T06:34:26.737+0000] {logging_mixin.py:190} INFO - [2026-06-02T06:34:26.737+0000] {dagbag.py:588} INFO - Filling up the DagBag from /opt/airflow/dags/local_evidence_build.py
[2026-06-02T06:34:27.665+0000] {processor.py:925} INFO - DAG(s) 'local_evidence_build' retrieved from /opt/airflow/dags/local_evidence_build.py
[2026-06-02T06:34:27.710+0000] {logging_mixin.py:190} INFO - [2026-06-02T06:34:27.709+0000] {dag.py:3239} INFO - Sync 1 DAGs
[2026-06-02T06:34:27.731+0000] {logging_mixin.py:190} INFO - [2026-06-02T06:34:27.730+0000] {dag.py:4180} INFO - Setting next_dagrun for local_evidence_build to None, run_after=None
[2026-06-02T06:34:27.760+0000] {processor.py:208} INFO - Processing /opt/airflow/dags/local_evidence_build.py took 1.039 seconds
[2026-06-02T06:34:58.337+0000] {processor.py:186} INFO - Started process (PID=3998) to work on /opt/airflow/dags/local_evidence_build.py
[2026-06-02T06:34:58.338+0000] {processor.py:914} INFO - Processing file /opt/airflow/dags/local_evidence_build.py for tasks to queue
[2026-06-02T06:34:58.343+0000] {logging_mixin.py:190} INFO - [2026-06-02T06:34:58.342+0000] {dagbag.py:588} INFO - Filling up the DagBag from /opt/airflow/dags/local_evidence_build.py
[2026-06-02T06:34:59.273+0000] {processor.py:925} INFO - DAG(s) 'local_evidence_build' retrieved from /opt/airflow/dags/local_evidence_build.py
[2026-06-02T06:34:59.308+0000] {logging_mixin.py:190} INFO - [2026-06-02T06:34:59.307+0000] {dag.py:3239} INFO - Sync 1 DAGs
[2026-06-02T06:34:59.324+0000] {logging_mixin.py:190} INFO - [2026-06-02T06:34:59.324+0000] {dag.py:4180} INFO - Setting next_dagrun for local_evidence_build to None, run_after=None
[2026-06-02T06:34:59.350+0000] {processor.py:208} INFO - Processing /opt/airflow/dags/local_evidence_build.py took 1.024 seconds
[2026-06-02T06:35:30.044+0000] {processor.py:186} INFO - Started process (PID=4133) to work on /opt/airflow/dags/local_evidence_build.py
[2026-06-02T06:35:30.049+0000] {processor.py:914} INFO - Processing file /opt/airflow/dags/local_evidence_build.py for tasks to queue
[2026-06-02T06:35:30.054+0000] {logging_mixin.py:190} INFO - [2026-06-02T06:35:30.053+0000] {dagbag.py:588} INFO - Filling up the DagBag from /opt/airflow/dags/local_evidence_build.py
[2026-06-02T06:35:30.991+0000] {processor.py:925} INFO - DAG(s) 'local_evidence_build' retrieved from /opt/airflow/dags/local_evidence_build.py
[2026-06-02T06:35:31.026+0000] {logging_mixin.py:190} INFO - [2026-06-02T06:35:31.026+0000] {dag.py:3239} INFO - Sync 1 DAGs
[2026-06-02T06:35:31.045+0000] {logging_mixin.py:190} INFO - [2026-06-02T06:35:31.045+0000] {dag.py:4180} INFO - Setting next_dagrun for local_evidence_build to None, run_after=None
[2026-06-02T06:35:31.076+0000] {processor.py:208} INFO - Processing /opt/airflow/dags/local_evidence_build.py took 1.045 seconds
[2026-06-02T06:36:01.739+0000] {processor.py:186} INFO - Started process (PID=4268) to work on /opt/airflow/dags/local_evidence_build.py
[2026-06-02T06:36:01.741+0000] {processor.py:914} INFO - Processing file /opt/airflow/dags/local_evidence_build.py for tasks to queue
[2026-06-02T06:36:01.748+0000] {logging_mixin.py:190} INFO - [2026-06-02T06:36:01.747+0000] {dagbag.py:588} INFO - Filling up the DagBag from /opt/airflow/dags/local_evidence_build.py
[2026-06-02T06:36:02.691+0000] {processor.py:925} INFO - DAG(s) 'local_evidence_build' retrieved from /opt/airflow/dags/local_evidence_build.py
[2026-06-02T06:36:02.725+0000] {logging_mixin.py:190} INFO - [2026-06-02T06:36:02.725+0000] {dag.py:3239} INFO - Sync 1 DAGs
[2026-06-02T06:36:02.742+0000] {logging_mixin.py:190} INFO - [2026-06-02T06:36:02.741+0000] {dag.py:4180} INFO - Setting next_dagrun for local_evidence_build to None, run_after=None
[2026-06-02T06:36:02.770+0000] {processor.py:208} INFO - Processing /opt/airflow/dags/local_evidence_build.py took 1.043 seconds
[2026-06-02T06:36:33.082+0000] {processor.py:186} INFO - Started process (PID=4403) to work on /opt/airflow/dags/local_evidence_build.py
[2026-06-02T06:36:33.084+0000] {processor.py:914} INFO - Processing file /opt/airflow/dags/local_evidence_build.py for tasks to queue
[2026-06-02T06:36:33.089+0000] {logging_mixin.py:190} INFO - [2026-06-02T06:36:33.088+0000] {dagbag.py:588} INFO - Filling up the DagBag from /opt/airflow/dags/local_evidence_build.py
[2026-06-02T06:36:34.791+0000] {processor.py:925} INFO - DAG(s) 'local_evidence_build' retrieved from /opt/airflow/dags/local_evidence_build.py
[2026-06-02T06:36:34.839+0000] {logging_mixin.py:190} INFO - [2026-06-02T06:36:34.839+0000] {dag.py:3239} INFO - Sync 1 DAGs
[2026-06-02T06:36:34.864+0000] {logging_mixin.py:190} INFO - [2026-06-02T06:36:34.864+0000] {dag.py:4180} INFO - Setting next_dagrun for local_evidence_build to None, run_after=None
[2026-06-02T06:36:34.905+0000] {processor.py:208} INFO - Processing /opt/airflow/dags/local_evidence_build.py took 1.833 seconds
[2026-06-02T06:37:05.488+0000] {processor.py:186} INFO - Started process (PID=4530) to work on /opt/airflow/dags/local_evidence_build.py
[2026-06-02T06:37:05.490+0000] {processor.py:914} INFO - Processing file /opt/airflow/dags/local_evidence_build.py for tasks to queue
[2026-06-02T06:37:05.495+0000] {logging_mixin.py:190} INFO - [2026-06-02T06:37:05.494+0000] {dagbag.py:588} INFO - Filling up the DagBag from /opt/airflow/dags/local_evidence_build.py
[2026-06-02T06:37:06.632+0000] {processor.py:925} INFO - DAG(s) 'local_evidence_build' retrieved from /opt/airflow/dags/local_evidence_build.py
[2026-06-02T06:37:06.676+0000] {logging_mixin.py:190} INFO - [2026-06-02T06:37:06.675+0000] {dag.py:3239} INFO - Sync 1 DAGs
[2026-06-02T06:37:06.698+0000] {logging_mixin.py:190} INFO - [2026-06-02T06:37:06.697+0000] {dag.py:4180} INFO - Setting next_dagrun for local_evidence_build to None, run_after=None
[2026-06-02T06:37:06.728+0000] {processor.py:208} INFO - Processing /opt/airflow/dags/local_evidence_build.py took 1.253 seconds
[2026-06-02T06:37:36.909+0000] {processor.py:186} INFO - Started process (PID=4665) to work on /opt/airflow/dags/local_evidence_build.py
[2026-06-02T06:37:36.910+0000] {processor.py:914} INFO - Processing file /opt/airflow/dags/local_evidence_build.py for tasks to queue
[2026-06-02T06:37:36.916+0000] {logging_mixin.py:190} INFO - [2026-06-02T06:37:36.915+0000] {dagbag.py:588} INFO - Filling up the DagBag from /opt/airflow/dags/local_evidence_build.py
[2026-06-02T06:37:38.145+0000] {processor.py:925} INFO - DAG(s) 'local_evidence_build' retrieved from /opt/airflow/dags/local_evidence_build.py
[2026-06-02T06:37:38.185+0000] {logging_mixin.py:190} INFO - [2026-06-02T06:37:38.185+0000] {dag.py:3239} INFO - Sync 1 DAGs
[2026-06-02T06:37:38.208+0000] {logging_mixin.py:190} INFO - [2026-06-02T06:37:38.208+0000] {dag.py:4180} INFO - Setting next_dagrun for local_evidence_build to None, run_after=None
[2026-06-02T06:37:38.242+0000] {processor.py:208} INFO - Processing /opt/airflow/dags/local_evidence_build.py took 1.349 seconds
[2026-06-02T06:38:08.839+0000] {processor.py:186} INFO - Started process (PID=4800) to work on /opt/airflow/dags/local_evidence_build.py
[2026-06-02T06:38:08.840+0000] {processor.py:914} INFO - Processing file /opt/airflow/dags/local_evidence_build.py for tasks to queue
[2026-06-02T06:38:08.845+0000] {logging_mixin.py:190} INFO - [2026-06-02T06:38:08.844+0000] {dagbag.py:588} INFO - Filling up the DagBag from /opt/airflow/dags/local_evidence_build.py
[2026-06-02T06:38:09.810+0000] {processor.py:925} INFO - DAG(s) 'local_evidence_build' retrieved from /opt/airflow/dags/local_evidence_build.py
[2026-06-02T06:38:09.846+0000] {logging_mixin.py:190} INFO - [2026-06-02T06:38:09.845+0000] {dag.py:3239} INFO - Sync 1 DAGs
[2026-06-02T06:38:09.863+0000] {logging_mixin.py:190} INFO - [2026-06-02T06:38:09.863+0000] {dag.py:4180} INFO - Setting next_dagrun for local_evidence_build to None, run_after=None
[2026-06-02T06:38:09.892+0000] {processor.py:208} INFO - Processing /opt/airflow/dags/local_evidence_build.py took 1.063 seconds
[2026-06-02T06:38:40.370+0000] {processor.py:186} INFO - Started process (PID=4935) to work on /opt/airflow/dags/local_evidence_build.py
[2026-06-02T06:38:40.371+0000] {processor.py:914} INFO - Processing file /opt/airflow/dags/local_evidence_build.py for tasks to queue
[2026-06-02T06:38:40.375+0000] {logging_mixin.py:190} INFO - [2026-06-02T06:38:40.374+0000] {dagbag.py:588} INFO - Filling up the DagBag from /opt/airflow/dags/local_evidence_build.py
[2026-06-02T06:38:41.311+0000] {processor.py:925} INFO - DAG(s) 'local_evidence_build' retrieved from /opt/airflow/dags/local_evidence_build.py
[2026-06-02T06:38:41.344+0000] {logging_mixin.py:190} INFO - [2026-06-02T06:38:41.343+0000] {dag.py:3239} INFO - Sync 1 DAGs
[2026-06-02T06:38:41.359+0000] {logging_mixin.py:190} INFO - [2026-06-02T06:38:41.359+0000] {dag.py:4180} INFO - Setting next_dagrun for local_evidence_build to None, run_after=None
[2026-06-02T06:38:41.384+0000] {processor.py:208} INFO - Processing /opt/airflow/dags/local_evidence_build.py took 1.024 seconds
[2026-06-02T06:39:11.999+0000] {processor.py:186} INFO - Started process (PID=5070) to work on /opt/airflow/dags/local_evidence_build.py
[2026-06-02T06:39:12.001+0000] {processor.py:914} INFO - Processing file /opt/airflow/dags/local_evidence_build.py for tasks to queue
[2026-06-02T06:39:12.005+0000] {logging_mixin.py:190} INFO - [2026-06-02T06:39:12.004+0000] {dagbag.py:588} INFO - Filling up the DagBag from /opt/airflow/dags/local_evidence_build.py
[2026-06-02T06:39:12.839+0000] {processor.py:925} INFO - DAG(s) 'local_evidence_build' retrieved from /opt/airflow/dags/local_evidence_build.py
[2026-06-02T06:39:12.871+0000] {logging_mixin.py:190} INFO - [2026-06-02T06:39:12.871+0000] {dag.py:3239} INFO - Sync 1 DAGs
[2026-06-02T06:39:12.886+0000] {logging_mixin.py:190} INFO - [2026-06-02T06:39:12.886+0000] {dag.py:4180} INFO - Setting next_dagrun for local_evidence_build to None, run_after=None
[2026-06-02T06:39:12.912+0000] {processor.py:208} INFO - Processing /opt/airflow/dags/local_evidence_build.py took 0.922 seconds
[2026-06-02T06:39:43.513+0000] {processor.py:186} INFO - Started process (PID=5206) to work on /opt/airflow/dags/local_evidence_build.py
[2026-06-02T06:39:43.515+0000] {processor.py:914} INFO - Processing file /opt/airflow/dags/local_evidence_build.py for tasks to queue
[2026-06-02T06:39:43.519+0000] {logging_mixin.py:190} INFO - [2026-06-02T06:39:43.518+0000] {dagbag.py:588} INFO - Filling up the DagBag from /opt/airflow/dags/local_evidence_build.py
[2026-06-02T06:39:44.771+0000] {processor.py:925} INFO - DAG(s) 'local_evidence_build' retrieved from /opt/airflow/dags/local_evidence_build.py
[2026-06-02T06:39:44.819+0000] {logging_mixin.py:190} INFO - [2026-06-02T06:39:44.818+0000] {dag.py:3239} INFO - Sync 1 DAGs
[2026-06-02T06:39:44.844+0000] {logging_mixin.py:190} INFO - [2026-06-02T06:39:44.843+0000] {dag.py:4180} INFO - Setting next_dagrun for local_evidence_build to None, run_after=None
[2026-06-02T06:39:44.880+0000] {processor.py:208} INFO - Processing /opt/airflow/dags/local_evidence_build.py took 1.379 seconds
[2026-06-02T06:40:15.203+0000] {processor.py:186} INFO - Started process (PID=5341) to work on /opt/airflow/dags/local_evidence_build.py
[2026-06-02T06:40:15.205+0000] {processor.py:914} INFO - Processing file /opt/airflow/dags/local_evidence_build.py for tasks to queue
[2026-06-02T06:40:15.210+0000] {logging_mixin.py:190} INFO - [2026-06-02T06:40:15.209+0000] {dagbag.py:588} INFO - Filling up the DagBag from /opt/airflow/dags/local_evidence_build.py
[2026-06-02T06:40:16.315+0000] {processor.py:925} INFO - DAG(s) 'local_evidence_build' retrieved from /opt/airflow/dags/local_evidence_build.py
[2026-06-02T06:40:16.385+0000] {logging_mixin.py:190} INFO - [2026-06-02T06:40:16.385+0000] {dag.py:3239} INFO - Sync 1 DAGs
[2026-06-02T06:40:16.417+0000] {logging_mixin.py:190} INFO - [2026-06-02T06:40:16.417+0000] {dag.py:4180} INFO - Setting next_dagrun for local_evidence_build to None, run_after=None
[2026-06-02T06:40:16.471+0000] {processor.py:208} INFO - Processing /opt/airflow/dags/local_evidence_build.py took 1.279 seconds
[2026-06-02T06:40:46.681+0000] {processor.py:186} INFO - Started process (PID=5476) to work on /opt/airflow/dags/local_evidence_build.py
[2026-06-02T06:40:46.683+0000] {processor.py:914} INFO - Processing file /opt/airflow/dags/local_evidence_build.py for tasks to queue
[2026-06-02T06:40:46.687+0000] {logging_mixin.py:190} INFO - [2026-06-02T06:40:46.686+0000] {dagbag.py:588} INFO - Filling up the DagBag from /opt/airflow/dags/local_evidence_build.py
[2026-06-02T06:40:47.757+0000] {processor.py:925} INFO - DAG(s) 'local_evidence_build' retrieved from /opt/airflow/dags/local_evidence_build.py
[2026-06-02T06:40:47.797+0000] {logging_mixin.py:190} INFO - [2026-06-02T06:40:47.796+0000] {dag.py:3239} INFO - Sync 1 DAGs
[2026-06-02T06:40:47.817+0000] {logging_mixin.py:190} INFO - [2026-06-02T06:40:47.816+0000] {dag.py:4180} INFO - Setting next_dagrun for local_evidence_build to None, run_after=None
[2026-06-02T06:40:47.849+0000] {processor.py:208} INFO - Processing /opt/airflow/dags/local_evidence_build.py took 1.182 seconds
[2026-06-02T06:41:18.032+0000] {processor.py:186} INFO - Started process (PID=5610) to work on /opt/airflow/dags/local_evidence_build.py
[2026-06-02T06:41:18.033+0000] {processor.py:914} INFO - Processing file /opt/airflow/dags/local_evidence_build.py for tasks to queue
[2026-06-02T06:41:18.037+0000] {logging_mixin.py:190} INFO - [2026-06-02T06:41:18.037+0000] {dagbag.py:588} INFO - Filling up the DagBag from /opt/airflow/dags/local_evidence_build.py
[2026-06-02T06:41:19.114+0000] {processor.py:925} INFO - DAG(s) 'local_evidence_build' retrieved from /opt/airflow/dags/local_evidence_build.py
[2026-06-02T06:41:19.156+0000] {logging_mixin.py:190} INFO - [2026-06-02T06:41:19.155+0000] {dag.py:3239} INFO - Sync 1 DAGs
[2026-06-02T06:41:19.176+0000] {logging_mixin.py:190} INFO - [2026-06-02T06:41:19.176+0000] {dag.py:4180} INFO - Setting next_dagrun for local_evidence_build to None, run_after=None
[2026-06-02T06:41:19.209+0000] {processor.py:208} INFO - Processing /opt/airflow/dags/local_evidence_build.py took 1.188 seconds
[2026-06-02T06:41:49.754+0000] {processor.py:186} INFO - Started process (PID=5737) to work on /opt/airflow/dags/local_evidence_build.py
[2026-06-02T06:41:49.756+0000] {processor.py:914} INFO - Processing file /opt/airflow/dags/local_evidence_build.py for tasks to queue
[2026-06-02T06:41:49.760+0000] {logging_mixin.py:190} INFO - [2026-06-02T06:41:49.760+0000] {dagbag.py:588} INFO - Filling up the DagBag from /opt/airflow/dags/local_evidence_build.py
[2026-06-02T06:41:50.955+0000] {processor.py:925} INFO - DAG(s) 'local_evidence_build' retrieved from /opt/airflow/dags/local_evidence_build.py
[2026-06-02T06:41:50.988+0000] {logging_mixin.py:190} INFO - [2026-06-02T06:41:50.988+0000] {dag.py:3239} INFO - Sync 1 DAGs
[2026-06-02T06:41:51.008+0000] {logging_mixin.py:190} INFO - [2026-06-02T06:41:51.007+0000] {dag.py:4180} INFO - Setting next_dagrun for local_evidence_build to None, run_after=None
[2026-06-02T06:41:51.036+0000] {processor.py:208} INFO - Processing /opt/airflow/dags/local_evidence_build.py took 1.293 seconds
[2026-06-02T06:42:21.729+0000] {processor.py:186} INFO - Started process (PID=5872) to work on /opt/airflow/dags/local_evidence_build.py
[2026-06-02T06:42:21.730+0000] {processor.py:914} INFO - Processing file /opt/airflow/dags/local_evidence_build.py for tasks to queue
[2026-06-02T06:42:21.735+0000] {logging_mixin.py:190} INFO - [2026-06-02T06:42:21.734+0000] {dagbag.py:588} INFO - Filling up the DagBag from /opt/airflow/dags/local_evidence_build.py
[2026-06-02T06:42:22.753+0000] {processor.py:925} INFO - DAG(s) 'local_evidence_build' retrieved from /opt/airflow/dags/local_evidence_build.py
[2026-06-02T06:42:22.786+0000] {logging_mixin.py:190} INFO - [2026-06-02T06:42:22.785+0000] {dag.py:3239} INFO - Sync 1 DAGs
[2026-06-02T06:42:22.802+0000] {logging_mixin.py:190} INFO - [2026-06-02T06:42:22.802+0000] {dag.py:4180} INFO - Setting next_dagrun for local_evidence_build to None, run_after=None
[2026-06-02T06:42:22.828+0000] {processor.py:208} INFO - Processing /opt/airflow/dags/local_evidence_build.py took 1.110 seconds
[2026-06-02T06:42:53.096+0000] {processor.py:186} INFO - Started process (PID=6007) to work on /opt/airflow/dags/local_evidence_build.py
[2026-06-02T06:42:53.098+0000] {processor.py:914} INFO - Processing file /opt/airflow/dags/local_evidence_build.py for tasks to queue
[2026-06-02T06:42:53.102+0000] {logging_mixin.py:190} INFO - [2026-06-02T06:42:53.101+0000] {dagbag.py:588} INFO - Filling up the DagBag from /opt/airflow/dags/local_evidence_build.py
[2026-06-02T06:42:54.101+0000] {processor.py:925} INFO - DAG(s) 'local_evidence_build' retrieved from /opt/airflow/dags/local_evidence_build.py
[2026-06-02T06:42:54.133+0000] {logging_mixin.py:190} INFO - [2026-06-02T06:42:54.133+0000] {dag.py:3239} INFO - Sync 1 DAGs
[2026-06-02T06:42:54.151+0000] {logging_mixin.py:190} INFO - [2026-06-02T06:42:54.151+0000] {dag.py:4180} INFO - Setting next_dagrun for local_evidence_build to None, run_after=None
[2026-06-02T06:42:54.177+0000] {processor.py:208} INFO - Processing /opt/airflow/dags/local_evidence_build.py took 1.092 seconds
[2026-06-02T06:43:24.381+0000] {processor.py:186} INFO - Started process (PID=6142) to work on /opt/airflow/dags/local_evidence_build.py
[2026-06-02T06:43:24.383+0000] {processor.py:914} INFO - Processing file /opt/airflow/dags/local_evidence_build.py for tasks to queue
[2026-06-02T06:43:24.387+0000] {logging_mixin.py:190} INFO - [2026-06-02T06:43:24.386+0000] {dagbag.py:588} INFO - Filling up the DagBag from /opt/airflow/dags/local_evidence_build.py
[2026-06-02T06:43:25.519+0000] {processor.py:925} INFO - DAG(s) 'local_evidence_build' retrieved from /opt/airflow/dags/local_evidence_build.py
[2026-06-02T06:43:25.553+0000] {logging_mixin.py:190} INFO - [2026-06-02T06:43:25.552+0000] {dag.py:3239} INFO - Sync 1 DAGs
[2026-06-02T06:43:25.570+0000] {logging_mixin.py:190} INFO - [2026-06-02T06:43:25.570+0000] {dag.py:4180} INFO - Setting next_dagrun for local_evidence_build to None, run_after=None
[2026-06-02T06:43:25.596+0000] {processor.py:208} INFO - Processing /opt/airflow/dags/local_evidence_build.py took 1.225 seconds
[2026-06-02T06:43:56.111+0000] {processor.py:186} INFO - Started process (PID=6278) to work on /opt/airflow/dags/local_evidence_build.py
[2026-06-02T06:43:56.113+0000] {processor.py:914} INFO - Processing file /opt/airflow/dags/local_evidence_build.py for tasks to queue
[2026-06-02T06:43:56.117+0000] {logging_mixin.py:190} INFO - [2026-06-02T06:43:56.116+0000] {dagbag.py:588} INFO - Filling up the DagBag from /opt/airflow/dags/local_evidence_build.py
[2026-06-02T06:43:57.224+0000] {processor.py:925} INFO - DAG(s) 'local_evidence_build' retrieved from /opt/airflow/dags/local_evidence_build.py
[2026-06-02T06:43:57.259+0000] {logging_mixin.py:190} INFO - [2026-06-02T06:43:57.258+0000] {dag.py:3239} INFO - Sync 1 DAGs
[2026-06-02T06:43:57.275+0000] {logging_mixin.py:190} INFO - [2026-06-02T06:43:57.275+0000] {dag.py:4180} INFO - Setting next_dagrun for local_evidence_build to None, run_after=None
[2026-06-02T06:43:57.305+0000] {processor.py:208} INFO - Processing /opt/airflow/dags/local_evidence_build.py took 1.206 seconds
[2026-06-02T06:44:27.755+0000] {processor.py:186} INFO - Started process (PID=6413) to work on /opt/airflow/dags/local_evidence_build.py
[2026-06-02T06:44:27.757+0000] {processor.py:914} INFO - Processing file /opt/airflow/dags/local_evidence_build.py for tasks to queue
[2026-06-02T06:44:27.762+0000] {logging_mixin.py:190} INFO - [2026-06-02T06:44:27.761+0000] {dagbag.py:588} INFO - Filling up the DagBag from /opt/airflow/dags/local_evidence_build.py
[2026-06-02T06:44:28.784+0000] {processor.py:925} INFO - DAG(s) 'local_evidence_build' retrieved from /opt/airflow/dags/local_evidence_build.py
[2026-06-02T06:44:28.815+0000] {logging_mixin.py:190} INFO - [2026-06-02T06:44:28.814+0000] {dag.py:3239} INFO - Sync 1 DAGs
[2026-06-02T06:44:28.830+0000] {logging_mixin.py:190} INFO - [2026-06-02T06:44:28.830+0000] {dag.py:4180} INFO - Setting next_dagrun for local_evidence_build to None, run_after=None
[2026-06-02T06:44:28.860+0000] {processor.py:208} INFO - Processing /opt/airflow/dags/local_evidence_build.py took 1.118 seconds
[2026-06-02T06:44:59.592+0000] {processor.py:186} INFO - Started process (PID=6548) to work on /opt/airflow/dags/local_evidence_build.py
[2026-06-02T06:44:59.596+0000] {processor.py:914} INFO - Processing file /opt/airflow/dags/local_evidence_build.py for tasks to queue
[2026-06-02T06:44:59.602+0000] {logging_mixin.py:190} INFO - [2026-06-02T06:44:59.601+0000] {dagbag.py:588} INFO - Filling up the DagBag from /opt/airflow/dags/local_evidence_build.py
[2026-06-02T06:45:00.707+0000] {processor.py:925} INFO - DAG(s) 'local_evidence_build' retrieved from /opt/airflow/dags/local_evidence_build.py
[2026-06-02T06:45:00.742+0000] {logging_mixin.py:190} INFO - [2026-06-02T06:45:00.740+0000] {dag.py:3239} INFO - Sync 1 DAGs
[2026-06-02T06:45:00.757+0000] {logging_mixin.py:190} INFO - [2026-06-02T06:45:00.757+0000] {dag.py:4180} INFO - Setting next_dagrun for local_evidence_build to None, run_after=None
[2026-06-02T06:45:00.788+0000] {processor.py:208} INFO - Processing /opt/airflow/dags/local_evidence_build.py took 1.211 seconds
[2026-06-02T06:45:31.615+0000] {processor.py:186} INFO - Started process (PID=6683) to work on /opt/airflow/dags/local_evidence_build.py
[2026-06-02T06:45:31.617+0000] {processor.py:914} INFO - Processing file /opt/airflow/dags/local_evidence_build.py for tasks to queue
[2026-06-02T06:45:31.621+0000] {logging_mixin.py:190} INFO - [2026-06-02T06:45:31.620+0000] {dagbag.py:588} INFO - Filling up the DagBag from /opt/airflow/dags/local_evidence_build.py
[2026-06-02T06:45:32.740+0000] {processor.py:925} INFO - DAG(s) 'local_evidence_build' retrieved from /opt/airflow/dags/local_evidence_build.py
[2026-06-02T06:45:32.779+0000] {logging_mixin.py:190} INFO - [2026-06-02T06:45:32.778+0000] {dag.py:3239} INFO - Sync 1 DAGs
[2026-06-02T06:45:32.795+0000] {logging_mixin.py:190} INFO - [2026-06-02T06:45:32.795+0000] {dag.py:4180} INFO - Setting next_dagrun for local_evidence_build to None, run_after=None
[2026-06-02T06:45:32.823+0000] {processor.py:208} INFO - Processing /opt/airflow/dags/local_evidence_build.py took 1.221 seconds
[2026-06-02T06:46:03.506+0000] {processor.py:186} INFO - Started process (PID=6818) to work on /opt/airflow/dags/local_evidence_build.py
[2026-06-02T06:46:03.508+0000] {processor.py:914} INFO - Processing file /opt/airflow/dags/local_evidence_build.py for tasks to queue
[2026-06-02T06:46:03.512+0000] {logging_mixin.py:190} INFO - [2026-06-02T06:46:03.511+0000] {dagbag.py:588} INFO - Filling up the DagBag from /opt/airflow/dags/local_evidence_build.py
[2026-06-02T06:46:04.646+0000] {processor.py:925} INFO - DAG(s) 'local_evidence_build' retrieved from /opt/airflow/dags/local_evidence_build.py
[2026-06-02T06:46:04.685+0000] {logging_mixin.py:190} INFO - [2026-06-02T06:46:04.685+0000] {dag.py:3239} INFO - Sync 1 DAGs
[2026-06-02T06:46:04.706+0000] {logging_mixin.py:190} INFO - [2026-06-02T06:46:04.706+0000] {dag.py:4180} INFO - Setting next_dagrun for local_evidence_build to None, run_after=None
[2026-06-02T06:46:04.740+0000] {processor.py:208} INFO - Processing /opt/airflow/dags/local_evidence_build.py took 1.245 seconds
[2026-06-02T06:46:35.298+0000] {processor.py:186} INFO - Started process (PID=6952) to work on /opt/airflow/dags/local_evidence_build.py
[2026-06-02T06:46:35.300+0000] {processor.py:914} INFO - Processing file /opt/airflow/dags/local_evidence_build.py for tasks to queue
[2026-06-02T06:46:35.304+0000] {logging_mixin.py:190} INFO - [2026-06-02T06:46:35.304+0000] {dagbag.py:588} INFO - Filling up the DagBag from /opt/airflow/dags/local_evidence_build.py
[2026-06-02T06:46:36.396+0000] {processor.py:925} INFO - DAG(s) 'local_evidence_build' retrieved from /opt/airflow/dags/local_evidence_build.py
[2026-06-02T06:46:36.433+0000] {logging_mixin.py:190} INFO - [2026-06-02T06:46:36.432+0000] {dag.py:3239} INFO - Sync 1 DAGs
[2026-06-02T06:46:36.448+0000] {logging_mixin.py:190} INFO - [2026-06-02T06:46:36.448+0000] {dag.py:4180} INFO - Setting next_dagrun for local_evidence_build to None, run_after=None
[2026-06-02T06:46:36.476+0000] {processor.py:208} INFO - Processing /opt/airflow/dags/local_evidence_build.py took 1.188 seconds
[2026-06-02T06:47:06.894+0000] {processor.py:186} INFO - Started process (PID=7079) to work on /opt/airflow/dags/local_evidence_build.py
[2026-06-02T06:47:06.896+0000] {processor.py:914} INFO - Processing file /opt/airflow/dags/local_evidence_build.py for tasks to queue
[2026-06-02T06:47:06.900+0000] {logging_mixin.py:190} INFO - [2026-06-02T06:47:06.900+0000] {dagbag.py:588} INFO - Filling up the DagBag from /opt/airflow/dags/local_evidence_build.py
[2026-06-02T06:47:07.961+0000] {processor.py:925} INFO - DAG(s) 'local_evidence_build' retrieved from /opt/airflow/dags/local_evidence_build.py
[2026-06-02T06:47:07.995+0000] {logging_mixin.py:190} INFO - [2026-06-02T06:47:07.994+0000] {dag.py:3239} INFO - Sync 1 DAGs
[2026-06-02T06:47:08.010+0000] {logging_mixin.py:190} INFO - [2026-06-02T06:47:08.010+0000] {dag.py:4180} INFO - Setting next_dagrun for local_evidence_build to None, run_after=None
[2026-06-02T06:47:08.041+0000] {processor.py:208} INFO - Processing /opt/airflow/dags/local_evidence_build.py took 1.158 seconds
[2026-06-02T06:47:38.488+0000] {processor.py:186} INFO - Started process (PID=7214) to work on /opt/airflow/dags/local_evidence_build.py
[2026-06-02T06:47:38.490+0000] {processor.py:914} INFO - Processing file /opt/airflow/dags/local_evidence_build.py for tasks to queue
[2026-06-02T06:47:38.495+0000] {logging_mixin.py:190} INFO - [2026-06-02T06:47:38.495+0000] {dagbag.py:588} INFO - Filling up the DagBag from /opt/airflow/dags/local_evidence_build.py
[2026-06-02T06:47:39.867+0000] {processor.py:925} INFO - DAG(s) 'local_evidence_build' retrieved from /opt/airflow/dags/local_evidence_build.py
[2026-06-02T06:47:39.926+0000] {logging_mixin.py:190} INFO - [2026-06-02T06:47:39.925+0000] {dag.py:3239} INFO - Sync 1 DAGs
[2026-06-02T06:47:39.953+0000] {logging_mixin.py:190} INFO - [2026-06-02T06:47:39.952+0000] {dag.py:4180} INFO - Setting next_dagrun for local_evidence_build to None, run_after=None
[2026-06-02T06:47:39.987+0000] {processor.py:208} INFO - Processing /opt/airflow/dags/local_evidence_build.py took 1.510 seconds
[2026-06-02T06:48:10.589+0000] {processor.py:186} INFO - Started process (PID=7349) to work on /opt/airflow/dags/local_evidence_build.py
[2026-06-02T06:48:10.590+0000] {processor.py:914} INFO - Processing file /opt/airflow/dags/local_evidence_build.py for tasks to queue
[2026-06-02T06:48:10.594+0000] {logging_mixin.py:190} INFO - [2026-06-02T06:48:10.593+0000] {dagbag.py:588} INFO - Filling up the DagBag from /opt/airflow/dags/local_evidence_build.py
[2026-06-02T06:48:11.509+0000] {processor.py:925} INFO - DAG(s) 'local_evidence_build' retrieved from /opt/airflow/dags/local_evidence_build.py
[2026-06-02T06:48:11.537+0000] {logging_mixin.py:190} INFO - [2026-06-02T06:48:11.537+0000] {dag.py:3239} INFO - Sync 1 DAGs
[2026-06-02T06:48:11.552+0000] {logging_mixin.py:190} INFO - [2026-06-02T06:48:11.551+0000] {dag.py:4180} INFO - Setting next_dagrun for local_evidence_build to None, run_after=None
[2026-06-02T06:48:11.572+0000] {processor.py:208} INFO - Processing /opt/airflow/dags/local_evidence_build.py took 0.993 seconds
[2026-06-02T06:48:41.717+0000] {processor.py:186} INFO - Started process (PID=7484) to work on /opt/airflow/dags/local_evidence_build.py
[2026-06-02T06:48:41.719+0000] {processor.py:914} INFO - Processing file /opt/airflow/dags/local_evidence_build.py for tasks to queue
[2026-06-02T06:48:41.722+0000] {logging_mixin.py:190} INFO - [2026-06-02T06:48:41.722+0000] {dagbag.py:588} INFO - Filling up the DagBag from /opt/airflow/dags/local_evidence_build.py
[2026-06-02T06:48:42.631+0000] {processor.py:925} INFO - DAG(s) 'local_evidence_build' retrieved from /opt/airflow/dags/local_evidence_build.py
[2026-06-02T06:48:42.661+0000] {logging_mixin.py:190} INFO - [2026-06-02T06:48:42.661+0000] {dag.py:3239} INFO - Sync 1 DAGs
[2026-06-02T06:48:42.679+0000] {logging_mixin.py:190} INFO - [2026-06-02T06:48:42.679+0000] {dag.py:4180} INFO - Setting next_dagrun for local_evidence_build to None, run_after=None
[2026-06-02T06:48:42.705+0000] {processor.py:208} INFO - Processing /opt/airflow/dags/local_evidence_build.py took 0.997 seconds
[2026-06-02T06:49:13.224+0000] {processor.py:186} INFO - Started process (PID=7619) to work on /opt/airflow/dags/local_evidence_build.py
[2026-06-02T06:49:13.225+0000] {processor.py:914} INFO - Processing file /opt/airflow/dags/local_evidence_build.py for tasks to queue
[2026-06-02T06:49:13.228+0000] {logging_mixin.py:190} INFO - [2026-06-02T06:49:13.228+0000] {dagbag.py:588} INFO - Filling up the DagBag from /opt/airflow/dags/local_evidence_build.py
[2026-06-02T06:49:14.112+0000] {processor.py:925} INFO - DAG(s) 'local_evidence_build' retrieved from /opt/airflow/dags/local_evidence_build.py
[2026-06-02T06:49:14.142+0000] {logging_mixin.py:190} INFO - [2026-06-02T06:49:14.141+0000] {dag.py:3239} INFO - Sync 1 DAGs
[2026-06-02T06:49:14.158+0000] {logging_mixin.py:190} INFO - [2026-06-02T06:49:14.157+0000] {dag.py:4180} INFO - Setting next_dagrun for local_evidence_build to None, run_after=None
[2026-06-02T06:49:14.181+0000] {processor.py:208} INFO - Processing /opt/airflow/dags/local_evidence_build.py took 0.967 seconds
[2026-06-02T06:49:44.789+0000] {processor.py:186} INFO - Started process (PID=7754) to work on /opt/airflow/dags/local_evidence_build.py
[2026-06-02T06:49:44.792+0000] {processor.py:914} INFO - Processing file /opt/airflow/dags/local_evidence_build.py for tasks to queue
[2026-06-02T06:49:44.796+0000] {logging_mixin.py:190} INFO - [2026-06-02T06:49:44.796+0000] {dagbag.py:588} INFO - Filling up the DagBag from /opt/airflow/dags/local_evidence_build.py
[2026-06-02T06:49:45.771+0000] {processor.py:925} INFO - DAG(s) 'local_evidence_build' retrieved from /opt/airflow/dags/local_evidence_build.py
[2026-06-02T06:49:45.800+0000] {logging_mixin.py:190} INFO - [2026-06-02T06:49:45.800+0000] {dag.py:3239} INFO - Sync 1 DAGs
[2026-06-02T06:49:45.814+0000] {logging_mixin.py:190} INFO - [2026-06-02T06:49:45.814+0000] {dag.py:4180} INFO - Setting next_dagrun for local_evidence_build to None, run_after=None
[2026-06-02T06:49:45.835+0000] {processor.py:208} INFO - Processing /opt/airflow/dags/local_evidence_build.py took 1.056 seconds
[2026-06-02T06:50:16.309+0000] {processor.py:186} INFO - Started process (PID=7889) to work on /opt/airflow/dags/local_evidence_build.py
[2026-06-02T06:50:16.310+0000] {processor.py:914} INFO - Processing file /opt/airflow/dags/local_evidence_build.py for tasks to queue
[2026-06-02T06:50:16.314+0000] {logging_mixin.py:190} INFO - [2026-06-02T06:50:16.314+0000] {dagbag.py:588} INFO - Filling up the DagBag from /opt/airflow/dags/local_evidence_build.py
[2026-06-02T06:50:17.212+0000] {processor.py:925} INFO - DAG(s) 'local_evidence_build' retrieved from /opt/airflow/dags/local_evidence_build.py
[2026-06-02T06:50:17.242+0000] {logging_mixin.py:190} INFO - [2026-06-02T06:50:17.242+0000] {dag.py:3239} INFO - Sync 1 DAGs
[2026-06-02T06:50:17.259+0000] {logging_mixin.py:190} INFO - [2026-06-02T06:50:17.258+0000] {dag.py:4180} INFO - Setting next_dagrun for local_evidence_build to None, run_after=None
[2026-06-02T06:50:17.290+0000] {processor.py:208} INFO - Processing /opt/airflow/dags/local_evidence_build.py took 0.990 seconds
[2026-06-02T06:50:47.729+0000] {processor.py:186} INFO - Started process (PID=8024) to work on /opt/airflow/dags/local_evidence_build.py
[2026-06-02T06:50:47.731+0000] {processor.py:914} INFO - Processing file /opt/airflow/dags/local_evidence_build.py for tasks to queue
[2026-06-02T06:50:47.735+0000] {logging_mixin.py:190} INFO - [2026-06-02T06:50:47.734+0000] {dagbag.py:588} INFO - Filling up the DagBag from /opt/airflow/dags/local_evidence_build.py
[2026-06-02T06:50:48.666+0000] {processor.py:925} INFO - DAG(s) 'local_evidence_build' retrieved from /opt/airflow/dags/local_evidence_build.py
[2026-06-02T06:50:48.694+0000] {logging_mixin.py:190} INFO - [2026-06-02T06:50:48.694+0000] {dag.py:3239} INFO - Sync 1 DAGs
[2026-06-02T06:50:48.709+0000] {logging_mixin.py:190} INFO - [2026-06-02T06:50:48.708+0000] {dag.py:4180} INFO - Setting next_dagrun for local_evidence_build to None, run_after=None
[2026-06-02T06:50:48.730+0000] {processor.py:208} INFO - Processing /opt/airflow/dags/local_evidence_build.py took 1.011 seconds
[2026-06-02T06:51:19.100+0000] {processor.py:186} INFO - Started process (PID=8159) to work on /opt/airflow/dags/local_evidence_build.py
[2026-06-02T06:51:19.101+0000] {processor.py:914} INFO - Processing file /opt/airflow/dags/local_evidence_build.py for tasks to queue
[2026-06-02T06:51:19.106+0000] {logging_mixin.py:190} INFO - [2026-06-02T06:51:19.105+0000] {dagbag.py:588} INFO - Filling up the DagBag from /opt/airflow/dags/local_evidence_build.py
[2026-06-02T06:51:20.099+0000] {processor.py:925} INFO - DAG(s) 'local_evidence_build' retrieved from /opt/airflow/dags/local_evidence_build.py
[2026-06-02T06:51:20.127+0000] {logging_mixin.py:190} INFO - [2026-06-02T06:51:20.127+0000] {dag.py:3239} INFO - Sync 1 DAGs
[2026-06-02T06:51:20.141+0000] {logging_mixin.py:190} INFO - [2026-06-02T06:51:20.140+0000] {dag.py:4180} INFO - Setting next_dagrun for local_evidence_build to None, run_after=None
[2026-06-02T06:51:20.165+0000] {processor.py:208} INFO - Processing /opt/airflow/dags/local_evidence_build.py took 1.075 seconds
[2026-06-02T06:51:50.593+0000] {processor.py:186} INFO - Started process (PID=8294) to work on /opt/airflow/dags/local_evidence_build.py
[2026-06-02T06:51:50.595+0000] {processor.py:914} INFO - Processing file /opt/airflow/dags/local_evidence_build.py for tasks to queue
[2026-06-02T06:51:50.599+0000] {logging_mixin.py:190} INFO - [2026-06-02T06:51:50.599+0000] {dagbag.py:588} INFO - Filling up the DagBag from /opt/airflow/dags/local_evidence_build.py
[2026-06-02T06:51:51.574+0000] {processor.py:925} INFO - DAG(s) 'local_evidence_build' retrieved from /opt/airflow/dags/local_evidence_build.py
[2026-06-02T06:51:51.604+0000] {logging_mixin.py:190} INFO - [2026-06-02T06:51:51.603+0000] {dag.py:3239} INFO - Sync 1 DAGs
[2026-06-02T06:51:51.620+0000] {logging_mixin.py:190} INFO - [2026-06-02T06:51:51.620+0000] {dag.py:4180} INFO - Setting next_dagrun for local_evidence_build to None, run_after=None
[2026-06-02T06:51:51.647+0000] {processor.py:208} INFO - Processing /opt/airflow/dags/local_evidence_build.py took 1.068 seconds
[2026-06-02T06:52:22.085+0000] {processor.py:186} INFO - Started process (PID=8429) to work on /opt/airflow/dags/local_evidence_build.py
[2026-06-02T06:52:22.089+0000] {processor.py:914} INFO - Processing file /opt/airflow/dags/local_evidence_build.py for tasks to queue
[2026-06-02T06:52:22.093+0000] {logging_mixin.py:190} INFO - [2026-06-02T06:52:22.093+0000] {dagbag.py:588} INFO - Filling up the DagBag from /opt/airflow/dags/local_evidence_build.py
[2026-06-02T06:52:22.967+0000] {processor.py:925} INFO - DAG(s) 'local_evidence_build' retrieved from /opt/airflow/dags/local_evidence_build.py
[2026-06-02T06:52:22.996+0000] {logging_mixin.py:190} INFO - [2026-06-02T06:52:22.996+0000] {dag.py:3239} INFO - Sync 1 DAGs
[2026-06-02T06:52:23.011+0000] {logging_mixin.py:190} INFO - [2026-06-02T06:52:23.011+0000] {dag.py:4180} INFO - Setting next_dagrun for local_evidence_build to None, run_after=None
[2026-06-02T06:52:23.037+0000] {processor.py:208} INFO - Processing /opt/airflow/dags/local_evidence_build.py took 0.963 seconds
[2026-06-02T06:52:53.497+0000] {processor.py:186} INFO - Started process (PID=8564) to work on /opt/airflow/dags/local_evidence_build.py
[2026-06-02T06:52:53.499+0000] {processor.py:914} INFO - Processing file /opt/airflow/dags/local_evidence_build.py for tasks to queue
[2026-06-02T06:52:53.505+0000] {logging_mixin.py:190} INFO - [2026-06-02T06:52:53.505+0000] {dagbag.py:588} INFO - Filling up the DagBag from /opt/airflow/dags/local_evidence_build.py
[2026-06-02T06:52:54.465+0000] {processor.py:925} INFO - DAG(s) 'local_evidence_build' retrieved from /opt/airflow/dags/local_evidence_build.py
[2026-06-02T06:52:54.500+0000] {logging_mixin.py:190} INFO - [2026-06-02T06:52:54.499+0000] {dag.py:3239} INFO - Sync 1 DAGs
[2026-06-02T06:52:54.517+0000] {logging_mixin.py:190} INFO - [2026-06-02T06:52:54.516+0000] {dag.py:4180} INFO - Setting next_dagrun for local_evidence_build to None, run_after=None
[2026-06-02T06:52:54.540+0000] {processor.py:208} INFO - Processing /opt/airflow/dags/local_evidence_build.py took 1.052 seconds
[2026-06-02T06:53:24.751+0000] {processor.py:186} INFO - Started process (PID=8698) to work on /opt/airflow/dags/local_evidence_build.py
[2026-06-02T06:53:24.753+0000] {processor.py:914} INFO - Processing file /opt/airflow/dags/local_evidence_build.py for tasks to queue
[2026-06-02T06:53:24.757+0000] {logging_mixin.py:190} INFO - [2026-06-02T06:53:24.756+0000] {dagbag.py:588} INFO - Filling up the DagBag from /opt/airflow/dags/local_evidence_build.py
[2026-06-02T06:53:25.667+0000] {processor.py:925} INFO - DAG(s) 'local_evidence_build' retrieved from /opt/airflow/dags/local_evidence_build.py
[2026-06-02T06:53:25.695+0000] {logging_mixin.py:190} INFO - [2026-06-02T06:53:25.694+0000] {dag.py:3239} INFO - Sync 1 DAGs
[2026-06-02T06:53:25.710+0000] {logging_mixin.py:190} INFO - [2026-06-02T06:53:25.709+0000] {dag.py:4180} INFO - Setting next_dagrun for local_evidence_build to None, run_after=None
[2026-06-02T06:53:25.731+0000] {processor.py:208} INFO - Processing /opt/airflow/dags/local_evidence_build.py took 0.989 seconds
[2026-06-02T06:53:56.034+0000] {processor.py:186} INFO - Started process (PID=8825) to work on /opt/airflow/dags/local_evidence_build.py
[2026-06-02T06:53:56.035+0000] {processor.py:914} INFO - Processing file /opt/airflow/dags/local_evidence_build.py for tasks to queue
[2026-06-02T06:53:56.039+0000] {logging_mixin.py:190} INFO - [2026-06-02T06:53:56.038+0000] {dagbag.py:588} INFO - Filling up the DagBag from /opt/airflow/dags/local_evidence_build.py
[2026-06-02T06:53:56.903+0000] {processor.py:925} INFO - DAG(s) 'local_evidence_build' retrieved from /opt/airflow/dags/local_evidence_build.py
[2026-06-02T06:53:56.931+0000] {logging_mixin.py:190} INFO - [2026-06-02T06:53:56.931+0000] {dag.py:3239} INFO - Sync 1 DAGs
[2026-06-02T06:53:56.945+0000] {logging_mixin.py:190} INFO - [2026-06-02T06:53:56.945+0000] {dag.py:4180} INFO - Setting next_dagrun for local_evidence_build to None, run_after=None
[2026-06-02T06:53:56.969+0000] {processor.py:208} INFO - Processing /opt/airflow/dags/local_evidence_build.py took 0.944 seconds
[2026-06-02T06:54:27.395+0000] {processor.py:186} INFO - Started process (PID=8960) to work on /opt/airflow/dags/local_evidence_build.py
[2026-06-02T06:54:27.396+0000] {processor.py:914} INFO - Processing file /opt/airflow/dags/local_evidence_build.py for tasks to queue
[2026-06-02T06:54:27.399+0000] {logging_mixin.py:190} INFO - [2026-06-02T06:54:27.399+0000] {dagbag.py:588} INFO - Filling up the DagBag from /opt/airflow/dags/local_evidence_build.py
[2026-06-02T06:54:28.339+0000] {processor.py:925} INFO - DAG(s) 'local_evidence_build' retrieved from /opt/airflow/dags/local_evidence_build.py
[2026-06-02T06:54:28.367+0000] {logging_mixin.py:190} INFO - [2026-06-02T06:54:28.366+0000] {dag.py:3239} INFO - Sync 1 DAGs
[2026-06-02T06:54:28.382+0000] {logging_mixin.py:190} INFO - [2026-06-02T06:54:28.382+0000] {dag.py:4180} INFO - Setting next_dagrun for local_evidence_build to None, run_after=None
[2026-06-02T06:54:28.409+0000] {processor.py:208} INFO - Processing /opt/airflow/dags/local_evidence_build.py took 1.024 seconds
[2026-06-02T06:54:58.705+0000] {processor.py:186} INFO - Started process (PID=9095) to work on /opt/airflow/dags/local_evidence_build.py
[2026-06-02T06:54:58.707+0000] {processor.py:914} INFO - Processing file /opt/airflow/dags/local_evidence_build.py for tasks to queue
[2026-06-02T06:54:58.710+0000] {logging_mixin.py:190} INFO - [2026-06-02T06:54:58.709+0000] {dagbag.py:588} INFO - Filling up the DagBag from /opt/airflow/dags/local_evidence_build.py
[2026-06-02T06:54:59.605+0000] {processor.py:925} INFO - DAG(s) 'local_evidence_build' retrieved from /opt/airflow/dags/local_evidence_build.py
[2026-06-02T06:54:59.634+0000] {logging_mixin.py:190} INFO - [2026-06-02T06:54:59.633+0000] {dag.py:3239} INFO - Sync 1 DAGs
[2026-06-02T06:54:59.649+0000] {logging_mixin.py:190} INFO - [2026-06-02T06:54:59.649+0000] {dag.py:4180} INFO - Setting next_dagrun for local_evidence_build to None, run_after=None
[2026-06-02T06:54:59.670+0000] {processor.py:208} INFO - Processing /opt/airflow/dags/local_evidence_build.py took 0.974 seconds
[2026-06-02T06:55:30.080+0000] {processor.py:186} INFO - Started process (PID=9230) to work on /opt/airflow/dags/local_evidence_build.py
[2026-06-02T06:55:30.081+0000] {processor.py:914} INFO - Processing file /opt/airflow/dags/local_evidence_build.py for tasks to queue
[2026-06-02T06:55:30.086+0000] {logging_mixin.py:190} INFO - [2026-06-02T06:55:30.086+0000] {dagbag.py:588} INFO - Filling up the DagBag from /opt/airflow/dags/local_evidence_build.py
[2026-06-02T06:55:30.961+0000] {processor.py:925} INFO - DAG(s) 'local_evidence_build' retrieved from /opt/airflow/dags/local_evidence_build.py
[2026-06-02T06:55:30.991+0000] {logging_mixin.py:190} INFO - [2026-06-02T06:55:30.990+0000] {dag.py:3239} INFO - Sync 1 DAGs
[2026-06-02T06:55:31.005+0000] {logging_mixin.py:190} INFO - [2026-06-02T06:55:31.005+0000] {dag.py:4180} INFO - Setting next_dagrun for local_evidence_build to None, run_after=None
[2026-06-02T06:55:31.028+0000] {processor.py:208} INFO - Processing /opt/airflow/dags/local_evidence_build.py took 0.958 seconds
[2026-06-02T06:56:01.488+0000] {processor.py:186} INFO - Started process (PID=9365) to work on /opt/airflow/dags/local_evidence_build.py
[2026-06-02T06:56:01.490+0000] {processor.py:914} INFO - Processing file /opt/airflow/dags/local_evidence_build.py for tasks to queue
[2026-06-02T06:56:01.494+0000] {logging_mixin.py:190} INFO - [2026-06-02T06:56:01.494+0000] {dagbag.py:588} INFO - Filling up the DagBag from /opt/airflow/dags/local_evidence_build.py
[2026-06-02T06:56:02.368+0000] {processor.py:925} INFO - DAG(s) 'local_evidence_build' retrieved from /opt/airflow/dags/local_evidence_build.py
[2026-06-02T06:56:02.396+0000] {logging_mixin.py:190} INFO - [2026-06-02T06:56:02.396+0000] {dag.py:3239} INFO - Sync 1 DAGs
[2026-06-02T06:56:02.413+0000] {logging_mixin.py:190} INFO - [2026-06-02T06:56:02.412+0000] {dag.py:4180} INFO - Setting next_dagrun for local_evidence_build to None, run_after=None
[2026-06-02T06:56:02.435+0000] {processor.py:208} INFO - Processing /opt/airflow/dags/local_evidence_build.py took 0.957 seconds
[2026-06-02T06:56:32.750+0000] {processor.py:186} INFO - Started process (PID=9500) to work on /opt/airflow/dags/local_evidence_build.py
[2026-06-02T06:56:32.751+0000] {processor.py:914} INFO - Processing file /opt/airflow/dags/local_evidence_build.py for tasks to queue
[2026-06-02T06:56:32.755+0000] {logging_mixin.py:190} INFO - [2026-06-02T06:56:32.754+0000] {dagbag.py:588} INFO - Filling up the DagBag from /opt/airflow/dags/local_evidence_build.py
[2026-06-02T06:56:33.666+0000] {processor.py:925} INFO - DAG(s) 'local_evidence_build' retrieved from /opt/airflow/dags/local_evidence_build.py
[2026-06-02T06:56:33.694+0000] {logging_mixin.py:190} INFO - [2026-06-02T06:56:33.694+0000] {dag.py:3239} INFO - Sync 1 DAGs
[2026-06-02T06:56:33.708+0000] {logging_mixin.py:190} INFO - [2026-06-02T06:56:33.707+0000] {dag.py:4180} INFO - Setting next_dagrun for local_evidence_build to None, run_after=None
[2026-06-02T06:56:33.732+0000] {processor.py:208} INFO - Processing /opt/airflow/dags/local_evidence_build.py took 0.992 seconds
[2026-06-02T06:57:04.104+0000] {processor.py:186} INFO - Started process (PID=9635) to work on /opt/airflow/dags/local_evidence_build.py
[2026-06-02T06:57:04.106+0000] {processor.py:914} INFO - Processing file /opt/airflow/dags/local_evidence_build.py for tasks to queue
[2026-06-02T06:57:04.109+0000] {logging_mixin.py:190} INFO - [2026-06-02T06:57:04.108+0000] {dagbag.py:588} INFO - Filling up the DagBag from /opt/airflow/dags/local_evidence_build.py
[2026-06-02T06:57:04.996+0000] {processor.py:925} INFO - DAG(s) 'local_evidence_build' retrieved from /opt/airflow/dags/local_evidence_build.py
[2026-06-02T06:57:05.024+0000] {logging_mixin.py:190} INFO - [2026-06-02T06:57:05.024+0000] {dag.py:3239} INFO - Sync 1 DAGs
[2026-06-02T06:57:05.038+0000] {logging_mixin.py:190} INFO - [2026-06-02T06:57:05.038+0000] {dag.py:4180} INFO - Setting next_dagrun for local_evidence_build to None, run_after=None
[2026-06-02T06:57:05.062+0000] {processor.py:208} INFO - Processing /opt/airflow/dags/local_evidence_build.py took 0.967 seconds
[2026-06-02T06:57:35.446+0000] {processor.py:186} INFO - Started process (PID=9770) to work on /opt/airflow/dags/local_evidence_build.py
[2026-06-02T06:57:35.448+0000] {processor.py:914} INFO - Processing file /opt/airflow/dags/local_evidence_build.py for tasks to queue
[2026-06-02T06:57:35.451+0000] {logging_mixin.py:190} INFO - [2026-06-02T06:57:35.451+0000] {dagbag.py:588} INFO - Filling up the DagBag from /opt/airflow/dags/local_evidence_build.py
[2026-06-02T06:57:36.389+0000] {processor.py:925} INFO - DAG(s) 'local_evidence_build' retrieved from /opt/airflow/dags/local_evidence_build.py
[2026-06-02T06:57:36.422+0000] {logging_mixin.py:190} INFO - [2026-06-02T06:57:36.422+0000] {dag.py:3239} INFO - Sync 1 DAGs
[2026-06-02T06:57:36.439+0000] {logging_mixin.py:190} INFO - [2026-06-02T06:57:36.438+0000] {dag.py:4180} INFO - Setting next_dagrun for local_evidence_build to None, run_after=None
[2026-06-02T06:57:36.470+0000] {processor.py:208} INFO - Processing /opt/airflow/dags/local_evidence_build.py took 1.034 seconds
[2026-06-02T06:58:06.850+0000] {processor.py:186} INFO - Started process (PID=9905) to work on /opt/airflow/dags/local_evidence_build.py
[2026-06-02T06:58:06.851+0000] {processor.py:914} INFO - Processing file /opt/airflow/dags/local_evidence_build.py for tasks to queue
[2026-06-02T06:58:06.854+0000] {logging_mixin.py:190} INFO - [2026-06-02T06:58:06.854+0000] {dagbag.py:588} INFO - Filling up the DagBag from /opt/airflow/dags/local_evidence_build.py
[2026-06-02T06:58:07.716+0000] {processor.py:925} INFO - DAG(s) 'local_evidence_build' retrieved from /opt/airflow/dags/local_evidence_build.py
[2026-06-02T06:58:07.744+0000] {logging_mixin.py:190} INFO - [2026-06-02T06:58:07.744+0000] {dag.py:3239} INFO - Sync 1 DAGs
[2026-06-02T06:58:07.759+0000] {logging_mixin.py:190} INFO - [2026-06-02T06:58:07.758+0000] {dag.py:4180} INFO - Setting next_dagrun for local_evidence_build to None, run_after=None
[2026-06-02T06:58:07.787+0000] {processor.py:208} INFO - Processing /opt/airflow/dags/local_evidence_build.py took 0.946 seconds
[2026-06-02T06:58:38.175+0000] {processor.py:186} INFO - Started process (PID=10040) to work on /opt/airflow/dags/local_evidence_build.py
[2026-06-02T06:58:38.177+0000] {processor.py:914} INFO - Processing file /opt/airflow/dags/local_evidence_build.py for tasks to queue
[2026-06-02T06:58:38.181+0000] {logging_mixin.py:190} INFO - [2026-06-02T06:58:38.180+0000] {dagbag.py:588} INFO - Filling up the DagBag from /opt/airflow/dags/local_evidence_build.py
[2026-06-02T06:58:39.074+0000] {processor.py:925} INFO - DAG(s) 'local_evidence_build' retrieved from /opt/airflow/dags/local_evidence_build.py
[2026-06-02T06:58:39.103+0000] {logging_mixin.py:190} INFO - [2026-06-02T06:58:39.102+0000] {dag.py:3239} INFO - Sync 1 DAGs
[2026-06-02T06:58:39.116+0000] {logging_mixin.py:190} INFO - [2026-06-02T06:58:39.116+0000] {dag.py:4180} INFO - Setting next_dagrun for local_evidence_build to None, run_after=None
[2026-06-02T06:58:39.139+0000] {processor.py:208} INFO - Processing /opt/airflow/dags/local_evidence_build.py took 0.973 seconds
[2026-06-02T06:59:09.662+0000] {processor.py:186} INFO - Started process (PID=10175) to work on /opt/airflow/dags/local_evidence_build.py
[2026-06-02T06:59:09.664+0000] {processor.py:914} INFO - Processing file /opt/airflow/dags/local_evidence_build.py for tasks to queue
[2026-06-02T06:59:09.668+0000] {logging_mixin.py:190} INFO - [2026-06-02T06:59:09.668+0000] {dagbag.py:588} INFO - Filling up the DagBag from /opt/airflow/dags/local_evidence_build.py
[2026-06-02T06:59:10.574+0000] {processor.py:925} INFO - DAG(s) 'local_evidence_build' retrieved from /opt/airflow/dags/local_evidence_build.py
[2026-06-02T06:59:10.601+0000] {logging_mixin.py:190} INFO - [2026-06-02T06:59:10.601+0000] {dag.py:3239} INFO - Sync 1 DAGs
[2026-06-02T06:59:10.615+0000] {logging_mixin.py:190} INFO - [2026-06-02T06:59:10.614+0000] {dag.py:4180} INFO - Setting next_dagrun for local_evidence_build to None, run_after=None
[2026-06-02T06:59:10.638+0000] {processor.py:208} INFO - Processing /opt/airflow/dags/local_evidence_build.py took 0.984 seconds
[2026-06-02T06:59:41.124+0000] {processor.py:186} INFO - Started process (PID=10310) to work on /opt/airflow/dags/local_evidence_build.py
[2026-06-02T06:59:41.125+0000] {processor.py:914} INFO - Processing file /opt/airflow/dags/local_evidence_build.py for tasks to queue
[2026-06-02T06:59:41.128+0000] {logging_mixin.py:190} INFO - [2026-06-02T06:59:41.128+0000] {dagbag.py:588} INFO - Filling up the DagBag from /opt/airflow/dags/local_evidence_build.py
[2026-06-02T06:59:42.027+0000] {processor.py:925} INFO - DAG(s) 'local_evidence_build' retrieved from /opt/airflow/dags/local_evidence_build.py
[2026-06-02T06:59:42.054+0000] {logging_mixin.py:190} INFO - [2026-06-02T06:59:42.054+0000] {dag.py:3239} INFO - Sync 1 DAGs
[2026-06-02T06:59:42.068+0000] {logging_mixin.py:190} INFO - [2026-06-02T06:59:42.067+0000] {dag.py:4180} INFO - Setting next_dagrun for local_evidence_build to None, run_after=None
[2026-06-02T06:59:42.091+0000] {processor.py:208} INFO - Processing /opt/airflow/dags/local_evidence_build.py took 0.977 seconds
[2026-06-02T07:00:12.536+0000] {processor.py:186} INFO - Started process (PID=10444) to work on /opt/airflow/dags/local_evidence_build.py
[2026-06-02T07:00:12.538+0000] {processor.py:914} INFO - Processing file /opt/airflow/dags/local_evidence_build.py for tasks to queue
[2026-06-02T07:00:12.541+0000] {logging_mixin.py:190} INFO - [2026-06-02T07:00:12.541+0000] {dagbag.py:588} INFO - Filling up the DagBag from /opt/airflow/dags/local_evidence_build.py
[2026-06-02T07:00:13.452+0000] {processor.py:925} INFO - DAG(s) 'local_evidence_build' retrieved from /opt/airflow/dags/local_evidence_build.py
[2026-06-02T07:00:13.482+0000] {logging_mixin.py:190} INFO - [2026-06-02T07:00:13.481+0000] {dag.py:3239} INFO - Sync 1 DAGs
[2026-06-02T07:00:13.500+0000] {logging_mixin.py:190} INFO - [2026-06-02T07:00:13.499+0000] {dag.py:4180} INFO - Setting next_dagrun for local_evidence_build to None, run_after=None
[2026-06-02T07:00:13.523+0000] {processor.py:208} INFO - Processing /opt/airflow/dags/local_evidence_build.py took 0.996 seconds
[2026-06-02T07:00:44.021+0000] {processor.py:186} INFO - Started process (PID=10571) to work on /opt/airflow/dags/local_evidence_build.py
[2026-06-02T07:00:44.022+0000] {processor.py:914} INFO - Processing file /opt/airflow/dags/local_evidence_build.py for tasks to queue
[2026-06-02T07:00:44.026+0000] {logging_mixin.py:190} INFO - [2026-06-02T07:00:44.025+0000] {dagbag.py:588} INFO - Filling up the DagBag from /opt/airflow/dags/local_evidence_build.py
[2026-06-02T07:00:44.980+0000] {processor.py:925} INFO - DAG(s) 'local_evidence_build' retrieved from /opt/airflow/dags/local_evidence_build.py
[2026-06-02T07:00:45.010+0000] {logging_mixin.py:190} INFO - [2026-06-02T07:00:45.009+0000] {dag.py:3239} INFO - Sync 1 DAGs
[2026-06-02T07:00:45.025+0000] {logging_mixin.py:190} INFO - [2026-06-02T07:00:45.025+0000] {dag.py:4180} INFO - Setting next_dagrun for local_evidence_build to None, run_after=None
[2026-06-02T07:00:45.050+0000] {processor.py:208} INFO - Processing /opt/airflow/dags/local_evidence_build.py took 1.038 seconds
[2026-06-02T07:01:15.363+0000] {processor.py:186} INFO - Started process (PID=10706) to work on /opt/airflow/dags/local_evidence_build.py
[2026-06-02T07:01:15.365+0000] {processor.py:914} INFO - Processing file /opt/airflow/dags/local_evidence_build.py for tasks to queue
[2026-06-02T07:01:15.369+0000] {logging_mixin.py:190} INFO - [2026-06-02T07:01:15.368+0000] {dagbag.py:588} INFO - Filling up the DagBag from /opt/airflow/dags/local_evidence_build.py
[2026-06-02T07:01:16.334+0000] {processor.py:925} INFO - DAG(s) 'local_evidence_build' retrieved from /opt/airflow/dags/local_evidence_build.py
[2026-06-02T07:01:16.363+0000] {logging_mixin.py:190} INFO - [2026-06-02T07:01:16.362+0000] {dag.py:3239} INFO - Sync 1 DAGs
[2026-06-02T07:01:16.377+0000] {logging_mixin.py:190} INFO - [2026-06-02T07:01:16.377+0000] {dag.py:4180} INFO - Setting next_dagrun for local_evidence_build to None, run_after=None
[2026-06-02T07:01:16.399+0000] {processor.py:208} INFO - Processing /opt/airflow/dags/local_evidence_build.py took 1.048 seconds
[2026-06-02T07:01:46.870+0000] {processor.py:186} INFO - Started process (PID=10841) to work on /opt/airflow/dags/local_evidence_build.py
[2026-06-02T07:01:46.871+0000] {processor.py:914} INFO - Processing file /opt/airflow/dags/local_evidence_build.py for tasks to queue
[2026-06-02T07:01:46.875+0000] {logging_mixin.py:190} INFO - [2026-06-02T07:01:46.875+0000] {dagbag.py:588} INFO - Filling up the DagBag from /opt/airflow/dags/local_evidence_build.py
[2026-06-02T07:01:47.754+0000] {processor.py:925} INFO - DAG(s) 'local_evidence_build' retrieved from /opt/airflow/dags/local_evidence_build.py
[2026-06-02T07:01:47.784+0000] {logging_mixin.py:190} INFO - [2026-06-02T07:01:47.784+0000] {dag.py:3239} INFO - Sync 1 DAGs
[2026-06-02T07:01:47.805+0000] {logging_mixin.py:190} INFO - [2026-06-02T07:01:47.805+0000] {dag.py:4180} INFO - Setting next_dagrun for local_evidence_build to None, run_after=None
[2026-06-02T07:01:47.834+0000] {processor.py:208} INFO - Processing /opt/airflow/dags/local_evidence_build.py took 0.973 seconds
[2026-06-02T07:02:18.234+0000] {processor.py:186} INFO - Started process (PID=10976) to work on /opt/airflow/dags/local_evidence_build.py
[2026-06-02T07:02:18.235+0000] {processor.py:914} INFO - Processing file /opt/airflow/dags/local_evidence_build.py for tasks to queue
[2026-06-02T07:02:18.238+0000] {logging_mixin.py:190} INFO - [2026-06-02T07:02:18.238+0000] {dagbag.py:588} INFO - Filling up the DagBag from /opt/airflow/dags/local_evidence_build.py
[2026-06-02T07:02:19.111+0000] {processor.py:925} INFO - DAG(s) 'local_evidence_build' retrieved from /opt/airflow/dags/local_evidence_build.py
[2026-06-02T07:02:19.139+0000] {logging_mixin.py:190} INFO - [2026-06-02T07:02:19.138+0000] {dag.py:3239} INFO - Sync 1 DAGs
[2026-06-02T07:02:19.152+0000] {logging_mixin.py:190} INFO - [2026-06-02T07:02:19.152+0000] {dag.py:4180} INFO - Setting next_dagrun for local_evidence_build to None, run_after=None
[2026-06-02T07:02:19.177+0000] {processor.py:208} INFO - Processing /opt/airflow/dags/local_evidence_build.py took 0.953 seconds
[2026-06-02T07:02:49.573+0000] {processor.py:186} INFO - Started process (PID=11111) to work on /opt/airflow/dags/local_evidence_build.py
[2026-06-02T07:02:49.575+0000] {processor.py:914} INFO - Processing file /opt/airflow/dags/local_evidence_build.py for tasks to queue
[2026-06-02T07:02:49.578+0000] {logging_mixin.py:190} INFO - [2026-06-02T07:02:49.578+0000] {dagbag.py:588} INFO - Filling up the DagBag from /opt/airflow/dags/local_evidence_build.py
[2026-06-02T07:02:50.450+0000] {processor.py:925} INFO - DAG(s) 'local_evidence_build' retrieved from /opt/airflow/dags/local_evidence_build.py
[2026-06-02T07:02:50.483+0000] {logging_mixin.py:190} INFO - [2026-06-02T07:02:50.483+0000] {dag.py:3239} INFO - Sync 1 DAGs
[2026-06-02T07:02:50.499+0000] {logging_mixin.py:190} INFO - [2026-06-02T07:02:50.499+0000] {dag.py:4180} INFO - Setting next_dagrun for local_evidence_build to None, run_after=None
[2026-06-02T07:02:50.523+0000] {processor.py:208} INFO - Processing /opt/airflow/dags/local_evidence_build.py took 0.958 seconds
[2026-06-02T07:03:21.002+0000] {processor.py:186} INFO - Started process (PID=11246) to work on /opt/airflow/dags/local_evidence_build.py
[2026-06-02T07:03:21.004+0000] {processor.py:914} INFO - Processing file /opt/airflow/dags/local_evidence_build.py for tasks to queue
[2026-06-02T07:03:21.007+0000] {logging_mixin.py:190} INFO - [2026-06-02T07:03:21.007+0000] {dagbag.py:588} INFO - Filling up the DagBag from /opt/airflow/dags/local_evidence_build.py
[2026-06-02T07:03:21.891+0000] {processor.py:925} INFO - DAG(s) 'local_evidence_build' retrieved from /opt/airflow/dags/local_evidence_build.py
[2026-06-02T07:03:21.923+0000] {logging_mixin.py:190} INFO - [2026-06-02T07:03:21.922+0000] {dag.py:3239} INFO - Sync 1 DAGs
[2026-06-02T07:03:21.941+0000] {logging_mixin.py:190} INFO - [2026-06-02T07:03:21.940+0000] {dag.py:4180} INFO - Setting next_dagrun for local_evidence_build to None, run_after=None
[2026-06-02T07:03:21.967+0000] {processor.py:208} INFO - Processing /opt/airflow/dags/local_evidence_build.py took 0.977 seconds
[2026-06-02T07:03:52.474+0000] {processor.py:186} INFO - Started process (PID=11381) to work on /opt/airflow/dags/local_evidence_build.py
[2026-06-02T07:03:52.475+0000] {processor.py:914} INFO - Processing file /opt/airflow/dags/local_evidence_build.py for tasks to queue
[2026-06-02T07:03:52.478+0000] {logging_mixin.py:190} INFO - [2026-06-02T07:03:52.478+0000] {dagbag.py:588} INFO - Filling up the DagBag from /opt/airflow/dags/local_evidence_build.py
[2026-06-02T07:03:53.492+0000] {processor.py:925} INFO - DAG(s) 'local_evidence_build' retrieved from /opt/airflow/dags/local_evidence_build.py
[2026-06-02T07:03:53.528+0000] {logging_mixin.py:190} INFO - [2026-06-02T07:03:53.527+0000] {dag.py:3239} INFO - Sync 1 DAGs
[2026-06-02T07:03:53.549+0000] {logging_mixin.py:190} INFO - [2026-06-02T07:03:53.549+0000] {dag.py:4180} INFO - Setting next_dagrun for local_evidence_build to None, run_after=None
[2026-06-02T07:03:53.581+0000] {processor.py:208} INFO - Processing /opt/airflow/dags/local_evidence_build.py took 1.117 seconds
[2026-06-02T07:04:27.424+0000] {processor.py:186} INFO - Started process (PID=11514) to work on /opt/airflow/dags/local_evidence_build.py
[2026-06-02T07:04:27.425+0000] {processor.py:914} INFO - Processing file /opt/airflow/dags/local_evidence_build.py for tasks to queue
[2026-06-02T07:04:27.430+0000] {logging_mixin.py:190} INFO - [2026-06-02T07:04:27.429+0000] {dagbag.py:588} INFO - Filling up the DagBag from /opt/airflow/dags/local_evidence_build.py
[2026-06-02T07:04:28.447+0000] {processor.py:925} INFO - DAG(s) 'local_evidence_build' retrieved from /opt/airflow/dags/local_evidence_build.py
[2026-06-02T07:04:28.485+0000] {logging_mixin.py:190} INFO - [2026-06-02T07:04:28.484+0000] {dag.py:3239} INFO - Sync 1 DAGs
[2026-06-02T07:04:28.501+0000] {logging_mixin.py:190} INFO - [2026-06-02T07:04:28.501+0000] {dag.py:4180} INFO - Setting next_dagrun for local_evidence_build to None, run_after=None
[2026-06-02T07:04:30.973+0000] {processor.py:208} INFO - Processing /opt/airflow/dags/local_evidence_build.py took 3.559 seconds
[2026-06-02T07:05:01.593+0000] {processor.py:186} INFO - Started process (PID=11651) to work on /opt/airflow/dags/local_evidence_build.py
[2026-06-02T07:05:01.594+0000] {processor.py:914} INFO - Processing file /opt/airflow/dags/local_evidence_build.py for tasks to queue
[2026-06-02T07:05:01.598+0000] {logging_mixin.py:190} INFO - [2026-06-02T07:05:01.597+0000] {dagbag.py:588} INFO - Filling up the DagBag from /opt/airflow/dags/local_evidence_build.py
[2026-06-02T07:05:02.545+0000] {processor.py:925} INFO - DAG(s) 'local_evidence_build' retrieved from /opt/airflow/dags/local_evidence_build.py
[2026-06-02T07:05:02.577+0000] {logging_mixin.py:190} INFO - [2026-06-02T07:05:02.577+0000] {dag.py:3239} INFO - Sync 1 DAGs
[2026-06-02T07:05:02.593+0000] {logging_mixin.py:190} INFO - [2026-06-02T07:05:02.593+0000] {dag.py:4180} INFO - Setting next_dagrun for local_evidence_build to None, run_after=None
[2026-06-02T07:05:02.639+0000] {processor.py:208} INFO - Processing /opt/airflow/dags/local_evidence_build.py took 1.056 seconds
[2026-06-02T07:05:33.218+0000] {processor.py:186} INFO - Started process (PID=11786) to work on /opt/airflow/dags/local_evidence_build.py
[2026-06-02T07:05:33.220+0000] {processor.py:914} INFO - Processing file /opt/airflow/dags/local_evidence_build.py for tasks to queue
[2026-06-02T07:05:33.223+0000] {logging_mixin.py:190} INFO - [2026-06-02T07:05:33.222+0000] {dagbag.py:588} INFO - Filling up the DagBag from /opt/airflow/dags/local_evidence_build.py
[2026-06-02T07:05:34.043+0000] {processor.py:925} INFO - DAG(s) 'local_evidence_build' retrieved from /opt/airflow/dags/local_evidence_build.py
[2026-06-02T07:05:34.076+0000] {logging_mixin.py:190} INFO - [2026-06-02T07:05:34.075+0000] {dag.py:3239} INFO - Sync 1 DAGs
[2026-06-02T07:05:34.091+0000] {logging_mixin.py:190} INFO - [2026-06-02T07:05:34.091+0000] {dag.py:4180} INFO - Setting next_dagrun for local_evidence_build to None, run_after=None
[2026-06-02T07:05:34.118+0000] {processor.py:208} INFO - Processing /opt/airflow/dags/local_evidence_build.py took 0.909 seconds
[2026-06-02T07:06:04.651+0000] {processor.py:186} INFO - Started process (PID=11921) to work on /opt/airflow/dags/local_evidence_build.py
[2026-06-02T07:06:04.652+0000] {processor.py:914} INFO - Processing file /opt/airflow/dags/local_evidence_build.py for tasks to queue
[2026-06-02T07:06:04.656+0000] {logging_mixin.py:190} INFO - [2026-06-02T07:06:04.656+0000] {dagbag.py:588} INFO - Filling up the DagBag from /opt/airflow/dags/local_evidence_build.py
[2026-06-02T07:06:05.500+0000] {processor.py:925} INFO - DAG(s) 'local_evidence_build' retrieved from /opt/airflow/dags/local_evidence_build.py
[2026-06-02T07:06:05.532+0000] {logging_mixin.py:190} INFO - [2026-06-02T07:06:05.531+0000] {dag.py:3239} INFO - Sync 1 DAGs
[2026-06-02T07:06:05.547+0000] {logging_mixin.py:190} INFO - [2026-06-02T07:06:05.547+0000] {dag.py:4180} INFO - Setting next_dagrun for local_evidence_build to None, run_after=None
[2026-06-02T07:06:05.575+0000] {processor.py:208} INFO - Processing /opt/airflow/dags/local_evidence_build.py took 0.933 seconds
[2026-06-02T07:06:36.069+0000] {processor.py:186} INFO - Started process (PID=12056) to work on /opt/airflow/dags/local_evidence_build.py
[2026-06-02T07:06:36.070+0000] {processor.py:914} INFO - Processing file /opt/airflow/dags/local_evidence_build.py for tasks to queue
[2026-06-02T07:06:36.075+0000] {logging_mixin.py:190} INFO - [2026-06-02T07:06:36.074+0000] {dagbag.py:588} INFO - Filling up the DagBag from /opt/airflow/dags/local_evidence_build.py
[2026-06-02T07:06:36.948+0000] {processor.py:925} INFO - DAG(s) 'local_evidence_build' retrieved from /opt/airflow/dags/local_evidence_build.py
[2026-06-02T07:06:36.982+0000] {logging_mixin.py:190} INFO - [2026-06-02T07:06:36.981+0000] {dag.py:3239} INFO - Sync 1 DAGs
[2026-06-02T07:06:37.002+0000] {logging_mixin.py:190} INFO - [2026-06-02T07:06:37.002+0000] {dag.py:4180} INFO - Setting next_dagrun for local_evidence_build to None, run_after=None
[2026-06-02T07:06:37.031+0000] {processor.py:208} INFO - Processing /opt/airflow/dags/local_evidence_build.py took 0.971 seconds
[2026-06-02T07:07:07.530+0000] {processor.py:186} INFO - Started process (PID=12191) to work on /opt/airflow/dags/local_evidence_build.py
[2026-06-02T07:07:07.532+0000] {processor.py:914} INFO - Processing file /opt/airflow/dags/local_evidence_build.py for tasks to queue
[2026-06-02T07:07:07.535+0000] {logging_mixin.py:190} INFO - [2026-06-02T07:07:07.534+0000] {dagbag.py:588} INFO - Filling up the DagBag from /opt/airflow/dags/local_evidence_build.py
[2026-06-02T07:07:08.411+0000] {processor.py:925} INFO - DAG(s) 'local_evidence_build' retrieved from /opt/airflow/dags/local_evidence_build.py
[2026-06-02T07:07:08.443+0000] {logging_mixin.py:190} INFO - [2026-06-02T07:07:08.443+0000] {dag.py:3239} INFO - Sync 1 DAGs
[2026-06-02T07:07:08.459+0000] {logging_mixin.py:190} INFO - [2026-06-02T07:07:08.458+0000] {dag.py:4180} INFO - Setting next_dagrun for local_evidence_build to None, run_after=None
[2026-06-02T07:07:08.481+0000] {processor.py:208} INFO - Processing /opt/airflow/dags/local_evidence_build.py took 0.961 seconds
[2026-06-02T07:07:38.843+0000] {processor.py:186} INFO - Started process (PID=12326) to work on /opt/airflow/dags/local_evidence_build.py
[2026-06-02T07:07:38.845+0000] {processor.py:914} INFO - Processing file /opt/airflow/dags/local_evidence_build.py for tasks to queue
[2026-06-02T07:07:38.848+0000] {logging_mixin.py:190} INFO - [2026-06-02T07:07:38.848+0000] {dagbag.py:588} INFO - Filling up the DagBag from /opt/airflow/dags/local_evidence_build.py
[2026-06-02T07:07:39.682+0000] {processor.py:925} INFO - DAG(s) 'local_evidence_build' retrieved from /opt/airflow/dags/local_evidence_build.py
[2026-06-02T07:07:39.712+0000] {logging_mixin.py:190} INFO - [2026-06-02T07:07:39.711+0000] {dag.py:3239} INFO - Sync 1 DAGs
[2026-06-02T07:07:39.727+0000] {logging_mixin.py:190} INFO - [2026-06-02T07:07:39.727+0000] {dag.py:4180} INFO - Setting next_dagrun for local_evidence_build to None, run_after=None
[2026-06-02T07:07:39.753+0000] {processor.py:208} INFO - Processing /opt/airflow/dags/local_evidence_build.py took 0.921 seconds
[2026-06-02T07:08:10.111+0000] {processor.py:186} INFO - Started process (PID=12461) to work on /opt/airflow/dags/local_evidence_build.py
[2026-06-02T07:08:10.112+0000] {processor.py:914} INFO - Processing file /opt/airflow/dags/local_evidence_build.py for tasks to queue
[2026-06-02T07:08:10.115+0000] {logging_mixin.py:190} INFO - [2026-06-02T07:08:10.115+0000] {dagbag.py:588} INFO - Filling up the DagBag from /opt/airflow/dags/local_evidence_build.py
[2026-06-02T07:08:10.996+0000] {processor.py:925} INFO - DAG(s) 'local_evidence_build' retrieved from /opt/airflow/dags/local_evidence_build.py
[2026-06-02T07:08:11.026+0000] {logging_mixin.py:190} INFO - [2026-06-02T07:08:11.026+0000] {dag.py:3239} INFO - Sync 1 DAGs
[2026-06-02T07:08:11.042+0000] {logging_mixin.py:190} INFO - [2026-06-02T07:08:11.041+0000] {dag.py:4180} INFO - Setting next_dagrun for local_evidence_build to None, run_after=None
[2026-06-02T07:08:11.064+0000] {processor.py:208} INFO - Processing /opt/airflow/dags/local_evidence_build.py took 0.962 seconds
[2026-06-02T07:08:41.508+0000] {processor.py:186} INFO - Started process (PID=12596) to work on /opt/airflow/dags/local_evidence_build.py
[2026-06-02T07:08:41.510+0000] {processor.py:914} INFO - Processing file /opt/airflow/dags/local_evidence_build.py for tasks to queue
[2026-06-02T07:08:41.513+0000] {logging_mixin.py:190} INFO - [2026-06-02T07:08:41.513+0000] {dagbag.py:588} INFO - Filling up the DagBag from /opt/airflow/dags/local_evidence_build.py
[2026-06-02T07:08:42.390+0000] {processor.py:925} INFO - DAG(s) 'local_evidence_build' retrieved from /opt/airflow/dags/local_evidence_build.py
[2026-06-02T07:08:42.420+0000] {logging_mixin.py:190} INFO - [2026-06-02T07:08:42.420+0000] {dag.py:3239} INFO - Sync 1 DAGs
[2026-06-02T07:08:42.435+0000] {logging_mixin.py:190} INFO - [2026-06-02T07:08:42.434+0000] {dag.py:4180} INFO - Setting next_dagrun for local_evidence_build to None, run_after=None
[2026-06-02T07:08:42.460+0000] {processor.py:208} INFO - Processing /opt/airflow/dags/local_evidence_build.py took 0.960 seconds
[2026-06-02T07:09:12.884+0000] {processor.py:186} INFO - Started process (PID=12730) to work on /opt/airflow/dags/local_evidence_build.py
[2026-06-02T07:09:12.886+0000] {processor.py:914} INFO - Processing file /opt/airflow/dags/local_evidence_build.py for tasks to queue
[2026-06-02T07:09:12.889+0000] {logging_mixin.py:190} INFO - [2026-06-02T07:09:12.889+0000] {dagbag.py:588} INFO - Filling up the DagBag from /opt/airflow/dags/local_evidence_build.py
[2026-06-02T07:09:13.712+0000] {processor.py:925} INFO - DAG(s) 'local_evidence_build' retrieved from /opt/airflow/dags/local_evidence_build.py
[2026-06-02T07:09:13.742+0000] {logging_mixin.py:190} INFO - [2026-06-02T07:09:13.742+0000] {dag.py:3239} INFO - Sync 1 DAGs
[2026-06-02T07:09:13.760+0000] {logging_mixin.py:190} INFO - [2026-06-02T07:09:13.760+0000] {dag.py:4180} INFO - Setting next_dagrun for local_evidence_build to None, run_after=None
[2026-06-02T07:09:13.788+0000] {processor.py:208} INFO - Processing /opt/airflow/dags/local_evidence_build.py took 0.912 seconds
[2026-06-02T07:09:44.288+0000] {processor.py:186} INFO - Started process (PID=12857) to work on /opt/airflow/dags/local_evidence_build.py
[2026-06-02T07:09:44.289+0000] {processor.py:914} INFO - Processing file /opt/airflow/dags/local_evidence_build.py for tasks to queue
[2026-06-02T07:09:44.293+0000] {logging_mixin.py:190} INFO - [2026-06-02T07:09:44.292+0000] {dagbag.py:588} INFO - Filling up the DagBag from /opt/airflow/dags/local_evidence_build.py
[2026-06-02T07:09:45.094+0000] {processor.py:925} INFO - DAG(s) 'local_evidence_build' retrieved from /opt/airflow/dags/local_evidence_build.py
[2026-06-02T07:09:45.126+0000] {logging_mixin.py:190} INFO - [2026-06-02T07:09:45.126+0000] {dag.py:3239} INFO - Sync 1 DAGs
[2026-06-02T07:09:45.142+0000] {logging_mixin.py:190} INFO - [2026-06-02T07:09:45.141+0000] {dag.py:4180} INFO - Setting next_dagrun for local_evidence_build to None, run_after=None
[2026-06-02T07:09:45.167+0000] {processor.py:208} INFO - Processing /opt/airflow/dags/local_evidence_build.py took 0.888 seconds
[2026-06-02T07:10:15.779+0000] {processor.py:186} INFO - Started process (PID=12992) to work on /opt/airflow/dags/local_evidence_build.py
[2026-06-02T07:10:15.782+0000] {processor.py:914} INFO - Processing file /opt/airflow/dags/local_evidence_build.py for tasks to queue
[2026-06-02T07:10:15.785+0000] {logging_mixin.py:190} INFO - [2026-06-02T07:10:15.785+0000] {dagbag.py:588} INFO - Filling up the DagBag from /opt/airflow/dags/local_evidence_build.py
[2026-06-02T07:10:16.696+0000] {processor.py:925} INFO - DAG(s) 'local_evidence_build' retrieved from /opt/airflow/dags/local_evidence_build.py
[2026-06-02T07:10:16.733+0000] {logging_mixin.py:190} INFO - [2026-06-02T07:10:16.732+0000] {dag.py:3239} INFO - Sync 1 DAGs
[2026-06-02T07:10:16.750+0000] {logging_mixin.py:190} INFO - [2026-06-02T07:10:16.749+0000] {dag.py:4180} INFO - Setting next_dagrun for local_evidence_build to None, run_after=None
[2026-06-02T07:10:16.780+0000] {processor.py:208} INFO - Processing /opt/airflow/dags/local_evidence_build.py took 1.011 seconds
[2026-06-02T07:10:47.278+0000] {processor.py:186} INFO - Started process (PID=13127) to work on /opt/airflow/dags/local_evidence_build.py
[2026-06-02T07:10:47.279+0000] {processor.py:914} INFO - Processing file /opt/airflow/dags/local_evidence_build.py for tasks to queue
[2026-06-02T07:10:47.283+0000] {logging_mixin.py:190} INFO - [2026-06-02T07:10:47.283+0000] {dagbag.py:588} INFO - Filling up the DagBag from /opt/airflow/dags/local_evidence_build.py
[2026-06-02T07:10:48.217+0000] {processor.py:925} INFO - DAG(s) 'local_evidence_build' retrieved from /opt/airflow/dags/local_evidence_build.py
[2026-06-02T07:10:48.253+0000] {logging_mixin.py:190} INFO - [2026-06-02T07:10:48.253+0000] {dag.py:3239} INFO - Sync 1 DAGs
[2026-06-02T07:10:48.270+0000] {logging_mixin.py:190} INFO - [2026-06-02T07:10:48.269+0000] {dag.py:4180} INFO - Setting next_dagrun for local_evidence_build to None, run_after=None
[2026-06-02T07:10:48.298+0000] {processor.py:208} INFO - Processing /opt/airflow/dags/local_evidence_build.py took 1.029 seconds
[2026-06-02T07:11:18.735+0000] {processor.py:186} INFO - Started process (PID=13262) to work on /opt/airflow/dags/local_evidence_build.py
[2026-06-02T07:11:18.737+0000] {processor.py:914} INFO - Processing file /opt/airflow/dags/local_evidence_build.py for tasks to queue
[2026-06-02T07:11:18.741+0000] {logging_mixin.py:190} INFO - [2026-06-02T07:11:18.740+0000] {dagbag.py:588} INFO - Filling up the DagBag from /opt/airflow/dags/local_evidence_build.py
[2026-06-02T07:11:19.607+0000] {processor.py:925} INFO - DAG(s) 'local_evidence_build' retrieved from /opt/airflow/dags/local_evidence_build.py
[2026-06-02T07:11:19.636+0000] {logging_mixin.py:190} INFO - [2026-06-02T07:11:19.635+0000] {dag.py:3239} INFO - Sync 1 DAGs
[2026-06-02T07:11:19.651+0000] {logging_mixin.py:190} INFO - [2026-06-02T07:11:19.651+0000] {dag.py:4180} INFO - Setting next_dagrun for local_evidence_build to None, run_after=None
[2026-06-02T07:11:19.678+0000] {processor.py:208} INFO - Processing /opt/airflow/dags/local_evidence_build.py took 0.952 seconds
[2026-06-02T07:11:50.085+0000] {processor.py:186} INFO - Started process (PID=13397) to work on /opt/airflow/dags/local_evidence_build.py
[2026-06-02T07:11:50.087+0000] {processor.py:914} INFO - Processing file /opt/airflow/dags/local_evidence_build.py for tasks to queue
[2026-06-02T07:11:50.091+0000] {logging_mixin.py:190} INFO - [2026-06-02T07:11:50.090+0000] {dagbag.py:588} INFO - Filling up the DagBag from /opt/airflow/dags/local_evidence_build.py
[2026-06-02T07:11:51.050+0000] {processor.py:925} INFO - DAG(s) 'local_evidence_build' retrieved from /opt/airflow/dags/local_evidence_build.py
[2026-06-02T07:11:51.085+0000] {logging_mixin.py:190} INFO - [2026-06-02T07:11:51.084+0000] {dag.py:3239} INFO - Sync 1 DAGs
[2026-06-02T07:11:51.105+0000] {logging_mixin.py:190} INFO - [2026-06-02T07:11:51.105+0000] {dag.py:4180} INFO - Setting next_dagrun for local_evidence_build to None, run_after=None
[2026-06-02T07:11:51.132+0000] {processor.py:208} INFO - Processing /opt/airflow/dags/local_evidence_build.py took 1.056 seconds
[2026-06-02T07:12:21.551+0000] {processor.py:186} INFO - Started process (PID=13532) to work on /opt/airflow/dags/local_evidence_build.py
[2026-06-02T07:12:21.553+0000] {processor.py:914} INFO - Processing file /opt/airflow/dags/local_evidence_build.py for tasks to queue
[2026-06-02T07:12:21.557+0000] {logging_mixin.py:190} INFO - [2026-06-02T07:12:21.556+0000] {dagbag.py:588} INFO - Filling up the DagBag from /opt/airflow/dags/local_evidence_build.py
[2026-06-02T07:12:22.382+0000] {processor.py:925} INFO - DAG(s) 'local_evidence_build' retrieved from /opt/airflow/dags/local_evidence_build.py
[2026-06-02T07:12:22.414+0000] {logging_mixin.py:190} INFO - [2026-06-02T07:12:22.414+0000] {dag.py:3239} INFO - Sync 1 DAGs
[2026-06-02T07:12:22.431+0000] {logging_mixin.py:190} INFO - [2026-06-02T07:12:22.431+0000] {dag.py:4180} INFO - Setting next_dagrun for local_evidence_build to None, run_after=None
[2026-06-02T07:12:22.456+0000] {processor.py:208} INFO - Processing /opt/airflow/dags/local_evidence_build.py took 0.913 seconds
[2026-06-02T07:12:52.979+0000] {processor.py:186} INFO - Started process (PID=13667) to work on /opt/airflow/dags/local_evidence_build.py
[2026-06-02T07:12:52.980+0000] {processor.py:914} INFO - Processing file /opt/airflow/dags/local_evidence_build.py for tasks to queue
[2026-06-02T07:12:52.984+0000] {logging_mixin.py:190} INFO - [2026-06-02T07:12:52.983+0000] {dagbag.py:588} INFO - Filling up the DagBag from /opt/airflow/dags/local_evidence_build.py
[2026-06-02T07:12:53.854+0000] {processor.py:925} INFO - DAG(s) 'local_evidence_build' retrieved from /opt/airflow/dags/local_evidence_build.py
[2026-06-02T07:12:53.887+0000] {logging_mixin.py:190} INFO - [2026-06-02T07:12:53.887+0000] {dag.py:3239} INFO - Sync 1 DAGs
[2026-06-02T07:12:53.904+0000] {logging_mixin.py:190} INFO - [2026-06-02T07:12:53.904+0000] {dag.py:4180} INFO - Setting next_dagrun for local_evidence_build to None, run_after=None
[2026-06-02T07:12:53.930+0000] {processor.py:208} INFO - Processing /opt/airflow/dags/local_evidence_build.py took 0.960 seconds
[2026-06-02T07:13:24.244+0000] {processor.py:186} INFO - Started process (PID=13802) to work on /opt/airflow/dags/local_evidence_build.py
[2026-06-02T07:13:24.245+0000] {processor.py:914} INFO - Processing file /opt/airflow/dags/local_evidence_build.py for tasks to queue
[2026-06-02T07:13:24.248+0000] {logging_mixin.py:190} INFO - [2026-06-02T07:13:24.248+0000] {dagbag.py:588} INFO - Filling up the DagBag from /opt/airflow/dags/local_evidence_build.py
[2026-06-02T07:13:25.112+0000] {processor.py:925} INFO - DAG(s) 'local_evidence_build' retrieved from /opt/airflow/dags/local_evidence_build.py
[2026-06-02T07:13:25.151+0000] {logging_mixin.py:190} INFO - [2026-06-02T07:13:25.150+0000] {dag.py:3239} INFO - Sync 1 DAGs
[2026-06-02T07:13:25.171+0000] {logging_mixin.py:190} INFO - [2026-06-02T07:13:25.170+0000] {dag.py:4180} INFO - Setting next_dagrun for local_evidence_build to None, run_after=None
[2026-06-02T07:13:25.194+0000] {processor.py:208} INFO - Processing /opt/airflow/dags/local_evidence_build.py took 0.960 seconds
[2026-06-02T07:13:55.587+0000] {processor.py:186} INFO - Started process (PID=13938) to work on /opt/airflow/dags/local_evidence_build.py
[2026-06-02T07:13:55.589+0000] {processor.py:914} INFO - Processing file /opt/airflow/dags/local_evidence_build.py for tasks to queue
[2026-06-02T07:13:55.592+0000] {logging_mixin.py:190} INFO - [2026-06-02T07:13:55.592+0000] {dagbag.py:588} INFO - Filling up the DagBag from /opt/airflow/dags/local_evidence_build.py
[2026-06-02T07:13:56.630+0000] {processor.py:925} INFO - DAG(s) 'local_evidence_build' retrieved from /opt/airflow/dags/local_evidence_build.py
[2026-06-02T07:13:56.666+0000] {logging_mixin.py:190} INFO - [2026-06-02T07:13:56.665+0000] {dag.py:3239} INFO - Sync 1 DAGs
[2026-06-02T07:13:56.682+0000] {logging_mixin.py:190} INFO - [2026-06-02T07:13:56.681+0000] {dag.py:4180} INFO - Setting next_dagrun for local_evidence_build to None, run_after=None
[2026-06-02T07:13:56.711+0000] {processor.py:208} INFO - Processing /opt/airflow/dags/local_evidence_build.py took 1.134 seconds
[2026-06-02T07:14:27.139+0000] {processor.py:186} INFO - Started process (PID=14073) to work on /opt/airflow/dags/local_evidence_build.py
[2026-06-02T07:14:27.140+0000] {processor.py:914} INFO - Processing file /opt/airflow/dags/local_evidence_build.py for tasks to queue
[2026-06-02T07:14:27.144+0000] {logging_mixin.py:190} INFO - [2026-06-02T07:14:27.144+0000] {dagbag.py:588} INFO - Filling up the DagBag from /opt/airflow/dags/local_evidence_build.py
[2026-06-02T07:14:27.971+0000] {processor.py:925} INFO - DAG(s) 'local_evidence_build' retrieved from /opt/airflow/dags/local_evidence_build.py
[2026-06-02T07:14:28.004+0000] {logging_mixin.py:190} INFO - [2026-06-02T07:14:28.004+0000] {dag.py:3239} INFO - Sync 1 DAGs
[2026-06-02T07:14:28.020+0000] {logging_mixin.py:190} INFO - [2026-06-02T07:14:28.020+0000] {dag.py:4180} INFO - Setting next_dagrun for local_evidence_build to None, run_after=None
[2026-06-02T07:14:28.048+0000] {processor.py:208} INFO - Processing /opt/airflow/dags/local_evidence_build.py took 0.919 seconds
[2026-06-02T07:14:58.612+0000] {processor.py:186} INFO - Started process (PID=14208) to work on /opt/airflow/dags/local_evidence_build.py
[2026-06-02T07:14:58.614+0000] {processor.py:914} INFO - Processing file /opt/airflow/dags/local_evidence_build.py for tasks to queue
[2026-06-02T07:14:58.618+0000] {logging_mixin.py:190} INFO - [2026-06-02T07:14:58.617+0000] {dagbag.py:588} INFO - Filling up the DagBag from /opt/airflow/dags/local_evidence_build.py
[2026-06-02T07:14:59.453+0000] {processor.py:925} INFO - DAG(s) 'local_evidence_build' retrieved from /opt/airflow/dags/local_evidence_build.py
[2026-06-02T07:14:59.483+0000] {logging_mixin.py:190} INFO - [2026-06-02T07:14:59.483+0000] {dag.py:3239} INFO - Sync 1 DAGs
[2026-06-02T07:14:59.500+0000] {logging_mixin.py:190} INFO - [2026-06-02T07:14:59.499+0000] {dag.py:4180} INFO - Setting next_dagrun for local_evidence_build to None, run_after=None
[2026-06-02T07:14:59.522+0000] {processor.py:208} INFO - Processing /opt/airflow/dags/local_evidence_build.py took 0.919 seconds
[2026-06-02T07:15:30.050+0000] {processor.py:186} INFO - Started process (PID=14343) to work on /opt/airflow/dags/local_evidence_build.py
[2026-06-02T07:15:30.052+0000] {processor.py:914} INFO - Processing file /opt/airflow/dags/local_evidence_build.py for tasks to queue
[2026-06-02T07:15:30.057+0000] {logging_mixin.py:190} INFO - [2026-06-02T07:15:30.056+0000] {dagbag.py:588} INFO - Filling up the DagBag from /opt/airflow/dags/local_evidence_build.py
[2026-06-02T07:15:30.901+0000] {processor.py:925} INFO - DAG(s) 'local_evidence_build' retrieved from /opt/airflow/dags/local_evidence_build.py
[2026-06-02T07:15:30.935+0000] {logging_mixin.py:190} INFO - [2026-06-02T07:15:30.935+0000] {dag.py:3239} INFO - Sync 1 DAGs
[2026-06-02T07:15:30.951+0000] {logging_mixin.py:190} INFO - [2026-06-02T07:15:30.951+0000] {dag.py:4180} INFO - Setting next_dagrun for local_evidence_build to None, run_after=None
[2026-06-02T07:15:30.976+0000] {processor.py:208} INFO - Processing /opt/airflow/dags/local_evidence_build.py took 0.938 seconds
[2026-06-02T07:16:01.454+0000] {processor.py:186} INFO - Started process (PID=14478) to work on /opt/airflow/dags/local_evidence_build.py
[2026-06-02T07:16:01.456+0000] {processor.py:914} INFO - Processing file /opt/airflow/dags/local_evidence_build.py for tasks to queue
[2026-06-02T07:16:01.459+0000] {logging_mixin.py:190} INFO - [2026-06-02T07:16:01.458+0000] {dagbag.py:588} INFO - Filling up the DagBag from /opt/airflow/dags/local_evidence_build.py
[2026-06-02T07:16:02.344+0000] {processor.py:925} INFO - DAG(s) 'local_evidence_build' retrieved from /opt/airflow/dags/local_evidence_build.py
[2026-06-02T07:16:02.379+0000] {logging_mixin.py:190} INFO - [2026-06-02T07:16:02.378+0000] {dag.py:3239} INFO - Sync 1 DAGs
[2026-06-02T07:16:02.393+0000] {logging_mixin.py:190} INFO - [2026-06-02T07:16:02.393+0000] {dag.py:4180} INFO - Setting next_dagrun for local_evidence_build to None, run_after=None
[2026-06-02T07:16:02.416+0000] {processor.py:208} INFO - Processing /opt/airflow/dags/local_evidence_build.py took 0.970 seconds
[2026-06-02T07:16:32.884+0000] {processor.py:186} INFO - Started process (PID=14612) to work on /opt/airflow/dags/local_evidence_build.py
[2026-06-02T07:16:32.885+0000] {processor.py:914} INFO - Processing file /opt/airflow/dags/local_evidence_build.py for tasks to queue
[2026-06-02T07:16:32.889+0000] {logging_mixin.py:190} INFO - [2026-06-02T07:16:32.888+0000] {dagbag.py:588} INFO - Filling up the DagBag from /opt/airflow/dags/local_evidence_build.py
[2026-06-02T07:16:33.905+0000] {processor.py:925} INFO - DAG(s) 'local_evidence_build' retrieved from /opt/airflow/dags/local_evidence_build.py
[2026-06-02T07:16:33.950+0000] {logging_mixin.py:190} INFO - [2026-06-02T07:16:33.949+0000] {dag.py:3239} INFO - Sync 1 DAGs
[2026-06-02T07:16:33.973+0000] {logging_mixin.py:190} INFO - [2026-06-02T07:16:33.972+0000] {dag.py:4180} INFO - Setting next_dagrun for local_evidence_build to None, run_after=None
[2026-06-02T07:16:34.006+0000] {processor.py:208} INFO - Processing /opt/airflow/dags/local_evidence_build.py took 1.131 seconds
[2026-06-02T07:17:04.338+0000] {processor.py:186} INFO - Started process (PID=14739) to work on /opt/airflow/dags/local_evidence_build.py
[2026-06-02T07:17:04.339+0000] {processor.py:914} INFO - Processing file /opt/airflow/dags/local_evidence_build.py for tasks to queue
[2026-06-02T07:17:04.343+0000] {logging_mixin.py:190} INFO - [2026-06-02T07:17:04.342+0000] {dagbag.py:588} INFO - Filling up the DagBag from /opt/airflow/dags/local_evidence_build.py
[2026-06-02T07:17:05.200+0000] {processor.py:925} INFO - DAG(s) 'local_evidence_build' retrieved from /opt/airflow/dags/local_evidence_build.py
[2026-06-02T07:17:05.233+0000] {logging_mixin.py:190} INFO - [2026-06-02T07:17:05.233+0000] {dag.py:3239} INFO - Sync 1 DAGs
[2026-06-02T07:17:05.249+0000] {logging_mixin.py:190} INFO - [2026-06-02T07:17:05.248+0000] {dag.py:4180} INFO - Setting next_dagrun for local_evidence_build to None, run_after=None
[2026-06-02T07:17:05.273+0000] {processor.py:208} INFO - Processing /opt/airflow/dags/local_evidence_build.py took 0.945 seconds
[2026-06-02T07:17:35.911+0000] {processor.py:186} INFO - Started process (PID=14874) to work on /opt/airflow/dags/local_evidence_build.py
[2026-06-02T07:17:35.912+0000] {processor.py:914} INFO - Processing file /opt/airflow/dags/local_evidence_build.py for tasks to queue
[2026-06-02T07:17:35.916+0000] {logging_mixin.py:190} INFO - [2026-06-02T07:17:35.915+0000] {dagbag.py:588} INFO - Filling up the DagBag from /opt/airflow/dags/local_evidence_build.py
[2026-06-02T07:17:36.834+0000] {processor.py:925} INFO - DAG(s) 'local_evidence_build' retrieved from /opt/airflow/dags/local_evidence_build.py
[2026-06-02T07:17:36.864+0000] {logging_mixin.py:190} INFO - [2026-06-02T07:17:36.863+0000] {dag.py:3239} INFO - Sync 1 DAGs
[2026-06-02T07:17:36.880+0000] {logging_mixin.py:190} INFO - [2026-06-02T07:17:36.880+0000] {dag.py:4180} INFO - Setting next_dagrun for local_evidence_build to None, run_after=None
[2026-06-02T07:17:36.902+0000] {processor.py:208} INFO - Processing /opt/airflow/dags/local_evidence_build.py took 1.000 seconds
[2026-06-02T07:18:07.317+0000] {processor.py:186} INFO - Started process (PID=15009) to work on /opt/airflow/dags/local_evidence_build.py
[2026-06-02T07:18:07.318+0000] {processor.py:914} INFO - Processing file /opt/airflow/dags/local_evidence_build.py for tasks to queue
[2026-06-02T07:18:07.322+0000] {logging_mixin.py:190} INFO - [2026-06-02T07:18:07.322+0000] {dagbag.py:588} INFO - Filling up the DagBag from /opt/airflow/dags/local_evidence_build.py
[2026-06-02T07:18:08.146+0000] {processor.py:925} INFO - DAG(s) 'local_evidence_build' retrieved from /opt/airflow/dags/local_evidence_build.py
[2026-06-02T07:18:08.177+0000] {logging_mixin.py:190} INFO - [2026-06-02T07:18:08.177+0000] {dag.py:3239} INFO - Sync 1 DAGs
[2026-06-02T07:18:08.195+0000] {logging_mixin.py:190} INFO - [2026-06-02T07:18:08.195+0000] {dag.py:4180} INFO - Setting next_dagrun for local_evidence_build to None, run_after=None
[2026-06-02T07:18:08.220+0000] {processor.py:208} INFO - Processing /opt/airflow/dags/local_evidence_build.py took 0.912 seconds
[2026-06-02T07:18:38.690+0000] {processor.py:186} INFO - Started process (PID=15144) to work on /opt/airflow/dags/local_evidence_build.py
[2026-06-02T07:18:38.692+0000] {processor.py:914} INFO - Processing file /opt/airflow/dags/local_evidence_build.py for tasks to queue
[2026-06-02T07:18:38.695+0000] {logging_mixin.py:190} INFO - [2026-06-02T07:18:38.694+0000] {dagbag.py:588} INFO - Filling up the DagBag from /opt/airflow/dags/local_evidence_build.py
[2026-06-02T07:18:39.529+0000] {processor.py:925} INFO - DAG(s) 'local_evidence_build' retrieved from /opt/airflow/dags/local_evidence_build.py
[2026-06-02T07:18:39.561+0000] {logging_mixin.py:190} INFO - [2026-06-02T07:18:39.560+0000] {dag.py:3239} INFO - Sync 1 DAGs
[2026-06-02T07:18:39.576+0000] {logging_mixin.py:190} INFO - [2026-06-02T07:18:39.576+0000] {dag.py:4180} INFO - Setting next_dagrun for local_evidence_build to None, run_after=None
[2026-06-02T07:18:39.598+0000] {processor.py:208} INFO - Processing /opt/airflow/dags/local_evidence_build.py took 0.918 seconds
[2026-06-02T07:19:10.032+0000] {processor.py:186} INFO - Started process (PID=15279) to work on /opt/airflow/dags/local_evidence_build.py
[2026-06-02T07:19:10.034+0000] {processor.py:914} INFO - Processing file /opt/airflow/dags/local_evidence_build.py for tasks to queue
[2026-06-02T07:19:10.037+0000] {logging_mixin.py:190} INFO - [2026-06-02T07:19:10.037+0000] {dagbag.py:588} INFO - Filling up the DagBag from /opt/airflow/dags/local_evidence_build.py
[2026-06-02T07:19:10.816+0000] {processor.py:925} INFO - DAG(s) 'local_evidence_build' retrieved from /opt/airflow/dags/local_evidence_build.py
[2026-06-02T07:19:10.848+0000] {logging_mixin.py:190} INFO - [2026-06-02T07:19:10.847+0000] {dag.py:3239} INFO - Sync 1 DAGs
[2026-06-02T07:19:10.863+0000] {logging_mixin.py:190} INFO - [2026-06-02T07:19:10.863+0000] {dag.py:4180} INFO - Setting next_dagrun for local_evidence_build to None, run_after=None
[2026-06-02T07:19:10.888+0000] {processor.py:208} INFO - Processing /opt/airflow/dags/local_evidence_build.py took 0.865 seconds
[2026-06-02T07:19:41.276+0000] {processor.py:186} INFO - Started process (PID=15414) to work on /opt/airflow/dags/local_evidence_build.py
[2026-06-02T07:19:41.278+0000] {processor.py:914} INFO - Processing file /opt/airflow/dags/local_evidence_build.py for tasks to queue
[2026-06-02T07:19:41.281+0000] {logging_mixin.py:190} INFO - [2026-06-02T07:19:41.281+0000] {dagbag.py:588} INFO - Filling up the DagBag from /opt/airflow/dags/local_evidence_build.py
[2026-06-02T07:19:42.089+0000] {processor.py:925} INFO - DAG(s) 'local_evidence_build' retrieved from /opt/airflow/dags/local_evidence_build.py
[2026-06-02T07:19:42.122+0000] {logging_mixin.py:190} INFO - [2026-06-02T07:19:42.121+0000] {dag.py:3239} INFO - Sync 1 DAGs
[2026-06-02T07:19:42.140+0000] {logging_mixin.py:190} INFO - [2026-06-02T07:19:42.139+0000] {dag.py:4180} INFO - Setting next_dagrun for local_evidence_build to None, run_after=None
[2026-06-02T07:19:42.162+0000] {processor.py:208} INFO - Processing /opt/airflow/dags/local_evidence_build.py took 0.894 seconds
[2026-06-02T07:20:12.538+0000] {processor.py:186} INFO - Started process (PID=15549) to work on /opt/airflow/dags/local_evidence_build.py
[2026-06-02T07:20:12.540+0000] {processor.py:914} INFO - Processing file /opt/airflow/dags/local_evidence_build.py for tasks to queue
[2026-06-02T07:20:12.543+0000] {logging_mixin.py:190} INFO - [2026-06-02T07:20:12.543+0000] {dagbag.py:588} INFO - Filling up the DagBag from /opt/airflow/dags/local_evidence_build.py
[2026-06-02T07:20:13.437+0000] {processor.py:925} INFO - DAG(s) 'local_evidence_build' retrieved from /opt/airflow/dags/local_evidence_build.py
[2026-06-02T07:20:13.470+0000] {logging_mixin.py:190} INFO - [2026-06-02T07:20:13.469+0000] {dag.py:3239} INFO - Sync 1 DAGs
[2026-06-02T07:20:13.487+0000] {logging_mixin.py:190} INFO - [2026-06-02T07:20:13.487+0000] {dag.py:4180} INFO - Setting next_dagrun for local_evidence_build to None, run_after=None
[2026-06-02T07:20:13.512+0000] {processor.py:208} INFO - Processing /opt/airflow/dags/local_evidence_build.py took 0.982 seconds
[2026-06-02T07:20:43.929+0000] {processor.py:186} INFO - Started process (PID=15684) to work on /opt/airflow/dags/local_evidence_build.py
[2026-06-02T07:20:43.942+0000] {processor.py:914} INFO - Processing file /opt/airflow/dags/local_evidence_build.py for tasks to queue
[2026-06-02T07:20:43.947+0000] {logging_mixin.py:190} INFO - [2026-06-02T07:20:43.946+0000] {dagbag.py:588} INFO - Filling up the DagBag from /opt/airflow/dags/local_evidence_build.py
[2026-06-02T07:20:44.773+0000] {processor.py:925} INFO - DAG(s) 'local_evidence_build' retrieved from /opt/airflow/dags/local_evidence_build.py
[2026-06-02T07:20:44.804+0000] {logging_mixin.py:190} INFO - [2026-06-02T07:20:44.804+0000] {dag.py:3239} INFO - Sync 1 DAGs
[2026-06-02T07:20:44.821+0000] {logging_mixin.py:190} INFO - [2026-06-02T07:20:44.821+0000] {dag.py:4180} INFO - Setting next_dagrun for local_evidence_build to None, run_after=None
[2026-06-02T07:20:44.845+0000] {processor.py:208} INFO - Processing /opt/airflow/dags/local_evidence_build.py took 0.926 seconds
[2026-06-02T07:21:15.271+0000] {processor.py:186} INFO - Started process (PID=15819) to work on /opt/airflow/dags/local_evidence_build.py
[2026-06-02T07:21:15.272+0000] {processor.py:914} INFO - Processing file /opt/airflow/dags/local_evidence_build.py for tasks to queue
[2026-06-02T07:21:15.276+0000] {logging_mixin.py:190} INFO - [2026-06-02T07:21:15.275+0000] {dagbag.py:588} INFO - Filling up the DagBag from /opt/airflow/dags/local_evidence_build.py
[2026-06-02T07:21:16.143+0000] {processor.py:925} INFO - DAG(s) 'local_evidence_build' retrieved from /opt/airflow/dags/local_evidence_build.py
[2026-06-02T07:21:16.178+0000] {logging_mixin.py:190} INFO - [2026-06-02T07:21:16.177+0000] {dag.py:3239} INFO - Sync 1 DAGs
[2026-06-02T07:21:16.194+0000] {logging_mixin.py:190} INFO - [2026-06-02T07:21:16.193+0000] {dag.py:4180} INFO - Setting next_dagrun for local_evidence_build to None, run_after=None
[2026-06-02T07:21:16.218+0000] {processor.py:208} INFO - Processing /opt/airflow/dags/local_evidence_build.py took 0.957 seconds
[2026-06-02T07:21:46.607+0000] {processor.py:186} INFO - Started process (PID=15954) to work on /opt/airflow/dags/local_evidence_build.py
[2026-06-02T07:21:46.609+0000] {processor.py:914} INFO - Processing file /opt/airflow/dags/local_evidence_build.py for tasks to queue
[2026-06-02T07:21:46.612+0000] {logging_mixin.py:190} INFO - [2026-06-02T07:21:46.612+0000] {dagbag.py:588} INFO - Filling up the DagBag from /opt/airflow/dags/local_evidence_build.py
[2026-06-02T07:21:47.444+0000] {processor.py:925} INFO - DAG(s) 'local_evidence_build' retrieved from /opt/airflow/dags/local_evidence_build.py
[2026-06-02T07:21:47.475+0000] {logging_mixin.py:190} INFO - [2026-06-02T07:21:47.474+0000] {dag.py:3239} INFO - Sync 1 DAGs
[2026-06-02T07:21:47.490+0000] {logging_mixin.py:190} INFO - [2026-06-02T07:21:47.490+0000] {dag.py:4180} INFO - Setting next_dagrun for local_evidence_build to None, run_after=None
[2026-06-02T07:21:47.512+0000] {processor.py:208} INFO - Processing /opt/airflow/dags/local_evidence_build.py took 0.914 seconds
[2026-06-02T07:22:17.936+0000] {processor.py:186} INFO - Started process (PID=16089) to work on /opt/airflow/dags/local_evidence_build.py
[2026-06-02T07:22:17.937+0000] {processor.py:914} INFO - Processing file /opt/airflow/dags/local_evidence_build.py for tasks to queue
[2026-06-02T07:22:17.940+0000] {logging_mixin.py:190} INFO - [2026-06-02T07:22:17.940+0000] {dagbag.py:588} INFO - Filling up the DagBag from /opt/airflow/dags/local_evidence_build.py
[2026-06-02T07:22:18.771+0000] {processor.py:925} INFO - DAG(s) 'local_evidence_build' retrieved from /opt/airflow/dags/local_evidence_build.py
[2026-06-02T07:22:18.804+0000] {logging_mixin.py:190} INFO - [2026-06-02T07:22:18.803+0000] {dag.py:3239} INFO - Sync 1 DAGs
[2026-06-02T07:22:18.822+0000] {logging_mixin.py:190} INFO - [2026-06-02T07:22:18.822+0000] {dag.py:4180} INFO - Setting next_dagrun for local_evidence_build to None, run_after=None
[2026-06-02T07:22:18.855+0000] {processor.py:208} INFO - Processing /opt/airflow/dags/local_evidence_build.py took 0.928 seconds
[2026-06-02T07:22:49.426+0000] {processor.py:186} INFO - Started process (PID=16224) to work on /opt/airflow/dags/local_evidence_build.py
[2026-06-02T07:22:49.428+0000] {processor.py:914} INFO - Processing file /opt/airflow/dags/local_evidence_build.py for tasks to queue
[2026-06-02T07:22:49.431+0000] {logging_mixin.py:190} INFO - [2026-06-02T07:22:49.431+0000] {dagbag.py:588} INFO - Filling up the DagBag from /opt/airflow/dags/local_evidence_build.py
[2026-06-02T07:22:50.273+0000] {processor.py:925} INFO - DAG(s) 'local_evidence_build' retrieved from /opt/airflow/dags/local_evidence_build.py
[2026-06-02T07:22:50.306+0000] {logging_mixin.py:190} INFO - [2026-06-02T07:22:50.306+0000] {dag.py:3239} INFO - Sync 1 DAGs
[2026-06-02T07:22:50.326+0000] {logging_mixin.py:190} INFO - [2026-06-02T07:22:50.326+0000] {dag.py:4180} INFO - Setting next_dagrun for local_evidence_build to None, run_after=None
[2026-06-02T07:22:50.354+0000] {processor.py:208} INFO - Processing /opt/airflow/dags/local_evidence_build.py took 0.938 seconds
[2026-06-02T07:23:20.761+0000] {processor.py:186} INFO - Started process (PID=16358) to work on /opt/airflow/dags/local_evidence_build.py
[2026-06-02T07:23:20.763+0000] {processor.py:914} INFO - Processing file /opt/airflow/dags/local_evidence_build.py for tasks to queue
[2026-06-02T07:23:20.769+0000] {logging_mixin.py:190} INFO - [2026-06-02T07:23:20.768+0000] {dagbag.py:588} INFO - Filling up the DagBag from /opt/airflow/dags/local_evidence_build.py
[2026-06-02T07:23:21.669+0000] {processor.py:925} INFO - DAG(s) 'local_evidence_build' retrieved from /opt/airflow/dags/local_evidence_build.py
[2026-06-02T07:23:21.705+0000] {logging_mixin.py:190} INFO - [2026-06-02T07:23:21.705+0000] {dag.py:3239} INFO - Sync 1 DAGs
[2026-06-02T07:23:21.722+0000] {logging_mixin.py:190} INFO - [2026-06-02T07:23:21.721+0000] {dag.py:4180} INFO - Setting next_dagrun for local_evidence_build to None, run_after=None
[2026-06-02T07:23:21.748+0000] {processor.py:208} INFO - Processing /opt/airflow/dags/local_evidence_build.py took 0.999 seconds
[2026-06-02T07:23:52.284+0000] {processor.py:186} INFO - Started process (PID=16485) to work on /opt/airflow/dags/local_evidence_build.py
[2026-06-02T07:23:52.286+0000] {processor.py:914} INFO - Processing file /opt/airflow/dags/local_evidence_build.py for tasks to queue
[2026-06-02T07:23:52.289+0000] {logging_mixin.py:190} INFO - [2026-06-02T07:23:52.289+0000] {dagbag.py:588} INFO - Filling up the DagBag from /opt/airflow/dags/local_evidence_build.py
[2026-06-02T07:23:53.136+0000] {processor.py:925} INFO - DAG(s) 'local_evidence_build' retrieved from /opt/airflow/dags/local_evidence_build.py
[2026-06-02T07:23:53.165+0000] {logging_mixin.py:190} INFO - [2026-06-02T07:23:53.165+0000] {dag.py:3239} INFO - Sync 1 DAGs
[2026-06-02T07:23:53.181+0000] {logging_mixin.py:190} INFO - [2026-06-02T07:23:53.181+0000] {dag.py:4180} INFO - Setting next_dagrun for local_evidence_build to None, run_after=None
[2026-06-02T07:23:53.205+0000] {processor.py:208} INFO - Processing /opt/airflow/dags/local_evidence_build.py took 0.931 seconds
[2026-06-02T07:24:23.740+0000] {processor.py:186} INFO - Started process (PID=16620) to work on /opt/airflow/dags/local_evidence_build.py
[2026-06-02T07:24:23.742+0000] {processor.py:914} INFO - Processing file /opt/airflow/dags/local_evidence_build.py for tasks to queue
[2026-06-02T07:24:23.745+0000] {logging_mixin.py:190} INFO - [2026-06-02T07:24:23.744+0000] {dagbag.py:588} INFO - Filling up the DagBag from /opt/airflow/dags/local_evidence_build.py
[2026-06-02T07:24:24.567+0000] {processor.py:925} INFO - DAG(s) 'local_evidence_build' retrieved from /opt/airflow/dags/local_evidence_build.py
[2026-06-02T07:24:24.600+0000] {logging_mixin.py:190} INFO - [2026-06-02T07:24:24.600+0000] {dag.py:3239} INFO - Sync 1 DAGs
[2026-06-02T07:24:24.616+0000] {logging_mixin.py:190} INFO - [2026-06-02T07:24:24.616+0000] {dag.py:4180} INFO - Setting next_dagrun for local_evidence_build to None, run_after=None
[2026-06-02T07:24:24.642+0000] {processor.py:208} INFO - Processing /opt/airflow/dags/local_evidence_build.py took 0.911 seconds
[2026-06-02T07:24:55.023+0000] {processor.py:186} INFO - Started process (PID=16755) to work on /opt/airflow/dags/local_evidence_build.py
[2026-06-02T07:24:55.025+0000] {processor.py:914} INFO - Processing file /opt/airflow/dags/local_evidence_build.py for tasks to queue
[2026-06-02T07:24:55.029+0000] {logging_mixin.py:190} INFO - [2026-06-02T07:24:55.028+0000] {dagbag.py:588} INFO - Filling up the DagBag from /opt/airflow/dags/local_evidence_build.py
[2026-06-02T07:24:55.971+0000] {processor.py:925} INFO - DAG(s) 'local_evidence_build' retrieved from /opt/airflow/dags/local_evidence_build.py
[2026-06-02T07:24:56.009+0000] {logging_mixin.py:190} INFO - [2026-06-02T07:24:56.008+0000] {dag.py:3239} INFO - Sync 1 DAGs
[2026-06-02T07:24:56.025+0000] {logging_mixin.py:190} INFO - [2026-06-02T07:24:56.025+0000] {dag.py:4180} INFO - Setting next_dagrun for local_evidence_build to None, run_after=None
[2026-06-02T07:24:56.052+0000] {processor.py:208} INFO - Processing /opt/airflow/dags/local_evidence_build.py took 1.043 seconds
[2026-06-02T07:25:26.401+0000] {processor.py:186} INFO - Started process (PID=16890) to work on /opt/airflow/dags/local_evidence_build.py
[2026-06-02T07:25:26.402+0000] {processor.py:914} INFO - Processing file /opt/airflow/dags/local_evidence_build.py for tasks to queue
[2026-06-02T07:25:26.405+0000] {logging_mixin.py:190} INFO - [2026-06-02T07:25:26.405+0000] {dagbag.py:588} INFO - Filling up the DagBag from /opt/airflow/dags/local_evidence_build.py
[2026-06-02T07:25:27.339+0000] {processor.py:925} INFO - DAG(s) 'local_evidence_build' retrieved from /opt/airflow/dags/local_evidence_build.py
[2026-06-02T07:25:27.367+0000] {logging_mixin.py:190} INFO - [2026-06-02T07:25:27.367+0000] {dag.py:3239} INFO - Sync 1 DAGs
[2026-06-02T07:25:27.382+0000] {logging_mixin.py:190} INFO - [2026-06-02T07:25:27.381+0000] {dag.py:4180} INFO - Setting next_dagrun for local_evidence_build to None, run_after=None
[2026-06-02T07:25:27.403+0000] {processor.py:208} INFO - Processing /opt/airflow/dags/local_evidence_build.py took 1.011 seconds
[2026-06-02T07:25:57.995+0000] {processor.py:186} INFO - Started process (PID=17025) to work on /opt/airflow/dags/local_evidence_build.py
[2026-06-02T07:25:57.997+0000] {processor.py:914} INFO - Processing file /opt/airflow/dags/local_evidence_build.py for tasks to queue
[2026-06-02T07:25:58.002+0000] {logging_mixin.py:190} INFO - [2026-06-02T07:25:58.001+0000] {dagbag.py:588} INFO - Filling up the DagBag from /opt/airflow/dags/local_evidence_build.py
[2026-06-02T07:25:58.850+0000] {processor.py:925} INFO - DAG(s) 'local_evidence_build' retrieved from /opt/airflow/dags/local_evidence_build.py
[2026-06-02T07:25:58.893+0000] {logging_mixin.py:190} INFO - [2026-06-02T07:25:58.892+0000] {dag.py:3239} INFO - Sync 1 DAGs
[2026-06-02T07:25:58.909+0000] {logging_mixin.py:190} INFO - [2026-06-02T07:25:58.908+0000] {dag.py:4180} INFO - Setting next_dagrun for local_evidence_build to None, run_after=None
[2026-06-02T07:25:58.941+0000] {processor.py:208} INFO - Processing /opt/airflow/dags/local_evidence_build.py took 0.957 seconds
[2026-06-02T07:26:29.357+0000] {processor.py:186} INFO - Started process (PID=17160) to work on /opt/airflow/dags/local_evidence_build.py
[2026-06-02T07:26:29.359+0000] {processor.py:914} INFO - Processing file /opt/airflow/dags/local_evidence_build.py for tasks to queue
[2026-06-02T07:26:29.363+0000] {logging_mixin.py:190} INFO - [2026-06-02T07:26:29.363+0000] {dagbag.py:588} INFO - Filling up the DagBag from /opt/airflow/dags/local_evidence_build.py
[2026-06-02T07:26:30.244+0000] {processor.py:925} INFO - DAG(s) 'local_evidence_build' retrieved from /opt/airflow/dags/local_evidence_build.py
[2026-06-02T07:26:30.275+0000] {logging_mixin.py:190} INFO - [2026-06-02T07:26:30.275+0000] {dag.py:3239} INFO - Sync 1 DAGs
[2026-06-02T07:26:30.293+0000] {logging_mixin.py:190} INFO - [2026-06-02T07:26:30.292+0000] {dag.py:4180} INFO - Setting next_dagrun for local_evidence_build to None, run_after=None
[2026-06-02T07:26:30.318+0000] {processor.py:208} INFO - Processing /opt/airflow/dags/local_evidence_build.py took 0.971 seconds
[2026-06-02T07:27:00.801+0000] {processor.py:186} INFO - Started process (PID=17295) to work on /opt/airflow/dags/local_evidence_build.py
[2026-06-02T07:27:00.802+0000] {processor.py:914} INFO - Processing file /opt/airflow/dags/local_evidence_build.py for tasks to queue
[2026-06-02T07:27:00.805+0000] {logging_mixin.py:190} INFO - [2026-06-02T07:27:00.805+0000] {dagbag.py:588} INFO - Filling up the DagBag from /opt/airflow/dags/local_evidence_build.py
[2026-06-02T07:27:01.722+0000] {processor.py:925} INFO - DAG(s) 'local_evidence_build' retrieved from /opt/airflow/dags/local_evidence_build.py
[2026-06-02T07:27:01.760+0000] {logging_mixin.py:190} INFO - [2026-06-02T07:27:01.760+0000] {dag.py:3239} INFO - Sync 1 DAGs
[2026-06-02T07:27:01.776+0000] {logging_mixin.py:190} INFO - [2026-06-02T07:27:01.776+0000] {dag.py:4180} INFO - Setting next_dagrun for local_evidence_build to None, run_after=None
[2026-06-02T07:27:01.800+0000] {processor.py:208} INFO - Processing /opt/airflow/dags/local_evidence_build.py took 1.009 seconds
[2026-06-02T07:27:32.191+0000] {processor.py:186} INFO - Started process (PID=17430) to work on /opt/airflow/dags/local_evidence_build.py
[2026-06-02T07:27:32.193+0000] {processor.py:914} INFO - Processing file /opt/airflow/dags/local_evidence_build.py for tasks to queue
[2026-06-02T07:27:32.196+0000] {logging_mixin.py:190} INFO - [2026-06-02T07:27:32.196+0000] {dagbag.py:588} INFO - Filling up the DagBag from /opt/airflow/dags/local_evidence_build.py
[2026-06-02T07:27:33.090+0000] {processor.py:925} INFO - DAG(s) 'local_evidence_build' retrieved from /opt/airflow/dags/local_evidence_build.py
[2026-06-02T07:27:33.124+0000] {logging_mixin.py:190} INFO - [2026-06-02T07:27:33.124+0000] {dag.py:3239} INFO - Sync 1 DAGs
[2026-06-02T07:27:33.143+0000] {logging_mixin.py:190} INFO - [2026-06-02T07:27:33.143+0000] {dag.py:4180} INFO - Setting next_dagrun for local_evidence_build to None, run_after=None
[2026-06-02T07:27:33.168+0000] {processor.py:208} INFO - Processing /opt/airflow/dags/local_evidence_build.py took 0.986 seconds
[2026-06-02T07:28:03.721+0000] {processor.py:186} INFO - Started process (PID=17565) to work on /opt/airflow/dags/local_evidence_build.py
[2026-06-02T07:28:03.723+0000] {processor.py:914} INFO - Processing file /opt/airflow/dags/local_evidence_build.py for tasks to queue
[2026-06-02T07:28:03.726+0000] {logging_mixin.py:190} INFO - [2026-06-02T07:28:03.725+0000] {dagbag.py:588} INFO - Filling up the DagBag from /opt/airflow/dags/local_evidence_build.py
[2026-06-02T07:28:04.570+0000] {processor.py:925} INFO - DAG(s) 'local_evidence_build' retrieved from /opt/airflow/dags/local_evidence_build.py
[2026-06-02T07:28:04.601+0000] {logging_mixin.py:190} INFO - [2026-06-02T07:28:04.601+0000] {dag.py:3239} INFO - Sync 1 DAGs
[2026-06-02T07:28:04.617+0000] {logging_mixin.py:190} INFO - [2026-06-02T07:28:04.617+0000] {dag.py:4180} INFO - Setting next_dagrun for local_evidence_build to None, run_after=None
[2026-06-02T07:28:04.643+0000] {processor.py:208} INFO - Processing /opt/airflow/dags/local_evidence_build.py took 0.932 seconds
[2026-06-02T07:28:35.068+0000] {processor.py:186} INFO - Started process (PID=17700) to work on /opt/airflow/dags/local_evidence_build.py
[2026-06-02T07:28:35.069+0000] {processor.py:914} INFO - Processing file /opt/airflow/dags/local_evidence_build.py for tasks to queue
[2026-06-02T07:28:35.072+0000] {logging_mixin.py:190} INFO - [2026-06-02T07:28:35.072+0000] {dagbag.py:588} INFO - Filling up the DagBag from /opt/airflow/dags/local_evidence_build.py
[2026-06-02T07:28:35.956+0000] {processor.py:925} INFO - DAG(s) 'local_evidence_build' retrieved from /opt/airflow/dags/local_evidence_build.py
[2026-06-02T07:28:36.001+0000] {logging_mixin.py:190} INFO - [2026-06-02T07:28:36.001+0000] {dag.py:3239} INFO - Sync 1 DAGs
[2026-06-02T07:28:36.018+0000] {logging_mixin.py:190} INFO - [2026-06-02T07:28:36.017+0000] {dag.py:4180} INFO - Setting next_dagrun for local_evidence_build to None, run_after=None
[2026-06-02T07:28:36.047+0000] {processor.py:208} INFO - Processing /opt/airflow/dags/local_evidence_build.py took 0.988 seconds
[2026-06-02T07:29:06.528+0000] {processor.py:186} INFO - Started process (PID=17835) to work on /opt/airflow/dags/local_evidence_build.py
[2026-06-02T07:29:06.530+0000] {processor.py:914} INFO - Processing file /opt/airflow/dags/local_evidence_build.py for tasks to queue
[2026-06-02T07:29:06.534+0000] {logging_mixin.py:190} INFO - [2026-06-02T07:29:06.533+0000] {dagbag.py:588} INFO - Filling up the DagBag from /opt/airflow/dags/local_evidence_build.py
[2026-06-02T07:29:07.453+0000] {processor.py:925} INFO - DAG(s) 'local_evidence_build' retrieved from /opt/airflow/dags/local_evidence_build.py
[2026-06-02T07:29:07.485+0000] {logging_mixin.py:190} INFO - [2026-06-02T07:29:07.485+0000] {dag.py:3239} INFO - Sync 1 DAGs
[2026-06-02T07:29:07.502+0000] {logging_mixin.py:190} INFO - [2026-06-02T07:29:07.502+0000] {dag.py:4180} INFO - Setting next_dagrun for local_evidence_build to None, run_after=None
[2026-06-02T07:29:07.526+0000] {processor.py:208} INFO - Processing /opt/airflow/dags/local_evidence_build.py took 1.007 seconds
[2026-06-02T07:29:38.017+0000] {processor.py:186} INFO - Started process (PID=17970) to work on /opt/airflow/dags/local_evidence_build.py
[2026-06-02T07:29:38.019+0000] {processor.py:914} INFO - Processing file /opt/airflow/dags/local_evidence_build.py for tasks to queue
[2026-06-02T07:29:38.025+0000] {logging_mixin.py:190} INFO - [2026-06-02T07:29:38.025+0000] {dagbag.py:588} INFO - Filling up the DagBag from /opt/airflow/dags/local_evidence_build.py
[2026-06-02T07:29:38.848+0000] {processor.py:925} INFO - DAG(s) 'local_evidence_build' retrieved from /opt/airflow/dags/local_evidence_build.py
[2026-06-02T07:29:38.881+0000] {logging_mixin.py:190} INFO - [2026-06-02T07:29:38.880+0000] {dag.py:3239} INFO - Sync 1 DAGs
[2026-06-02T07:29:38.897+0000] {logging_mixin.py:190} INFO - [2026-06-02T07:29:38.897+0000] {dag.py:4180} INFO - Setting next_dagrun for local_evidence_build to None, run_after=None
[2026-06-02T07:29:38.949+0000] {processor.py:208} INFO - Processing /opt/airflow/dags/local_evidence_build.py took 0.941 seconds
[2026-06-02T07:30:09.465+0000] {processor.py:186} INFO - Started process (PID=18105) to work on /opt/airflow/dags/local_evidence_build.py
[2026-06-02T07:30:09.467+0000] {processor.py:914} INFO - Processing file /opt/airflow/dags/local_evidence_build.py for tasks to queue
[2026-06-02T07:30:09.470+0000] {logging_mixin.py:190} INFO - [2026-06-02T07:30:09.469+0000] {dagbag.py:588} INFO - Filling up the DagBag from /opt/airflow/dags/local_evidence_build.py
[2026-06-02T07:30:10.320+0000] {processor.py:925} INFO - DAG(s) 'local_evidence_build' retrieved from /opt/airflow/dags/local_evidence_build.py
[2026-06-02T07:30:10.350+0000] {logging_mixin.py:190} INFO - [2026-06-02T07:30:10.349+0000] {dag.py:3239} INFO - Sync 1 DAGs
[2026-06-02T07:30:10.364+0000] {logging_mixin.py:190} INFO - [2026-06-02T07:30:10.364+0000] {dag.py:4180} INFO - Setting next_dagrun for local_evidence_build to None, run_after=None
[2026-06-02T07:30:10.386+0000] {processor.py:208} INFO - Processing /opt/airflow/dags/local_evidence_build.py took 0.930 seconds
[2026-06-02T07:30:40.890+0000] {processor.py:186} INFO - Started process (PID=18239) to work on /opt/airflow/dags/local_evidence_build.py
[2026-06-02T07:30:40.891+0000] {processor.py:914} INFO - Processing file /opt/airflow/dags/local_evidence_build.py for tasks to queue
[2026-06-02T07:30:40.894+0000] {logging_mixin.py:190} INFO - [2026-06-02T07:30:40.894+0000] {dagbag.py:588} INFO - Filling up the DagBag from /opt/airflow/dags/local_evidence_build.py
[2026-06-02T07:30:41.757+0000] {processor.py:925} INFO - DAG(s) 'local_evidence_build' retrieved from /opt/airflow/dags/local_evidence_build.py
[2026-06-02T07:30:41.796+0000] {logging_mixin.py:190} INFO - [2026-06-02T07:30:41.795+0000] {dag.py:3239} INFO - Sync 1 DAGs
[2026-06-02T07:30:41.815+0000] {logging_mixin.py:190} INFO - [2026-06-02T07:30:41.815+0000] {dag.py:4180} INFO - Setting next_dagrun for local_evidence_build to None, run_after=None
[2026-06-02T07:30:41.844+0000] {processor.py:208} INFO - Processing /opt/airflow/dags/local_evidence_build.py took 0.963 seconds
[2026-06-02T07:31:12.454+0000] {processor.py:186} INFO - Started process (PID=18366) to work on /opt/airflow/dags/local_evidence_build.py
[2026-06-02T07:31:12.455+0000] {processor.py:914} INFO - Processing file /opt/airflow/dags/local_evidence_build.py for tasks to queue
[2026-06-02T07:31:12.459+0000] {logging_mixin.py:190} INFO - [2026-06-02T07:31:12.459+0000] {dagbag.py:588} INFO - Filling up the DagBag from /opt/airflow/dags/local_evidence_build.py
[2026-06-02T07:31:13.267+0000] {processor.py:925} INFO - DAG(s) 'local_evidence_build' retrieved from /opt/airflow/dags/local_evidence_build.py
[2026-06-02T07:31:13.299+0000] {logging_mixin.py:190} INFO - [2026-06-02T07:31:13.298+0000] {dag.py:3239} INFO - Sync 1 DAGs
[2026-06-02T07:31:13.317+0000] {logging_mixin.py:190} INFO - [2026-06-02T07:31:13.316+0000] {dag.py:4180} INFO - Setting next_dagrun for local_evidence_build to None, run_after=None
[2026-06-02T07:31:13.341+0000] {processor.py:208} INFO - Processing /opt/airflow/dags/local_evidence_build.py took 0.896 seconds
[2026-06-02T07:31:43.807+0000] {processor.py:186} INFO - Started process (PID=18501) to work on /opt/airflow/dags/local_evidence_build.py
[2026-06-02T07:31:43.808+0000] {processor.py:914} INFO - Processing file /opt/airflow/dags/local_evidence_build.py for tasks to queue
[2026-06-02T07:31:43.814+0000] {logging_mixin.py:190} INFO - [2026-06-02T07:31:43.813+0000] {dagbag.py:588} INFO - Filling up the DagBag from /opt/airflow/dags/local_evidence_build.py
[2026-06-02T07:31:44.672+0000] {processor.py:925} INFO - DAG(s) 'local_evidence_build' retrieved from /opt/airflow/dags/local_evidence_build.py
[2026-06-02T07:31:44.706+0000] {logging_mixin.py:190} INFO - [2026-06-02T07:31:44.706+0000] {dag.py:3239} INFO - Sync 1 DAGs
[2026-06-02T07:31:44.724+0000] {logging_mixin.py:190} INFO - [2026-06-02T07:31:44.723+0000] {dag.py:4180} INFO - Setting next_dagrun for local_evidence_build to None, run_after=None
[2026-06-02T07:31:44.752+0000] {processor.py:208} INFO - Processing /opt/airflow/dags/local_evidence_build.py took 0.954 seconds
[2026-06-02T07:32:15.146+0000] {processor.py:186} INFO - Started process (PID=18636) to work on /opt/airflow/dags/local_evidence_build.py
[2026-06-02T07:32:15.147+0000] {processor.py:914} INFO - Processing file /opt/airflow/dags/local_evidence_build.py for tasks to queue
[2026-06-02T07:32:15.152+0000] {logging_mixin.py:190} INFO - [2026-06-02T07:32:15.151+0000] {dagbag.py:588} INFO - Filling up the DagBag from /opt/airflow/dags/local_evidence_build.py
[2026-06-02T07:32:15.992+0000] {processor.py:925} INFO - DAG(s) 'local_evidence_build' retrieved from /opt/airflow/dags/local_evidence_build.py
[2026-06-02T07:32:16.029+0000] {logging_mixin.py:190} INFO - [2026-06-02T07:32:16.029+0000] {dag.py:3239} INFO - Sync 1 DAGs
[2026-06-02T07:32:16.048+0000] {logging_mixin.py:190} INFO - [2026-06-02T07:32:16.048+0000] {dag.py:4180} INFO - Setting next_dagrun for local_evidence_build to None, run_after=None
[2026-06-02T07:32:16.072+0000] {processor.py:208} INFO - Processing /opt/airflow/dags/local_evidence_build.py took 0.935 seconds
[2026-06-02T07:32:46.586+0000] {processor.py:186} INFO - Started process (PID=18771) to work on /opt/airflow/dags/local_evidence_build.py
[2026-06-02T07:32:46.587+0000] {processor.py:914} INFO - Processing file /opt/airflow/dags/local_evidence_build.py for tasks to queue
[2026-06-02T07:32:46.590+0000] {logging_mixin.py:190} INFO - [2026-06-02T07:32:46.590+0000] {dagbag.py:588} INFO - Filling up the DagBag from /opt/airflow/dags/local_evidence_build.py
[2026-06-02T07:32:47.489+0000] {processor.py:925} INFO - DAG(s) 'local_evidence_build' retrieved from /opt/airflow/dags/local_evidence_build.py
[2026-06-02T07:32:47.520+0000] {logging_mixin.py:190} INFO - [2026-06-02T07:32:47.520+0000] {dag.py:3239} INFO - Sync 1 DAGs
[2026-06-02T07:32:47.535+0000] {logging_mixin.py:190} INFO - [2026-06-02T07:32:47.535+0000] {dag.py:4180} INFO - Setting next_dagrun for local_evidence_build to None, run_after=None
[2026-06-02T07:32:47.607+0000] {processor.py:208} INFO - Processing /opt/airflow/dags/local_evidence_build.py took 1.031 seconds
[2026-06-02T07:33:17.990+0000] {processor.py:186} INFO - Started process (PID=18906) to work on /opt/airflow/dags/local_evidence_build.py
[2026-06-02T07:33:17.992+0000] {processor.py:914} INFO - Processing file /opt/airflow/dags/local_evidence_build.py for tasks to queue
[2026-06-02T07:33:17.997+0000] {logging_mixin.py:190} INFO - [2026-06-02T07:33:17.996+0000] {dagbag.py:588} INFO - Filling up the DagBag from /opt/airflow/dags/local_evidence_build.py
[2026-06-02T07:33:18.867+0000] {processor.py:925} INFO - DAG(s) 'local_evidence_build' retrieved from /opt/airflow/dags/local_evidence_build.py
[2026-06-02T07:33:18.899+0000] {logging_mixin.py:190} INFO - [2026-06-02T07:33:18.898+0000] {dag.py:3239} INFO - Sync 1 DAGs
[2026-06-02T07:33:18.915+0000] {logging_mixin.py:190} INFO - [2026-06-02T07:33:18.915+0000] {dag.py:4180} INFO - Setting next_dagrun for local_evidence_build to None, run_after=None
[2026-06-02T07:33:18.938+0000] {processor.py:208} INFO - Processing /opt/airflow/dags/local_evidence_build.py took 0.960 seconds
[2026-06-02T07:33:49.440+0000] {processor.py:186} INFO - Started process (PID=19041) to work on /opt/airflow/dags/local_evidence_build.py
[2026-06-02T07:33:49.441+0000] {processor.py:914} INFO - Processing file /opt/airflow/dags/local_evidence_build.py for tasks to queue
[2026-06-02T07:33:49.445+0000] {logging_mixin.py:190} INFO - [2026-06-02T07:33:49.444+0000] {dagbag.py:588} INFO - Filling up the DagBag from /opt/airflow/dags/local_evidence_build.py
[2026-06-02T07:33:50.321+0000] {processor.py:925} INFO - DAG(s) 'local_evidence_build' retrieved from /opt/airflow/dags/local_evidence_build.py
[2026-06-02T07:33:50.349+0000] {logging_mixin.py:190} INFO - [2026-06-02T07:33:50.348+0000] {dag.py:3239} INFO - Sync 1 DAGs
[2026-06-02T07:33:50.363+0000] {logging_mixin.py:190} INFO - [2026-06-02T07:33:50.363+0000] {dag.py:4180} INFO - Setting next_dagrun for local_evidence_build to None, run_after=None
[2026-06-02T07:33:50.388+0000] {processor.py:208} INFO - Processing /opt/airflow/dags/local_evidence_build.py took 0.960 seconds
[2026-06-02T07:34:21.145+0000] {processor.py:186} INFO - Started process (PID=19176) to work on /opt/airflow/dags/local_evidence_build.py
[2026-06-02T07:34:21.147+0000] {processor.py:914} INFO - Processing file /opt/airflow/dags/local_evidence_build.py for tasks to queue
[2026-06-02T07:34:21.150+0000] {logging_mixin.py:190} INFO - [2026-06-02T07:34:21.150+0000] {dagbag.py:588} INFO - Filling up the DagBag from /opt/airflow/dags/local_evidence_build.py
[2026-06-02T07:34:22.260+0000] {processor.py:925} INFO - DAG(s) 'local_evidence_build' retrieved from /opt/airflow/dags/local_evidence_build.py
[2026-06-02T07:34:22.294+0000] {logging_mixin.py:190} INFO - [2026-06-02T07:34:22.293+0000] {dag.py:3239} INFO - Sync 1 DAGs
[2026-06-02T07:34:22.310+0000] {logging_mixin.py:190} INFO - [2026-06-02T07:34:22.309+0000] {dag.py:4180} INFO - Setting next_dagrun for local_evidence_build to None, run_after=None
[2026-06-02T07:34:22.353+0000] {processor.py:208} INFO - Processing /opt/airflow/dags/local_evidence_build.py took 1.220 seconds
[2026-06-02T07:34:52.910+0000] {processor.py:186} INFO - Started process (PID=19311) to work on /opt/airflow/dags/local_evidence_build.py
[2026-06-02T07:34:52.911+0000] {processor.py:914} INFO - Processing file /opt/airflow/dags/local_evidence_build.py for tasks to queue
[2026-06-02T07:34:52.916+0000] {logging_mixin.py:190} INFO - [2026-06-02T07:34:52.915+0000] {dagbag.py:588} INFO - Filling up the DagBag from /opt/airflow/dags/local_evidence_build.py
[2026-06-02T07:34:53.760+0000] {processor.py:925} INFO - DAG(s) 'local_evidence_build' retrieved from /opt/airflow/dags/local_evidence_build.py
[2026-06-02T07:34:53.794+0000] {logging_mixin.py:190} INFO - [2026-06-02T07:34:53.794+0000] {dag.py:3239} INFO - Sync 1 DAGs
[2026-06-02T07:34:53.811+0000] {logging_mixin.py:190} INFO - [2026-06-02T07:34:53.811+0000] {dag.py:4180} INFO - Setting next_dagrun for local_evidence_build to None, run_after=None
[2026-06-02T07:34:53.838+0000] {processor.py:208} INFO - Processing /opt/airflow/dags/local_evidence_build.py took 0.941 seconds
[2026-06-02T07:35:24.342+0000] {processor.py:186} INFO - Started process (PID=19446) to work on /opt/airflow/dags/local_evidence_build.py
[2026-06-02T07:35:24.344+0000] {processor.py:914} INFO - Processing file /opt/airflow/dags/local_evidence_build.py for tasks to queue
[2026-06-02T07:35:24.348+0000] {logging_mixin.py:190} INFO - [2026-06-02T07:35:24.347+0000] {dagbag.py:588} INFO - Filling up the DagBag from /opt/airflow/dags/local_evidence_build.py
[2026-06-02T07:35:25.236+0000] {processor.py:925} INFO - DAG(s) 'local_evidence_build' retrieved from /opt/airflow/dags/local_evidence_build.py
[2026-06-02T07:35:25.269+0000] {logging_mixin.py:190} INFO - [2026-06-02T07:35:25.269+0000] {dag.py:3239} INFO - Sync 1 DAGs
[2026-06-02T07:35:25.286+0000] {logging_mixin.py:190} INFO - [2026-06-02T07:35:25.286+0000] {dag.py:4180} INFO - Setting next_dagrun for local_evidence_build to None, run_after=None
[2026-06-02T07:35:25.309+0000] {processor.py:208} INFO - Processing /opt/airflow/dags/local_evidence_build.py took 0.976 seconds
