[2026-06-02T06:04:00.310+0000] {processor.py:186} INFO - Started process (PID=280) to work on /opt/airflow/dags/pinot_bootstrap.py
[2026-06-02T06:04:00.311+0000] {processor.py:914} INFO - Processing file /opt/airflow/dags/pinot_bootstrap.py for tasks to queue
[2026-06-02T06:04:00.315+0000] {logging_mixin.py:190} INFO - [2026-06-02T06:04:00.315+0000] {dagbag.py:588} INFO - Filling up the DagBag from /opt/airflow/dags/pinot_bootstrap.py
[2026-06-02T06:04:01.895+0000] {processor.py:925} INFO - DAG(s) 'pinot_bootstrap' retrieved from /opt/airflow/dags/pinot_bootstrap.py
[2026-06-02T06:04:02.142+0000] {logging_mixin.py:190} INFO - [2026-06-02T06:04:02.140+0000] {override.py:1912} INFO - Created Permission View: can delete on DAG:pinot_bootstrap
[2026-06-02T06:04:02.162+0000] {logging_mixin.py:190} INFO - [2026-06-02T06:04:02.162+0000] {override.py:1912} INFO - Created Permission View: can read on DAG:pinot_bootstrap
[2026-06-02T06:04:02.179+0000] {logging_mixin.py:190} INFO - [2026-06-02T06:04:02.178+0000] {override.py:1912} INFO - Created Permission View: can edit on DAG:pinot_bootstrap
[2026-06-02T06:04:02.201+0000] {logging_mixin.py:190} INFO - [2026-06-02T06:04:02.201+0000] {override.py:1912} INFO - Created Permission View: can delete on DAG Run:pinot_bootstrap
[2026-06-02T06:04:02.234+0000] {logging_mixin.py:190} INFO - [2026-06-02T06:04:02.233+0000] {override.py:1912} INFO - Created Permission View: menu access on DAG Run:pinot_bootstrap
[2026-06-02T06:04:02.258+0000] {logging_mixin.py:190} INFO - [2026-06-02T06:04:02.257+0000] {override.py:1912} INFO - Created Permission View: can read on DAG Run:pinot_bootstrap
[2026-06-02T06:04:02.275+0000] {logging_mixin.py:190} INFO - [2026-06-02T06:04:02.274+0000] {override.py:1912} INFO - Created Permission View: can create on DAG Run:pinot_bootstrap
[2026-06-02T06:04:02.279+0000] {logging_mixin.py:190} INFO - [2026-06-02T06:04:02.278+0000] {dag.py:3239} INFO - Sync 1 DAGs
[2026-06-02T06:04:02.316+0000] {logging_mixin.py:190} INFO - [2026-06-02T06:04:02.315+0000] {dag.py:3262} INFO - Creating ORM DAG for pinot_bootstrap
[2026-06-02T06:04:02.317+0000] {logging_mixin.py:190} INFO - [2026-06-02T06:04:02.317+0000] {dag.py:4180} INFO - Setting next_dagrun for pinot_bootstrap to None, run_after=None
[2026-06-02T06:04:02.364+0000] {processor.py:208} INFO - Processing /opt/airflow/dags/pinot_bootstrap.py took 2.068 seconds
[2026-06-02T06:04:32.717+0000] {processor.py:186} INFO - Started process (PID=415) to work on /opt/airflow/dags/pinot_bootstrap.py
[2026-06-02T06:04:32.718+0000] {processor.py:914} INFO - Processing file /opt/airflow/dags/pinot_bootstrap.py for tasks to queue
[2026-06-02T06:04:32.722+0000] {logging_mixin.py:190} INFO - [2026-06-02T06:04:32.722+0000] {dagbag.py:588} INFO - Filling up the DagBag from /opt/airflow/dags/pinot_bootstrap.py
[2026-06-02T06:04:33.595+0000] {processor.py:925} INFO - DAG(s) 'pinot_bootstrap' retrieved from /opt/airflow/dags/pinot_bootstrap.py
[2026-06-02T06:04:33.629+0000] {logging_mixin.py:190} INFO - [2026-06-02T06:04:33.628+0000] {dag.py:3239} INFO - Sync 1 DAGs
[2026-06-02T06:04:33.650+0000] {logging_mixin.py:190} INFO - [2026-06-02T06:04:33.650+0000] {dag.py:4180} INFO - Setting next_dagrun for pinot_bootstrap to None, run_after=None
[2026-06-02T06:04:33.678+0000] {processor.py:208} INFO - Processing /opt/airflow/dags/pinot_bootstrap.py took 0.971 seconds
[2026-06-02T06:05:04.701+0000] {processor.py:186} INFO - Started process (PID=552) to work on /opt/airflow/dags/pinot_bootstrap.py
[2026-06-02T06:05:04.703+0000] {processor.py:914} INFO - Processing file /opt/airflow/dags/pinot_bootstrap.py for tasks to queue
[2026-06-02T06:05:04.706+0000] {logging_mixin.py:190} INFO - [2026-06-02T06:05:04.706+0000] {dagbag.py:588} INFO - Filling up the DagBag from /opt/airflow/dags/pinot_bootstrap.py
[2026-06-02T06:05:05.845+0000] {processor.py:925} INFO - DAG(s) 'pinot_bootstrap' retrieved from /opt/airflow/dags/pinot_bootstrap.py
[2026-06-02T06:05:05.876+0000] {logging_mixin.py:190} INFO - [2026-06-02T06:05:05.874+0000] {dag.py:3239} INFO - Sync 1 DAGs
[2026-06-02T06:05:05.893+0000] {logging_mixin.py:190} INFO - [2026-06-02T06:05:05.893+0000] {dag.py:4180} INFO - Setting next_dagrun for pinot_bootstrap to None, run_after=None
[2026-06-02T06:05:05.918+0000] {processor.py:208} INFO - Processing /opt/airflow/dags/pinot_bootstrap.py took 1.229 seconds
[2026-06-02T06:05:36.235+0000] {processor.py:186} INFO - Started process (PID=686) to work on /opt/airflow/dags/pinot_bootstrap.py
[2026-06-02T06:05:36.237+0000] {processor.py:914} INFO - Processing file /opt/airflow/dags/pinot_bootstrap.py for tasks to queue
[2026-06-02T06:05:36.240+0000] {logging_mixin.py:190} INFO - [2026-06-02T06:05:36.240+0000] {dagbag.py:588} INFO - Filling up the DagBag from /opt/airflow/dags/pinot_bootstrap.py
[2026-06-02T06:05:37.339+0000] {processor.py:925} INFO - DAG(s) 'pinot_bootstrap' retrieved from /opt/airflow/dags/pinot_bootstrap.py
[2026-06-02T06:05:37.374+0000] {logging_mixin.py:190} INFO - [2026-06-02T06:05:37.373+0000] {dag.py:3239} INFO - Sync 1 DAGs
[2026-06-02T06:05:37.390+0000] {logging_mixin.py:190} INFO - [2026-06-02T06:05:37.390+0000] {dag.py:4180} INFO - Setting next_dagrun for pinot_bootstrap to None, run_after=None
[2026-06-02T06:05:37.417+0000] {processor.py:208} INFO - Processing /opt/airflow/dags/pinot_bootstrap.py took 1.192 seconds
[2026-06-02T06:06:08.408+0000] {processor.py:186} INFO - Started process (PID=821) to work on /opt/airflow/dags/pinot_bootstrap.py
[2026-06-02T06:06:08.410+0000] {processor.py:914} INFO - Processing file /opt/airflow/dags/pinot_bootstrap.py for tasks to queue
[2026-06-02T06:06:08.415+0000] {logging_mixin.py:190} INFO - [2026-06-02T06:06:08.414+0000] {dagbag.py:588} INFO - Filling up the DagBag from /opt/airflow/dags/pinot_bootstrap.py
[2026-06-02T06:06:09.999+0000] {processor.py:925} INFO - DAG(s) 'pinot_bootstrap' retrieved from /opt/airflow/dags/pinot_bootstrap.py
[2026-06-02T06:06:10.038+0000] {logging_mixin.py:190} INFO - [2026-06-02T06:06:10.037+0000] {dag.py:3239} INFO - Sync 1 DAGs
[2026-06-02T06:06:10.058+0000] {logging_mixin.py:190} INFO - [2026-06-02T06:06:10.057+0000] {dag.py:4180} INFO - Setting next_dagrun for pinot_bootstrap to None, run_after=None
[2026-06-02T06:06:10.091+0000] {processor.py:208} INFO - Processing /opt/airflow/dags/pinot_bootstrap.py took 1.702 seconds
[2026-06-02T06:06:42.488+0000] {processor.py:186} INFO - Started process (PID=948) to work on /opt/airflow/dags/pinot_bootstrap.py
[2026-06-02T06:06:42.489+0000] {processor.py:914} INFO - Processing file /opt/airflow/dags/pinot_bootstrap.py for tasks to queue
[2026-06-02T06:06:42.494+0000] {logging_mixin.py:190} INFO - [2026-06-02T06:06:42.493+0000] {dagbag.py:588} INFO - Filling up the DagBag from /opt/airflow/dags/pinot_bootstrap.py
[2026-06-02T06:06:43.647+0000] {processor.py:925} INFO - DAG(s) 'pinot_bootstrap' retrieved from /opt/airflow/dags/pinot_bootstrap.py
[2026-06-02T06:06:43.681+0000] {logging_mixin.py:190} INFO - [2026-06-02T06:06:43.680+0000] {dag.py:3239} INFO - Sync 1 DAGs
[2026-06-02T06:06:43.697+0000] {logging_mixin.py:190} INFO - [2026-06-02T06:06:43.697+0000] {dag.py:4180} INFO - Setting next_dagrun for pinot_bootstrap to None, run_after=None
[2026-06-02T06:06:43.725+0000] {processor.py:208} INFO - Processing /opt/airflow/dags/pinot_bootstrap.py took 1.248 seconds
[2026-06-02T06:07:13.988+0000] {processor.py:186} INFO - Started process (PID=1083) to work on /opt/airflow/dags/pinot_bootstrap.py
[2026-06-02T06:07:13.990+0000] {processor.py:914} INFO - Processing file /opt/airflow/dags/pinot_bootstrap.py for tasks to queue
[2026-06-02T06:07:13.994+0000] {logging_mixin.py:190} INFO - [2026-06-02T06:07:13.994+0000] {dagbag.py:588} INFO - Filling up the DagBag from /opt/airflow/dags/pinot_bootstrap.py
[2026-06-02T06:07:15.067+0000] {processor.py:925} INFO - DAG(s) 'pinot_bootstrap' retrieved from /opt/airflow/dags/pinot_bootstrap.py
[2026-06-02T06:07:15.099+0000] {logging_mixin.py:190} INFO - [2026-06-02T06:07:15.098+0000] {dag.py:3239} INFO - Sync 1 DAGs
[2026-06-02T06:07:15.114+0000] {logging_mixin.py:190} INFO - [2026-06-02T06:07:15.113+0000] {dag.py:4180} INFO - Setting next_dagrun for pinot_bootstrap to None, run_after=None
[2026-06-02T06:07:15.143+0000] {processor.py:208} INFO - Processing /opt/airflow/dags/pinot_bootstrap.py took 1.164 seconds
[2026-06-02T06:07:45.678+0000] {processor.py:186} INFO - Started process (PID=1218) to work on /opt/airflow/dags/pinot_bootstrap.py
[2026-06-02T06:07:45.679+0000] {processor.py:914} INFO - Processing file /opt/airflow/dags/pinot_bootstrap.py for tasks to queue
[2026-06-02T06:07:45.683+0000] {logging_mixin.py:190} INFO - [2026-06-02T06:07:45.682+0000] {dagbag.py:588} INFO - Filling up the DagBag from /opt/airflow/dags/pinot_bootstrap.py
[2026-06-02T06:07:46.678+0000] {processor.py:925} INFO - DAG(s) 'pinot_bootstrap' retrieved from /opt/airflow/dags/pinot_bootstrap.py
[2026-06-02T06:07:46.707+0000] {logging_mixin.py:190} INFO - [2026-06-02T06:07:46.707+0000] {dag.py:3239} INFO - Sync 1 DAGs
[2026-06-02T06:07:46.724+0000] {logging_mixin.py:190} INFO - [2026-06-02T06:07:46.724+0000] {dag.py:4180} INFO - Setting next_dagrun for pinot_bootstrap to None, run_after=None
[2026-06-02T06:07:46.750+0000] {processor.py:208} INFO - Processing /opt/airflow/dags/pinot_bootstrap.py took 1.082 seconds
[2026-06-02T06:08:17.335+0000] {processor.py:186} INFO - Started process (PID=1368) to work on /opt/airflow/dags/pinot_bootstrap.py
[2026-06-02T06:08:17.337+0000] {processor.py:914} INFO - Processing file /opt/airflow/dags/pinot_bootstrap.py for tasks to queue
[2026-06-02T06:08:17.340+0000] {logging_mixin.py:190} INFO - [2026-06-02T06:08:17.340+0000] {dagbag.py:588} INFO - Filling up the DagBag from /opt/airflow/dags/pinot_bootstrap.py
[2026-06-02T06:08:18.510+0000] {processor.py:925} INFO - DAG(s) 'pinot_bootstrap' retrieved from /opt/airflow/dags/pinot_bootstrap.py
[2026-06-02T06:08:18.545+0000] {logging_mixin.py:190} INFO - [2026-06-02T06:08:18.544+0000] {dag.py:3239} INFO - Sync 1 DAGs
[2026-06-02T06:08:18.560+0000] {logging_mixin.py:190} INFO - [2026-06-02T06:08:18.560+0000] {dag.py:4180} INFO - Setting next_dagrun for pinot_bootstrap to None, run_after=None
[2026-06-02T06:08:18.586+0000] {processor.py:208} INFO - Processing /opt/airflow/dags/pinot_bootstrap.py took 1.261 seconds
[2026-06-02T06:08:49.235+0000] {processor.py:186} INFO - Started process (PID=1488) to work on /opt/airflow/dags/pinot_bootstrap.py
[2026-06-02T06:08:49.237+0000] {processor.py:914} INFO - Processing file /opt/airflow/dags/pinot_bootstrap.py for tasks to queue
[2026-06-02T06:08:49.242+0000] {logging_mixin.py:190} INFO - [2026-06-02T06:08:49.240+0000] {dagbag.py:588} INFO - Filling up the DagBag from /opt/airflow/dags/pinot_bootstrap.py
[2026-06-02T06:08:50.422+0000] {processor.py:925} INFO - DAG(s) 'pinot_bootstrap' retrieved from /opt/airflow/dags/pinot_bootstrap.py
[2026-06-02T06:08:50.456+0000] {logging_mixin.py:190} INFO - [2026-06-02T06:08:50.455+0000] {dag.py:3239} INFO - Sync 1 DAGs
[2026-06-02T06:08:50.476+0000] {logging_mixin.py:190} INFO - [2026-06-02T06:08:50.476+0000] {dag.py:4180} INFO - Setting next_dagrun for pinot_bootstrap to None, run_after=None
[2026-06-02T06:08:50.509+0000] {processor.py:208} INFO - Processing /opt/airflow/dags/pinot_bootstrap.py took 1.283 seconds
[2026-06-02T06:09:21.571+0000] {processor.py:186} INFO - Started process (PID=1623) to work on /opt/airflow/dags/pinot_bootstrap.py
[2026-06-02T06:09:21.573+0000] {processor.py:914} INFO - Processing file /opt/airflow/dags/pinot_bootstrap.py for tasks to queue
[2026-06-02T06:09:21.578+0000] {logging_mixin.py:190} INFO - [2026-06-02T06:09:21.577+0000] {dagbag.py:588} INFO - Filling up the DagBag from /opt/airflow/dags/pinot_bootstrap.py
[2026-06-02T06:09:22.692+0000] {processor.py:925} INFO - DAG(s) 'pinot_bootstrap' retrieved from /opt/airflow/dags/pinot_bootstrap.py
[2026-06-02T06:09:22.724+0000] {logging_mixin.py:190} INFO - [2026-06-02T06:09:22.723+0000] {dag.py:3239} INFO - Sync 1 DAGs
[2026-06-02T06:09:22.741+0000] {logging_mixin.py:190} INFO - [2026-06-02T06:09:22.741+0000] {dag.py:4180} INFO - Setting next_dagrun for pinot_bootstrap to None, run_after=None
[2026-06-02T06:09:22.768+0000] {processor.py:208} INFO - Processing /opt/airflow/dags/pinot_bootstrap.py took 1.206 seconds
[2026-06-02T06:09:53.019+0000] {processor.py:186} INFO - Started process (PID=1757) to work on /opt/airflow/dags/pinot_bootstrap.py
[2026-06-02T06:09:53.021+0000] {processor.py:914} INFO - Processing file /opt/airflow/dags/pinot_bootstrap.py for tasks to queue
[2026-06-02T06:09:53.025+0000] {logging_mixin.py:190} INFO - [2026-06-02T06:09:53.024+0000] {dagbag.py:588} INFO - Filling up the DagBag from /opt/airflow/dags/pinot_bootstrap.py
[2026-06-02T06:09:53.900+0000] {processor.py:925} INFO - DAG(s) 'pinot_bootstrap' retrieved from /opt/airflow/dags/pinot_bootstrap.py
[2026-06-02T06:09:53.932+0000] {logging_mixin.py:190} INFO - [2026-06-02T06:09:53.932+0000] {dag.py:3239} INFO - Sync 1 DAGs
[2026-06-02T06:09:53.948+0000] {logging_mixin.py:190} INFO - [2026-06-02T06:09:53.948+0000] {dag.py:4180} INFO - Setting next_dagrun for pinot_bootstrap to None, run_after=None
[2026-06-02T06:09:53.975+0000] {processor.py:208} INFO - Processing /opt/airflow/dags/pinot_bootstrap.py took 0.966 seconds
[2026-06-02T06:10:24.751+0000] {processor.py:186} INFO - Started process (PID=1892) to work on /opt/airflow/dags/pinot_bootstrap.py
[2026-06-02T06:10:24.752+0000] {processor.py:914} INFO - Processing file /opt/airflow/dags/pinot_bootstrap.py for tasks to queue
[2026-06-02T06:10:24.755+0000] {logging_mixin.py:190} INFO - [2026-06-02T06:10:24.755+0000] {dagbag.py:588} INFO - Filling up the DagBag from /opt/airflow/dags/pinot_bootstrap.py
[2026-06-02T06:10:25.629+0000] {processor.py:925} INFO - DAG(s) 'pinot_bootstrap' retrieved from /opt/airflow/dags/pinot_bootstrap.py
[2026-06-02T06:10:25.660+0000] {logging_mixin.py:190} INFO - [2026-06-02T06:10:25.659+0000] {dag.py:3239} INFO - Sync 1 DAGs
[2026-06-02T06:10:25.678+0000] {logging_mixin.py:190} INFO - [2026-06-02T06:10:25.677+0000] {dag.py:4180} INFO - Setting next_dagrun for pinot_bootstrap to None, run_after=None
[2026-06-02T06:10:25.705+0000] {processor.py:208} INFO - Processing /opt/airflow/dags/pinot_bootstrap.py took 0.966 seconds
[2026-06-02T06:10:56.344+0000] {processor.py:186} INFO - Started process (PID=2027) to work on /opt/airflow/dags/pinot_bootstrap.py
[2026-06-02T06:10:56.346+0000] {processor.py:914} INFO - Processing file /opt/airflow/dags/pinot_bootstrap.py for tasks to queue
[2026-06-02T06:10:56.350+0000] {logging_mixin.py:190} INFO - [2026-06-02T06:10:56.350+0000] {dagbag.py:588} INFO - Filling up the DagBag from /opt/airflow/dags/pinot_bootstrap.py
[2026-06-02T06:10:57.212+0000] {processor.py:925} INFO - DAG(s) 'pinot_bootstrap' retrieved from /opt/airflow/dags/pinot_bootstrap.py
[2026-06-02T06:10:57.250+0000] {logging_mixin.py:190} INFO - [2026-06-02T06:10:57.247+0000] {dag.py:3239} INFO - Sync 1 DAGs
[2026-06-02T06:10:57.266+0000] {logging_mixin.py:190} INFO - [2026-06-02T06:10:57.266+0000] {dag.py:4180} INFO - Setting next_dagrun for pinot_bootstrap to None, run_after=None
[2026-06-02T06:10:57.333+0000] {processor.py:208} INFO - Processing /opt/airflow/dags/pinot_bootstrap.py took 0.999 seconds
[2026-06-02T06:11:27.982+0000] {processor.py:186} INFO - Started process (PID=2161) to work on /opt/airflow/dags/pinot_bootstrap.py
[2026-06-02T06:11:27.984+0000] {processor.py:914} INFO - Processing file /opt/airflow/dags/pinot_bootstrap.py for tasks to queue
[2026-06-02T06:11:27.989+0000] {logging_mixin.py:190} INFO - [2026-06-02T06:11:27.989+0000] {dagbag.py:588} INFO - Filling up the DagBag from /opt/airflow/dags/pinot_bootstrap.py
[2026-06-02T06:11:29.060+0000] {processor.py:925} INFO - DAG(s) 'pinot_bootstrap' retrieved from /opt/airflow/dags/pinot_bootstrap.py
[2026-06-02T06:11:29.097+0000] {logging_mixin.py:190} INFO - [2026-06-02T06:11:29.096+0000] {dag.py:3239} INFO - Sync 1 DAGs
[2026-06-02T06:11:29.114+0000] {logging_mixin.py:190} INFO - [2026-06-02T06:11:29.114+0000] {dag.py:4180} INFO - Setting next_dagrun for pinot_bootstrap to None, run_after=None
[2026-06-02T06:11:29.145+0000] {processor.py:208} INFO - Processing /opt/airflow/dags/pinot_bootstrap.py took 1.177 seconds
[2026-06-02T06:12:01.674+0000] {processor.py:186} INFO - Started process (PID=2296) to work on /opt/airflow/dags/pinot_bootstrap.py
[2026-06-02T06:12:01.685+0000] {processor.py:914} INFO - Processing file /opt/airflow/dags/pinot_bootstrap.py for tasks to queue
[2026-06-02T06:12:01.690+0000] {logging_mixin.py:190} INFO - [2026-06-02T06:12:01.690+0000] {dagbag.py:588} INFO - Filling up the DagBag from /opt/airflow/dags/pinot_bootstrap.py
[2026-06-02T06:12:03.016+0000] {processor.py:925} INFO - DAG(s) 'pinot_bootstrap' retrieved from /opt/airflow/dags/pinot_bootstrap.py
[2026-06-02T06:12:03.058+0000] {logging_mixin.py:190} INFO - [2026-06-02T06:12:03.057+0000] {dag.py:3239} INFO - Sync 1 DAGs
[2026-06-02T06:12:03.079+0000] {logging_mixin.py:190} INFO - [2026-06-02T06:12:03.078+0000] {dag.py:4180} INFO - Setting next_dagrun for pinot_bootstrap to None, run_after=None
[2026-06-02T06:12:03.115+0000] {processor.py:208} INFO - Processing /opt/airflow/dags/pinot_bootstrap.py took 1.460 seconds
[2026-06-02T06:12:35.463+0000] {processor.py:186} INFO - Started process (PID=2423) to work on /opt/airflow/dags/pinot_bootstrap.py
[2026-06-02T06:12:35.465+0000] {processor.py:914} INFO - Processing file /opt/airflow/dags/pinot_bootstrap.py for tasks to queue
[2026-06-02T06:12:35.469+0000] {logging_mixin.py:190} INFO - [2026-06-02T06:12:35.468+0000] {dagbag.py:588} INFO - Filling up the DagBag from /opt/airflow/dags/pinot_bootstrap.py
[2026-06-02T06:12:36.987+0000] {processor.py:925} INFO - DAG(s) 'pinot_bootstrap' retrieved from /opt/airflow/dags/pinot_bootstrap.py
[2026-06-02T06:12:37.027+0000] {logging_mixin.py:190} INFO - [2026-06-02T06:12:37.026+0000] {dag.py:3239} INFO - Sync 1 DAGs
[2026-06-02T06:12:37.048+0000] {logging_mixin.py:190} INFO - [2026-06-02T06:12:37.047+0000] {dag.py:4180} INFO - Setting next_dagrun for pinot_bootstrap to None, run_after=None
[2026-06-02T06:12:37.088+0000] {processor.py:208} INFO - Processing /opt/airflow/dags/pinot_bootstrap.py took 1.638 seconds
[2026-06-02T06:13:07.352+0000] {processor.py:186} INFO - Started process (PID=2558) to work on /opt/airflow/dags/pinot_bootstrap.py
[2026-06-02T06:13:07.354+0000] {processor.py:914} INFO - Processing file /opt/airflow/dags/pinot_bootstrap.py for tasks to queue
[2026-06-02T06:13:07.358+0000] {logging_mixin.py:190} INFO - [2026-06-02T06:13:07.357+0000] {dagbag.py:588} INFO - Filling up the DagBag from /opt/airflow/dags/pinot_bootstrap.py
[2026-06-02T06:13:08.357+0000] {processor.py:925} INFO - DAG(s) 'pinot_bootstrap' retrieved from /opt/airflow/dags/pinot_bootstrap.py
[2026-06-02T06:13:08.390+0000] {logging_mixin.py:190} INFO - [2026-06-02T06:13:08.389+0000] {dag.py:3239} INFO - Sync 1 DAGs
[2026-06-02T06:13:08.410+0000] {logging_mixin.py:190} INFO - [2026-06-02T06:13:08.409+0000] {dag.py:4180} INFO - Setting next_dagrun for pinot_bootstrap to None, run_after=None
[2026-06-02T06:13:08.440+0000] {processor.py:208} INFO - Processing /opt/airflow/dags/pinot_bootstrap.py took 1.098 seconds
[2026-06-02T06:13:39.407+0000] {processor.py:186} INFO - Started process (PID=2694) to work on /opt/airflow/dags/pinot_bootstrap.py
[2026-06-02T06:13:39.410+0000] {processor.py:914} INFO - Processing file /opt/airflow/dags/pinot_bootstrap.py for tasks to queue
[2026-06-02T06:13:39.415+0000] {logging_mixin.py:190} INFO - [2026-06-02T06:13:39.414+0000] {dagbag.py:588} INFO - Filling up the DagBag from /opt/airflow/dags/pinot_bootstrap.py
[2026-06-02T06:13:41.032+0000] {processor.py:925} INFO - DAG(s) 'pinot_bootstrap' retrieved from /opt/airflow/dags/pinot_bootstrap.py
[2026-06-02T06:13:41.087+0000] {logging_mixin.py:190} INFO - [2026-06-02T06:13:41.087+0000] {dag.py:3239} INFO - Sync 1 DAGs
[2026-06-02T06:13:41.120+0000] {logging_mixin.py:190} INFO - [2026-06-02T06:13:41.119+0000] {dag.py:4180} INFO - Setting next_dagrun for pinot_bootstrap to None, run_after=None
[2026-06-02T06:13:41.159+0000] {processor.py:208} INFO - Processing /opt/airflow/dags/pinot_bootstrap.py took 1.766 seconds
[2026-06-02T06:14:11.472+0000] {processor.py:186} INFO - Started process (PID=2829) to work on /opt/airflow/dags/pinot_bootstrap.py
[2026-06-02T06:14:11.474+0000] {processor.py:914} INFO - Processing file /opt/airflow/dags/pinot_bootstrap.py for tasks to queue
[2026-06-02T06:14:11.478+0000] {logging_mixin.py:190} INFO - [2026-06-02T06:14:11.478+0000] {dagbag.py:588} INFO - Filling up the DagBag from /opt/airflow/dags/pinot_bootstrap.py
[2026-06-02T06:14:12.734+0000] {processor.py:925} INFO - DAG(s) 'pinot_bootstrap' retrieved from /opt/airflow/dags/pinot_bootstrap.py
[2026-06-02T06:14:12.776+0000] {logging_mixin.py:190} INFO - [2026-06-02T06:14:12.775+0000] {dag.py:3239} INFO - Sync 1 DAGs
[2026-06-02T06:14:12.795+0000] {logging_mixin.py:190} INFO - [2026-06-02T06:14:12.795+0000] {dag.py:4180} INFO - Setting next_dagrun for pinot_bootstrap to None, run_after=None
[2026-06-02T06:14:12.827+0000] {processor.py:208} INFO - Processing /opt/airflow/dags/pinot_bootstrap.py took 1.366 seconds
[2026-06-02T06:14:45.114+0000] {processor.py:186} INFO - Started process (PID=2964) to work on /opt/airflow/dags/pinot_bootstrap.py
[2026-06-02T06:14:45.116+0000] {processor.py:914} INFO - Processing file /opt/airflow/dags/pinot_bootstrap.py for tasks to queue
[2026-06-02T06:14:45.120+0000] {logging_mixin.py:190} INFO - [2026-06-02T06:14:45.119+0000] {dagbag.py:588} INFO - Filling up the DagBag from /opt/airflow/dags/pinot_bootstrap.py
[2026-06-02T06:14:46.346+0000] {processor.py:925} INFO - DAG(s) 'pinot_bootstrap' retrieved from /opt/airflow/dags/pinot_bootstrap.py
[2026-06-02T06:14:46.379+0000] {logging_mixin.py:190} INFO - [2026-06-02T06:14:46.379+0000] {dag.py:3239} INFO - Sync 1 DAGs
[2026-06-02T06:14:46.399+0000] {logging_mixin.py:190} INFO - [2026-06-02T06:14:46.398+0000] {dag.py:4180} INFO - Setting next_dagrun for pinot_bootstrap to None, run_after=None
[2026-06-02T06:14:46.427+0000] {processor.py:208} INFO - Processing /opt/airflow/dags/pinot_bootstrap.py took 1.326 seconds
[2026-06-02T06:15:17.719+0000] {processor.py:186} INFO - Started process (PID=3099) to work on /opt/airflow/dags/pinot_bootstrap.py
[2026-06-02T06:15:17.721+0000] {processor.py:914} INFO - Processing file /opt/airflow/dags/pinot_bootstrap.py for tasks to queue
[2026-06-02T06:15:17.726+0000] {logging_mixin.py:190} INFO - [2026-06-02T06:15:17.725+0000] {dagbag.py:588} INFO - Filling up the DagBag from /opt/airflow/dags/pinot_bootstrap.py
[2026-06-02T06:15:18.997+0000] {processor.py:925} INFO - DAG(s) 'pinot_bootstrap' retrieved from /opt/airflow/dags/pinot_bootstrap.py
[2026-06-02T06:15:19.034+0000] {logging_mixin.py:190} INFO - [2026-06-02T06:15:19.033+0000] {dag.py:3239} INFO - Sync 1 DAGs
[2026-06-02T06:15:19.050+0000] {logging_mixin.py:190} INFO - [2026-06-02T06:15:19.049+0000] {dag.py:4180} INFO - Setting next_dagrun for pinot_bootstrap to None, run_after=None
[2026-06-02T06:15:19.075+0000] {processor.py:208} INFO - Processing /opt/airflow/dags/pinot_bootstrap.py took 1.369 seconds
[2026-06-02T06:15:49.392+0000] {processor.py:186} INFO - Started process (PID=3234) to work on /opt/airflow/dags/pinot_bootstrap.py
[2026-06-02T06:15:49.395+0000] {processor.py:914} INFO - Processing file /opt/airflow/dags/pinot_bootstrap.py for tasks to queue
[2026-06-02T06:15:49.401+0000] {logging_mixin.py:190} INFO - [2026-06-02T06:15:49.400+0000] {dagbag.py:588} INFO - Filling up the DagBag from /opt/airflow/dags/pinot_bootstrap.py
[2026-06-02T06:15:50.754+0000] {processor.py:925} INFO - DAG(s) 'pinot_bootstrap' retrieved from /opt/airflow/dags/pinot_bootstrap.py
[2026-06-02T06:15:50.788+0000] {logging_mixin.py:190} INFO - [2026-06-02T06:15:50.787+0000] {dag.py:3239} INFO - Sync 1 DAGs
[2026-06-02T06:15:50.804+0000] {logging_mixin.py:190} INFO - [2026-06-02T06:15:50.804+0000] {dag.py:4180} INFO - Setting next_dagrun for pinot_bootstrap to None, run_after=None
[2026-06-02T06:15:50.835+0000] {processor.py:208} INFO - Processing /opt/airflow/dags/pinot_bootstrap.py took 1.461 seconds
[2026-06-02T06:16:21.682+0000] {processor.py:186} INFO - Started process (PID=3368) to work on /opt/airflow/dags/pinot_bootstrap.py
[2026-06-02T06:16:21.684+0000] {processor.py:914} INFO - Processing file /opt/airflow/dags/pinot_bootstrap.py for tasks to queue
[2026-06-02T06:16:21.688+0000] {logging_mixin.py:190} INFO - [2026-06-02T06:16:21.687+0000] {dagbag.py:588} INFO - Filling up the DagBag from /opt/airflow/dags/pinot_bootstrap.py
[2026-06-02T06:16:22.620+0000] {processor.py:925} INFO - DAG(s) 'pinot_bootstrap' retrieved from /opt/airflow/dags/pinot_bootstrap.py
[2026-06-02T06:16:22.657+0000] {logging_mixin.py:190} INFO - [2026-06-02T06:16:22.656+0000] {dag.py:3239} INFO - Sync 1 DAGs
[2026-06-02T06:16:22.675+0000] {logging_mixin.py:190} INFO - [2026-06-02T06:16:22.675+0000] {dag.py:4180} INFO - Setting next_dagrun for pinot_bootstrap to None, run_after=None
[2026-06-02T06:16:22.702+0000] {processor.py:208} INFO - Processing /opt/airflow/dags/pinot_bootstrap.py took 1.030 seconds
[2026-06-02T06:16:53.354+0000] {processor.py:186} INFO - Started process (PID=3503) to work on /opt/airflow/dags/pinot_bootstrap.py
[2026-06-02T06:16:53.356+0000] {processor.py:914} INFO - Processing file /opt/airflow/dags/pinot_bootstrap.py for tasks to queue
[2026-06-02T06:16:53.360+0000] {logging_mixin.py:190} INFO - [2026-06-02T06:16:53.359+0000] {dagbag.py:588} INFO - Filling up the DagBag from /opt/airflow/dags/pinot_bootstrap.py
[2026-06-02T06:16:54.307+0000] {processor.py:925} INFO - DAG(s) 'pinot_bootstrap' retrieved from /opt/airflow/dags/pinot_bootstrap.py
[2026-06-02T06:16:54.343+0000] {logging_mixin.py:190} INFO - [2026-06-02T06:16:54.340+0000] {dag.py:3239} INFO - Sync 1 DAGs
[2026-06-02T06:16:54.359+0000] {logging_mixin.py:190} INFO - [2026-06-02T06:16:54.359+0000] {dag.py:4180} INFO - Setting next_dagrun for pinot_bootstrap to None, run_after=None
[2026-06-02T06:16:54.386+0000] {processor.py:208} INFO - Processing /opt/airflow/dags/pinot_bootstrap.py took 1.045 seconds
[2026-06-02T06:17:24.905+0000] {processor.py:186} INFO - Started process (PID=3638) to work on /opt/airflow/dags/pinot_bootstrap.py
[2026-06-02T06:17:24.911+0000] {processor.py:914} INFO - Processing file /opt/airflow/dags/pinot_bootstrap.py for tasks to queue
[2026-06-02T06:17:24.919+0000] {logging_mixin.py:190} INFO - [2026-06-02T06:17:24.918+0000] {dagbag.py:588} INFO - Filling up the DagBag from /opt/airflow/dags/pinot_bootstrap.py
[2026-06-02T06:17:26.275+0000] {processor.py:925} INFO - DAG(s) 'pinot_bootstrap' retrieved from /opt/airflow/dags/pinot_bootstrap.py
[2026-06-02T06:17:26.312+0000] {logging_mixin.py:190} INFO - [2026-06-02T06:17:26.311+0000] {dag.py:3239} INFO - Sync 1 DAGs
[2026-06-02T06:17:26.329+0000] {logging_mixin.py:190} INFO - [2026-06-02T06:17:26.328+0000] {dag.py:4180} INFO - Setting next_dagrun for pinot_bootstrap to None, run_after=None
[2026-06-02T06:17:26.358+0000] {processor.py:208} INFO - Processing /opt/airflow/dags/pinot_bootstrap.py took 1.470 seconds
[2026-06-02T06:17:57.066+0000] {processor.py:186} INFO - Started process (PID=3772) to work on /opt/airflow/dags/pinot_bootstrap.py
[2026-06-02T06:17:57.068+0000] {processor.py:914} INFO - Processing file /opt/airflow/dags/pinot_bootstrap.py for tasks to queue
[2026-06-02T06:17:57.073+0000] {logging_mixin.py:190} INFO - [2026-06-02T06:17:57.072+0000] {dagbag.py:588} INFO - Filling up the DagBag from /opt/airflow/dags/pinot_bootstrap.py
[2026-06-02T06:17:58.163+0000] {processor.py:925} INFO - DAG(s) 'pinot_bootstrap' retrieved from /opt/airflow/dags/pinot_bootstrap.py
[2026-06-02T06:17:58.208+0000] {logging_mixin.py:190} INFO - [2026-06-02T06:17:58.207+0000] {dag.py:3239} INFO - Sync 1 DAGs
[2026-06-02T06:17:58.227+0000] {logging_mixin.py:190} INFO - [2026-06-02T06:17:58.227+0000] {dag.py:4180} INFO - Setting next_dagrun for pinot_bootstrap to None, run_after=None
[2026-06-02T06:17:58.254+0000] {processor.py:208} INFO - Processing /opt/airflow/dags/pinot_bootstrap.py took 1.199 seconds
[2026-06-02T06:18:30.959+0000] {processor.py:186} INFO - Started process (PID=3950) to work on /opt/airflow/dags/pinot_bootstrap.py
[2026-06-02T06:18:30.961+0000] {processor.py:914} INFO - Processing file /opt/airflow/dags/pinot_bootstrap.py for tasks to queue
[2026-06-02T06:18:30.966+0000] {logging_mixin.py:190} INFO - [2026-06-02T06:18:30.965+0000] {dagbag.py:588} INFO - Filling up the DagBag from /opt/airflow/dags/pinot_bootstrap.py
[2026-06-02T06:18:32.018+0000] {processor.py:925} INFO - DAG(s) 'pinot_bootstrap' retrieved from /opt/airflow/dags/pinot_bootstrap.py
[2026-06-02T06:18:32.050+0000] {logging_mixin.py:190} INFO - [2026-06-02T06:18:32.050+0000] {dag.py:3239} INFO - Sync 1 DAGs
[2026-06-02T06:18:32.065+0000] {logging_mixin.py:190} INFO - [2026-06-02T06:18:32.065+0000] {dag.py:4180} INFO - Setting next_dagrun for pinot_bootstrap to None, run_after=None
[2026-06-02T06:18:32.095+0000] {processor.py:208} INFO - Processing /opt/airflow/dags/pinot_bootstrap.py took 1.147 seconds
[2026-06-02T06:19:02.291+0000] {processor.py:186} INFO - Started process (PID=4076) to work on /opt/airflow/dags/pinot_bootstrap.py
[2026-06-02T06:19:02.293+0000] {processor.py:914} INFO - Processing file /opt/airflow/dags/pinot_bootstrap.py for tasks to queue
[2026-06-02T06:19:02.299+0000] {logging_mixin.py:190} INFO - [2026-06-02T06:19:02.297+0000] {dagbag.py:588} INFO - Filling up the DagBag from /opt/airflow/dags/pinot_bootstrap.py
[2026-06-02T06:19:03.509+0000] {processor.py:925} INFO - DAG(s) 'pinot_bootstrap' retrieved from /opt/airflow/dags/pinot_bootstrap.py
[2026-06-02T06:19:03.562+0000] {logging_mixin.py:190} INFO - [2026-06-02T06:19:03.561+0000] {dag.py:3239} INFO - Sync 1 DAGs
[2026-06-02T06:19:03.591+0000] {logging_mixin.py:190} INFO - [2026-06-02T06:19:03.590+0000] {dag.py:4180} INFO - Setting next_dagrun for pinot_bootstrap to None, run_after=None
[2026-06-02T06:19:03.629+0000] {processor.py:208} INFO - Processing /opt/airflow/dags/pinot_bootstrap.py took 1.352 seconds
[2026-06-02T06:20:05.030+0000] {processor.py:186} INFO - Started process (PID=288) to work on /opt/airflow/dags/pinot_bootstrap.py
[2026-06-02T06:20:05.032+0000] {processor.py:914} INFO - Processing file /opt/airflow/dags/pinot_bootstrap.py for tasks to queue
[2026-06-02T06:20:05.036+0000] {logging_mixin.py:190} INFO - [2026-06-02T06:20:05.035+0000] {dagbag.py:588} INFO - Filling up the DagBag from /opt/airflow/dags/pinot_bootstrap.py
[2026-06-02T06:20:06.390+0000] {processor.py:925} INFO - DAG(s) 'pinot_bootstrap' retrieved from /opt/airflow/dags/pinot_bootstrap.py
[2026-06-02T06:20:06.428+0000] {logging_mixin.py:190} INFO - [2026-06-02T06:20:06.425+0000] {dag.py:3239} INFO - Sync 1 DAGs
[2026-06-02T06:20:06.451+0000] {logging_mixin.py:190} INFO - [2026-06-02T06:20:06.451+0000] {dag.py:4180} INFO - Setting next_dagrun for pinot_bootstrap to None, run_after=None
[2026-06-02T06:20:06.485+0000] {processor.py:208} INFO - Processing /opt/airflow/dags/pinot_bootstrap.py took 1.467 seconds
[2026-06-02T06:20:37.202+0000] {processor.py:186} INFO - Started process (PID=432) to work on /opt/airflow/dags/pinot_bootstrap.py
[2026-06-02T06:20:37.204+0000] {processor.py:914} INFO - Processing file /opt/airflow/dags/pinot_bootstrap.py for tasks to queue
[2026-06-02T06:20:37.208+0000] {logging_mixin.py:190} INFO - [2026-06-02T06:20:37.207+0000] {dagbag.py:588} INFO - Filling up the DagBag from /opt/airflow/dags/pinot_bootstrap.py
[2026-06-02T06:20:38.308+0000] {processor.py:925} INFO - DAG(s) 'pinot_bootstrap' retrieved from /opt/airflow/dags/pinot_bootstrap.py
[2026-06-02T06:20:38.342+0000] {logging_mixin.py:190} INFO - [2026-06-02T06:20:38.341+0000] {dag.py:3239} INFO - Sync 1 DAGs
[2026-06-02T06:20:38.357+0000] {logging_mixin.py:190} INFO - [2026-06-02T06:20:38.357+0000] {dag.py:4180} INFO - Setting next_dagrun for pinot_bootstrap to None, run_after=None
[2026-06-02T06:20:38.393+0000] {processor.py:208} INFO - Processing /opt/airflow/dags/pinot_bootstrap.py took 1.200 seconds
[2026-06-02T06:21:09.049+0000] {processor.py:186} INFO - Started process (PID=552) to work on /opt/airflow/dags/pinot_bootstrap.py
[2026-06-02T06:21:09.051+0000] {processor.py:914} INFO - Processing file /opt/airflow/dags/pinot_bootstrap.py for tasks to queue
[2026-06-02T06:21:09.056+0000] {logging_mixin.py:190} INFO - [2026-06-02T06:21:09.056+0000] {dagbag.py:588} INFO - Filling up the DagBag from /opt/airflow/dags/pinot_bootstrap.py
[2026-06-02T06:21:10.471+0000] {processor.py:925} INFO - DAG(s) 'pinot_bootstrap' retrieved from /opt/airflow/dags/pinot_bootstrap.py
[2026-06-02T06:21:10.515+0000] {logging_mixin.py:190} INFO - [2026-06-02T06:21:10.514+0000] {dag.py:3239} INFO - Sync 1 DAGs
[2026-06-02T06:21:10.540+0000] {logging_mixin.py:190} INFO - [2026-06-02T06:21:10.539+0000] {dag.py:4180} INFO - Setting next_dagrun for pinot_bootstrap to None, run_after=None
[2026-06-02T06:21:10.571+0000] {processor.py:208} INFO - Processing /opt/airflow/dags/pinot_bootstrap.py took 1.534 seconds
[2026-06-02T06:21:41.081+0000] {processor.py:186} INFO - Started process (PID=702) to work on /opt/airflow/dags/pinot_bootstrap.py
[2026-06-02T06:21:41.082+0000] {processor.py:914} INFO - Processing file /opt/airflow/dags/pinot_bootstrap.py for tasks to queue
[2026-06-02T06:21:41.086+0000] {logging_mixin.py:190} INFO - [2026-06-02T06:21:41.085+0000] {dagbag.py:588} INFO - Filling up the DagBag from /opt/airflow/dags/pinot_bootstrap.py
[2026-06-02T06:21:42.130+0000] {processor.py:925} INFO - DAG(s) 'pinot_bootstrap' retrieved from /opt/airflow/dags/pinot_bootstrap.py
[2026-06-02T06:21:42.161+0000] {logging_mixin.py:190} INFO - [2026-06-02T06:21:42.160+0000] {dag.py:3239} INFO - Sync 1 DAGs
[2026-06-02T06:21:42.176+0000] {logging_mixin.py:190} INFO - [2026-06-02T06:21:42.175+0000] {dag.py:4180} INFO - Setting next_dagrun for pinot_bootstrap to None, run_after=None
[2026-06-02T06:21:42.206+0000] {processor.py:208} INFO - Processing /opt/airflow/dags/pinot_bootstrap.py took 1.134 seconds
[2026-06-02T06:22:12.706+0000] {processor.py:186} INFO - Started process (PID=837) to work on /opt/airflow/dags/pinot_bootstrap.py
[2026-06-02T06:22:12.708+0000] {processor.py:914} INFO - Processing file /opt/airflow/dags/pinot_bootstrap.py for tasks to queue
[2026-06-02T06:22:12.712+0000] {logging_mixin.py:190} INFO - [2026-06-02T06:22:12.711+0000] {dagbag.py:588} INFO - Filling up the DagBag from /opt/airflow/dags/pinot_bootstrap.py
[2026-06-02T06:22:13.897+0000] {processor.py:925} INFO - DAG(s) 'pinot_bootstrap' retrieved from /opt/airflow/dags/pinot_bootstrap.py
[2026-06-02T06:22:13.929+0000] {logging_mixin.py:190} INFO - [2026-06-02T06:22:13.928+0000] {dag.py:3239} INFO - Sync 1 DAGs
[2026-06-02T06:22:13.946+0000] {logging_mixin.py:190} INFO - [2026-06-02T06:22:13.946+0000] {dag.py:4180} INFO - Setting next_dagrun for pinot_bootstrap to None, run_after=None
[2026-06-02T06:22:13.978+0000] {processor.py:208} INFO - Processing /opt/airflow/dags/pinot_bootstrap.py took 1.281 seconds
[2026-06-02T06:22:44.278+0000] {processor.py:186} INFO - Started process (PID=957) to work on /opt/airflow/dags/pinot_bootstrap.py
[2026-06-02T06:22:44.280+0000] {processor.py:914} INFO - Processing file /opt/airflow/dags/pinot_bootstrap.py for tasks to queue
[2026-06-02T06:22:44.284+0000] {logging_mixin.py:190} INFO - [2026-06-02T06:22:44.283+0000] {dagbag.py:588} INFO - Filling up the DagBag from /opt/airflow/dags/pinot_bootstrap.py
[2026-06-02T06:22:46.006+0000] {processor.py:925} INFO - DAG(s) 'pinot_bootstrap' retrieved from /opt/airflow/dags/pinot_bootstrap.py
[2026-06-02T06:22:46.060+0000] {logging_mixin.py:190} INFO - [2026-06-02T06:22:46.058+0000] {dag.py:3239} INFO - Sync 1 DAGs
[2026-06-02T06:22:46.092+0000] {logging_mixin.py:190} INFO - [2026-06-02T06:22:46.091+0000] {dag.py:4180} INFO - Setting next_dagrun for pinot_bootstrap to None, run_after=None
[2026-06-02T06:22:46.152+0000] {processor.py:208} INFO - Processing /opt/airflow/dags/pinot_bootstrap.py took 1.883 seconds
[2026-06-02T06:23:20.857+0000] {processor.py:186} INFO - Started process (PID=1091) to work on /opt/airflow/dags/pinot_bootstrap.py
[2026-06-02T06:23:20.859+0000] {processor.py:914} INFO - Processing file /opt/airflow/dags/pinot_bootstrap.py for tasks to queue
[2026-06-02T06:23:20.868+0000] {logging_mixin.py:190} INFO - [2026-06-02T06:23:20.867+0000] {dagbag.py:588} INFO - Filling up the DagBag from /opt/airflow/dags/pinot_bootstrap.py
[2026-06-02T06:23:22.017+0000] {processor.py:925} INFO - DAG(s) 'pinot_bootstrap' retrieved from /opt/airflow/dags/pinot_bootstrap.py
[2026-06-02T06:23:22.050+0000] {logging_mixin.py:190} INFO - [2026-06-02T06:23:22.050+0000] {dag.py:3239} INFO - Sync 1 DAGs
[2026-06-02T06:23:22.070+0000] {logging_mixin.py:190} INFO - [2026-06-02T06:23:22.069+0000] {dag.py:4180} INFO - Setting next_dagrun for pinot_bootstrap to None, run_after=None
[2026-06-02T06:23:22.614+0000] {processor.py:208} INFO - Processing /opt/airflow/dags/pinot_bootstrap.py took 1.773 seconds
[2026-06-02T06:23:53.597+0000] {processor.py:186} INFO - Started process (PID=1226) to work on /opt/airflow/dags/pinot_bootstrap.py
[2026-06-02T06:23:53.600+0000] {processor.py:914} INFO - Processing file /opt/airflow/dags/pinot_bootstrap.py for tasks to queue
[2026-06-02T06:23:53.605+0000] {logging_mixin.py:190} INFO - [2026-06-02T06:23:53.605+0000] {dagbag.py:588} INFO - Filling up the DagBag from /opt/airflow/dags/pinot_bootstrap.py
[2026-06-02T06:23:54.695+0000] {processor.py:925} INFO - DAG(s) 'pinot_bootstrap' retrieved from /opt/airflow/dags/pinot_bootstrap.py
[2026-06-02T06:23:54.740+0000] {logging_mixin.py:190} INFO - [2026-06-02T06:23:54.738+0000] {dag.py:3239} INFO - Sync 1 DAGs
[2026-06-02T06:23:54.760+0000] {logging_mixin.py:190} INFO - [2026-06-02T06:23:54.759+0000] {dag.py:4180} INFO - Setting next_dagrun for pinot_bootstrap to None, run_after=None
[2026-06-02T06:23:54.804+0000] {processor.py:208} INFO - Processing /opt/airflow/dags/pinot_bootstrap.py took 1.222 seconds
[2026-06-02T06:24:25.347+0000] {processor.py:186} INFO - Started process (PID=1361) to work on /opt/airflow/dags/pinot_bootstrap.py
[2026-06-02T06:24:25.348+0000] {processor.py:914} INFO - Processing file /opt/airflow/dags/pinot_bootstrap.py for tasks to queue
[2026-06-02T06:24:25.353+0000] {logging_mixin.py:190} INFO - [2026-06-02T06:24:25.352+0000] {dagbag.py:588} INFO - Filling up the DagBag from /opt/airflow/dags/pinot_bootstrap.py
[2026-06-02T06:24:26.380+0000] {processor.py:925} INFO - DAG(s) 'pinot_bootstrap' retrieved from /opt/airflow/dags/pinot_bootstrap.py
[2026-06-02T06:24:26.422+0000] {logging_mixin.py:190} INFO - [2026-06-02T06:24:26.421+0000] {dag.py:3239} INFO - Sync 1 DAGs
[2026-06-02T06:24:26.442+0000] {logging_mixin.py:190} INFO - [2026-06-02T06:24:26.442+0000] {dag.py:4180} INFO - Setting next_dagrun for pinot_bootstrap to None, run_after=None
[2026-06-02T06:24:26.475+0000] {processor.py:208} INFO - Processing /opt/airflow/dags/pinot_bootstrap.py took 1.139 seconds
[2026-06-02T06:24:57.271+0000] {processor.py:186} INFO - Started process (PID=1496) to work on /opt/airflow/dags/pinot_bootstrap.py
[2026-06-02T06:24:57.273+0000] {processor.py:914} INFO - Processing file /opt/airflow/dags/pinot_bootstrap.py for tasks to queue
[2026-06-02T06:24:57.280+0000] {logging_mixin.py:190} INFO - [2026-06-02T06:24:57.279+0000] {dagbag.py:588} INFO - Filling up the DagBag from /opt/airflow/dags/pinot_bootstrap.py
[2026-06-02T06:24:58.571+0000] {processor.py:925} INFO - DAG(s) 'pinot_bootstrap' retrieved from /opt/airflow/dags/pinot_bootstrap.py
[2026-06-02T06:24:58.612+0000] {logging_mixin.py:190} INFO - [2026-06-02T06:24:58.612+0000] {dag.py:3239} INFO - Sync 1 DAGs
[2026-06-02T06:24:58.639+0000] {logging_mixin.py:190} INFO - [2026-06-02T06:24:58.638+0000] {dag.py:4180} INFO - Setting next_dagrun for pinot_bootstrap to None, run_after=None
[2026-06-02T06:24:58.676+0000] {processor.py:208} INFO - Processing /opt/airflow/dags/pinot_bootstrap.py took 1.420 seconds
[2026-06-02T06:25:29.092+0000] {processor.py:186} INFO - Started process (PID=1631) to work on /opt/airflow/dags/pinot_bootstrap.py
[2026-06-02T06:25:29.101+0000] {processor.py:914} INFO - Processing file /opt/airflow/dags/pinot_bootstrap.py for tasks to queue
[2026-06-02T06:25:29.107+0000] {logging_mixin.py:190} INFO - [2026-06-02T06:25:29.106+0000] {dagbag.py:588} INFO - Filling up the DagBag from /opt/airflow/dags/pinot_bootstrap.py
[2026-06-02T06:25:30.221+0000] {processor.py:925} INFO - DAG(s) 'pinot_bootstrap' retrieved from /opt/airflow/dags/pinot_bootstrap.py
[2026-06-02T06:25:30.263+0000] {logging_mixin.py:190} INFO - [2026-06-02T06:25:30.262+0000] {dag.py:3239} INFO - Sync 1 DAGs
[2026-06-02T06:25:30.284+0000] {logging_mixin.py:190} INFO - [2026-06-02T06:25:30.284+0000] {dag.py:4180} INFO - Setting next_dagrun for pinot_bootstrap to None, run_after=None
[2026-06-02T06:25:30.317+0000] {processor.py:208} INFO - Processing /opt/airflow/dags/pinot_bootstrap.py took 1.240 seconds
[2026-06-02T06:26:01.083+0000] {processor.py:186} INFO - Started process (PID=1765) to work on /opt/airflow/dags/pinot_bootstrap.py
[2026-06-02T06:26:01.085+0000] {processor.py:914} INFO - Processing file /opt/airflow/dags/pinot_bootstrap.py for tasks to queue
[2026-06-02T06:26:01.089+0000] {logging_mixin.py:190} INFO - [2026-06-02T06:26:01.088+0000] {dagbag.py:588} INFO - Filling up the DagBag from /opt/airflow/dags/pinot_bootstrap.py
[2026-06-02T06:26:02.213+0000] {processor.py:925} INFO - DAG(s) 'pinot_bootstrap' retrieved from /opt/airflow/dags/pinot_bootstrap.py
[2026-06-02T06:26:02.254+0000] {logging_mixin.py:190} INFO - [2026-06-02T06:26:02.253+0000] {dag.py:3239} INFO - Sync 1 DAGs
[2026-06-02T06:26:02.279+0000] {logging_mixin.py:190} INFO - [2026-06-02T06:26:02.278+0000] {dag.py:4180} INFO - Setting next_dagrun for pinot_bootstrap to None, run_after=None
[2026-06-02T06:26:02.319+0000] {processor.py:208} INFO - Processing /opt/airflow/dags/pinot_bootstrap.py took 1.246 seconds
[2026-06-02T06:26:32.737+0000] {processor.py:186} INFO - Started process (PID=1892) to work on /opt/airflow/dags/pinot_bootstrap.py
[2026-06-02T06:26:32.739+0000] {processor.py:914} INFO - Processing file /opt/airflow/dags/pinot_bootstrap.py for tasks to queue
[2026-06-02T06:26:32.742+0000] {logging_mixin.py:190} INFO - [2026-06-02T06:26:32.742+0000] {dagbag.py:588} INFO - Filling up the DagBag from /opt/airflow/dags/pinot_bootstrap.py
[2026-06-02T06:26:33.611+0000] {processor.py:925} INFO - DAG(s) 'pinot_bootstrap' retrieved from /opt/airflow/dags/pinot_bootstrap.py
[2026-06-02T06:26:33.643+0000] {logging_mixin.py:190} INFO - [2026-06-02T06:26:33.643+0000] {dag.py:3239} INFO - Sync 1 DAGs
[2026-06-02T06:26:33.660+0000] {logging_mixin.py:190} INFO - [2026-06-02T06:26:33.659+0000] {dag.py:4180} INFO - Setting next_dagrun for pinot_bootstrap to None, run_after=None
[2026-06-02T06:26:33.685+0000] {processor.py:208} INFO - Processing /opt/airflow/dags/pinot_bootstrap.py took 0.958 seconds
[2026-06-02T06:27:04.360+0000] {processor.py:186} INFO - Started process (PID=2027) to work on /opt/airflow/dags/pinot_bootstrap.py
[2026-06-02T06:27:04.361+0000] {processor.py:914} INFO - Processing file /opt/airflow/dags/pinot_bootstrap.py for tasks to queue
[2026-06-02T06:27:04.365+0000] {logging_mixin.py:190} INFO - [2026-06-02T06:27:04.365+0000] {dagbag.py:588} INFO - Filling up the DagBag from /opt/airflow/dags/pinot_bootstrap.py
[2026-06-02T06:27:05.270+0000] {processor.py:925} INFO - DAG(s) 'pinot_bootstrap' retrieved from /opt/airflow/dags/pinot_bootstrap.py
[2026-06-02T06:27:05.302+0000] {logging_mixin.py:190} INFO - [2026-06-02T06:27:05.301+0000] {dag.py:3239} INFO - Sync 1 DAGs
[2026-06-02T06:27:05.318+0000] {logging_mixin.py:190} INFO - [2026-06-02T06:27:05.318+0000] {dag.py:4180} INFO - Setting next_dagrun for pinot_bootstrap to None, run_after=None
[2026-06-02T06:27:05.388+0000] {processor.py:208} INFO - Processing /opt/airflow/dags/pinot_bootstrap.py took 1.040 seconds
[2026-06-02T06:27:36.304+0000] {processor.py:186} INFO - Started process (PID=2162) to work on /opt/airflow/dags/pinot_bootstrap.py
[2026-06-02T06:27:36.310+0000] {processor.py:914} INFO - Processing file /opt/airflow/dags/pinot_bootstrap.py for tasks to queue
[2026-06-02T06:27:36.321+0000] {logging_mixin.py:190} INFO - [2026-06-02T06:27:36.316+0000] {dagbag.py:588} INFO - Filling up the DagBag from /opt/airflow/dags/pinot_bootstrap.py
[2026-06-02T06:27:37.805+0000] {processor.py:925} INFO - DAG(s) 'pinot_bootstrap' retrieved from /opt/airflow/dags/pinot_bootstrap.py
[2026-06-02T06:27:37.851+0000] {logging_mixin.py:190} INFO - [2026-06-02T06:27:37.850+0000] {dag.py:3239} INFO - Sync 1 DAGs
[2026-06-02T06:27:37.876+0000] {logging_mixin.py:190} INFO - [2026-06-02T06:27:37.876+0000] {dag.py:4180} INFO - Setting next_dagrun for pinot_bootstrap to None, run_after=None
[2026-06-02T06:27:37.916+0000] {processor.py:208} INFO - Processing /opt/airflow/dags/pinot_bootstrap.py took 1.659 seconds
[2026-06-02T06:28:08.593+0000] {processor.py:186} INFO - Started process (PID=2297) to work on /opt/airflow/dags/pinot_bootstrap.py
[2026-06-02T06:28:08.594+0000] {processor.py:914} INFO - Processing file /opt/airflow/dags/pinot_bootstrap.py for tasks to queue
[2026-06-02T06:28:08.599+0000] {logging_mixin.py:190} INFO - [2026-06-02T06:28:08.599+0000] {dagbag.py:588} INFO - Filling up the DagBag from /opt/airflow/dags/pinot_bootstrap.py
[2026-06-02T06:28:09.992+0000] {processor.py:925} INFO - DAG(s) 'pinot_bootstrap' retrieved from /opt/airflow/dags/pinot_bootstrap.py
[2026-06-02T06:28:10.034+0000] {logging_mixin.py:190} INFO - [2026-06-02T06:28:10.033+0000] {dag.py:3239} INFO - Sync 1 DAGs
[2026-06-02T06:28:10.054+0000] {logging_mixin.py:190} INFO - [2026-06-02T06:28:10.053+0000] {dag.py:4180} INFO - Setting next_dagrun for pinot_bootstrap to None, run_after=None
[2026-06-02T06:28:10.090+0000] {processor.py:208} INFO - Processing /opt/airflow/dags/pinot_bootstrap.py took 1.515 seconds
[2026-06-02T06:28:40.848+0000] {processor.py:186} INFO - Started process (PID=2432) to work on /opt/airflow/dags/pinot_bootstrap.py
[2026-06-02T06:28:40.850+0000] {processor.py:914} INFO - Processing file /opt/airflow/dags/pinot_bootstrap.py for tasks to queue
[2026-06-02T06:28:40.854+0000] {logging_mixin.py:190} INFO - [2026-06-02T06:28:40.853+0000] {dagbag.py:588} INFO - Filling up the DagBag from /opt/airflow/dags/pinot_bootstrap.py
[2026-06-02T06:28:41.834+0000] {processor.py:925} INFO - DAG(s) 'pinot_bootstrap' retrieved from /opt/airflow/dags/pinot_bootstrap.py
[2026-06-02T06:28:41.867+0000] {logging_mixin.py:190} INFO - [2026-06-02T06:28:41.866+0000] {dag.py:3239} INFO - Sync 1 DAGs
[2026-06-02T06:28:41.884+0000] {logging_mixin.py:190} INFO - [2026-06-02T06:28:41.884+0000] {dag.py:4180} INFO - Setting next_dagrun for pinot_bootstrap to None, run_after=None
[2026-06-02T06:28:41.912+0000] {processor.py:208} INFO - Processing /opt/airflow/dags/pinot_bootstrap.py took 1.076 seconds
[2026-06-02T06:29:12.690+0000] {processor.py:186} INFO - Started process (PID=2567) to work on /opt/airflow/dags/pinot_bootstrap.py
[2026-06-02T06:29:12.698+0000] {processor.py:914} INFO - Processing file /opt/airflow/dags/pinot_bootstrap.py for tasks to queue
[2026-06-02T06:29:12.707+0000] {logging_mixin.py:190} INFO - [2026-06-02T06:29:12.706+0000] {dagbag.py:588} INFO - Filling up the DagBag from /opt/airflow/dags/pinot_bootstrap.py
[2026-06-02T06:29:13.741+0000] {processor.py:925} INFO - DAG(s) 'pinot_bootstrap' retrieved from /opt/airflow/dags/pinot_bootstrap.py
[2026-06-02T06:29:13.775+0000] {logging_mixin.py:190} INFO - [2026-06-02T06:29:13.775+0000] {dag.py:3239} INFO - Sync 1 DAGs
[2026-06-02T06:29:13.792+0000] {logging_mixin.py:190} INFO - [2026-06-02T06:29:13.792+0000] {dag.py:4180} INFO - Setting next_dagrun for pinot_bootstrap to None, run_after=None
[2026-06-02T06:29:13.818+0000] {processor.py:208} INFO - Processing /opt/airflow/dags/pinot_bootstrap.py took 1.145 seconds
[2026-06-02T06:29:44.130+0000] {processor.py:186} INFO - Started process (PID=2703) to work on /opt/airflow/dags/pinot_bootstrap.py
[2026-06-02T06:29:44.132+0000] {processor.py:914} INFO - Processing file /opt/airflow/dags/pinot_bootstrap.py for tasks to queue
[2026-06-02T06:29:44.142+0000] {logging_mixin.py:190} INFO - [2026-06-02T06:29:44.141+0000] {dagbag.py:588} INFO - Filling up the DagBag from /opt/airflow/dags/pinot_bootstrap.py
[2026-06-02T06:29:45.329+0000] {processor.py:925} INFO - DAG(s) 'pinot_bootstrap' retrieved from /opt/airflow/dags/pinot_bootstrap.py
[2026-06-02T06:29:45.361+0000] {logging_mixin.py:190} INFO - [2026-06-02T06:29:45.360+0000] {dag.py:3239} INFO - Sync 1 DAGs
[2026-06-02T06:29:45.383+0000] {logging_mixin.py:190} INFO - [2026-06-02T06:29:45.382+0000] {dag.py:4180} INFO - Setting next_dagrun for pinot_bootstrap to None, run_after=None
[2026-06-02T06:29:45.410+0000] {processor.py:208} INFO - Processing /opt/airflow/dags/pinot_bootstrap.py took 1.297 seconds
[2026-06-02T06:30:15.569+0000] {processor.py:186} INFO - Started process (PID=2837) to work on /opt/airflow/dags/pinot_bootstrap.py
[2026-06-02T06:30:15.571+0000] {processor.py:914} INFO - Processing file /opt/airflow/dags/pinot_bootstrap.py for tasks to queue
[2026-06-02T06:30:15.575+0000] {logging_mixin.py:190} INFO - [2026-06-02T06:30:15.575+0000] {dagbag.py:588} INFO - Filling up the DagBag from /opt/airflow/dags/pinot_bootstrap.py
[2026-06-02T06:30:16.650+0000] {processor.py:925} INFO - DAG(s) 'pinot_bootstrap' retrieved from /opt/airflow/dags/pinot_bootstrap.py
[2026-06-02T06:30:16.699+0000] {logging_mixin.py:190} INFO - [2026-06-02T06:30:16.698+0000] {dag.py:3239} INFO - Sync 1 DAGs
[2026-06-02T06:30:16.727+0000] {logging_mixin.py:190} INFO - [2026-06-02T06:30:16.726+0000] {dag.py:4180} INFO - Setting next_dagrun for pinot_bootstrap to None, run_after=None
[2026-06-02T06:30:16.773+0000] {processor.py:208} INFO - Processing /opt/airflow/dags/pinot_bootstrap.py took 1.217 seconds
[2026-06-02T06:30:47.769+0000] {processor.py:186} INFO - Started process (PID=2972) to work on /opt/airflow/dags/pinot_bootstrap.py
[2026-06-02T06:30:47.771+0000] {processor.py:914} INFO - Processing file /opt/airflow/dags/pinot_bootstrap.py for tasks to queue
[2026-06-02T06:30:47.776+0000] {logging_mixin.py:190} INFO - [2026-06-02T06:30:47.775+0000] {dagbag.py:588} INFO - Filling up the DagBag from /opt/airflow/dags/pinot_bootstrap.py
[2026-06-02T06:30:48.810+0000] {processor.py:925} INFO - DAG(s) 'pinot_bootstrap' retrieved from /opt/airflow/dags/pinot_bootstrap.py
[2026-06-02T06:30:48.849+0000] {logging_mixin.py:190} INFO - [2026-06-02T06:30:48.848+0000] {dag.py:3239} INFO - Sync 1 DAGs
[2026-06-02T06:30:48.873+0000] {logging_mixin.py:190} INFO - [2026-06-02T06:30:48.872+0000] {dag.py:4180} INFO - Setting next_dagrun for pinot_bootstrap to None, run_after=None
[2026-06-02T06:30:48.908+0000] {processor.py:208} INFO - Processing /opt/airflow/dags/pinot_bootstrap.py took 1.150 seconds
[2026-06-02T06:31:19.595+0000] {processor.py:186} INFO - Started process (PID=3106) to work on /opt/airflow/dags/pinot_bootstrap.py
[2026-06-02T06:31:19.597+0000] {processor.py:914} INFO - Processing file /opt/airflow/dags/pinot_bootstrap.py for tasks to queue
[2026-06-02T06:31:19.601+0000] {logging_mixin.py:190} INFO - [2026-06-02T06:31:19.600+0000] {dagbag.py:588} INFO - Filling up the DagBag from /opt/airflow/dags/pinot_bootstrap.py
[2026-06-02T06:31:20.529+0000] {processor.py:925} INFO - DAG(s) 'pinot_bootstrap' retrieved from /opt/airflow/dags/pinot_bootstrap.py
[2026-06-02T06:31:20.566+0000] {logging_mixin.py:190} INFO - [2026-06-02T06:31:20.566+0000] {dag.py:3239} INFO - Sync 1 DAGs
[2026-06-02T06:31:20.586+0000] {logging_mixin.py:190} INFO - [2026-06-02T06:31:20.585+0000] {dag.py:4180} INFO - Setting next_dagrun for pinot_bootstrap to None, run_after=None
[2026-06-02T06:31:20.609+0000] {processor.py:208} INFO - Processing /opt/airflow/dags/pinot_bootstrap.py took 1.024 seconds
[2026-06-02T06:31:51.214+0000] {processor.py:186} INFO - Started process (PID=3233) to work on /opt/airflow/dags/pinot_bootstrap.py
[2026-06-02T06:31:51.216+0000] {processor.py:914} INFO - Processing file /opt/airflow/dags/pinot_bootstrap.py for tasks to queue
[2026-06-02T06:31:51.223+0000] {logging_mixin.py:190} INFO - [2026-06-02T06:31:51.222+0000] {dagbag.py:588} INFO - Filling up the DagBag from /opt/airflow/dags/pinot_bootstrap.py
[2026-06-02T06:31:52.578+0000] {processor.py:925} INFO - DAG(s) 'pinot_bootstrap' retrieved from /opt/airflow/dags/pinot_bootstrap.py
[2026-06-02T06:31:52.619+0000] {logging_mixin.py:190} INFO - [2026-06-02T06:31:52.618+0000] {dag.py:3239} INFO - Sync 1 DAGs
[2026-06-02T06:31:52.640+0000] {logging_mixin.py:190} INFO - [2026-06-02T06:31:52.640+0000] {dag.py:4180} INFO - Setting next_dagrun for pinot_bootstrap to None, run_after=None
[2026-06-02T06:31:52.671+0000] {processor.py:208} INFO - Processing /opt/airflow/dags/pinot_bootstrap.py took 1.466 seconds
[2026-06-02T06:32:23.467+0000] {processor.py:186} INFO - Started process (PID=3368) to work on /opt/airflow/dags/pinot_bootstrap.py
[2026-06-02T06:32:23.470+0000] {processor.py:914} INFO - Processing file /opt/airflow/dags/pinot_bootstrap.py for tasks to queue
[2026-06-02T06:32:23.473+0000] {logging_mixin.py:190} INFO - [2026-06-02T06:32:23.472+0000] {dagbag.py:588} INFO - Filling up the DagBag from /opt/airflow/dags/pinot_bootstrap.py
[2026-06-02T06:32:24.498+0000] {processor.py:925} INFO - DAG(s) 'pinot_bootstrap' retrieved from /opt/airflow/dags/pinot_bootstrap.py
[2026-06-02T06:32:24.533+0000] {logging_mixin.py:190} INFO - [2026-06-02T06:32:24.533+0000] {dag.py:3239} INFO - Sync 1 DAGs
[2026-06-02T06:32:24.549+0000] {logging_mixin.py:190} INFO - [2026-06-02T06:32:24.549+0000] {dag.py:4180} INFO - Setting next_dagrun for pinot_bootstrap to None, run_after=None
[2026-06-02T06:32:24.577+0000] {processor.py:208} INFO - Processing /opt/airflow/dags/pinot_bootstrap.py took 1.120 seconds
[2026-06-02T06:32:55.160+0000] {processor.py:186} INFO - Started process (PID=3503) to work on /opt/airflow/dags/pinot_bootstrap.py
[2026-06-02T06:32:55.162+0000] {processor.py:914} INFO - Processing file /opt/airflow/dags/pinot_bootstrap.py for tasks to queue
[2026-06-02T06:32:55.166+0000] {logging_mixin.py:190} INFO - [2026-06-02T06:32:55.165+0000] {dagbag.py:588} INFO - Filling up the DagBag from /opt/airflow/dags/pinot_bootstrap.py
[2026-06-02T06:32:56.093+0000] {processor.py:925} INFO - DAG(s) 'pinot_bootstrap' retrieved from /opt/airflow/dags/pinot_bootstrap.py
[2026-06-02T06:32:56.127+0000] {logging_mixin.py:190} INFO - [2026-06-02T06:32:56.126+0000] {dag.py:3239} INFO - Sync 1 DAGs
[2026-06-02T06:32:56.143+0000] {logging_mixin.py:190} INFO - [2026-06-02T06:32:56.142+0000] {dag.py:4180} INFO - Setting next_dagrun for pinot_bootstrap to None, run_after=None
[2026-06-02T06:32:56.170+0000] {processor.py:208} INFO - Processing /opt/airflow/dags/pinot_bootstrap.py took 1.020 seconds
[2026-06-02T06:33:26.559+0000] {processor.py:186} INFO - Started process (PID=3638) to work on /opt/airflow/dags/pinot_bootstrap.py
[2026-06-02T06:33:26.561+0000] {processor.py:914} INFO - Processing file /opt/airflow/dags/pinot_bootstrap.py for tasks to queue
[2026-06-02T06:33:26.564+0000] {logging_mixin.py:190} INFO - [2026-06-02T06:33:26.564+0000] {dagbag.py:588} INFO - Filling up the DagBag from /opt/airflow/dags/pinot_bootstrap.py
[2026-06-02T06:33:27.501+0000] {processor.py:925} INFO - DAG(s) 'pinot_bootstrap' retrieved from /opt/airflow/dags/pinot_bootstrap.py
[2026-06-02T06:33:27.543+0000] {logging_mixin.py:190} INFO - [2026-06-02T06:33:27.543+0000] {dag.py:3239} INFO - Sync 1 DAGs
[2026-06-02T06:33:27.562+0000] {logging_mixin.py:190} INFO - [2026-06-02T06:33:27.561+0000] {dag.py:4180} INFO - Setting next_dagrun for pinot_bootstrap to None, run_after=None
[2026-06-02T06:33:27.592+0000] {processor.py:208} INFO - Processing /opt/airflow/dags/pinot_bootstrap.py took 1.043 seconds
[2026-06-02T06:33:58.190+0000] {processor.py:186} INFO - Started process (PID=3773) to work on /opt/airflow/dags/pinot_bootstrap.py
[2026-06-02T06:33:58.192+0000] {processor.py:914} INFO - Processing file /opt/airflow/dags/pinot_bootstrap.py for tasks to queue
[2026-06-02T06:33:58.195+0000] {logging_mixin.py:190} INFO - [2026-06-02T06:33:58.195+0000] {dagbag.py:588} INFO - Filling up the DagBag from /opt/airflow/dags/pinot_bootstrap.py
[2026-06-02T06:33:59.228+0000] {processor.py:925} INFO - DAG(s) 'pinot_bootstrap' retrieved from /opt/airflow/dags/pinot_bootstrap.py
[2026-06-02T06:33:59.270+0000] {logging_mixin.py:190} INFO - [2026-06-02T06:33:59.269+0000] {dag.py:3239} INFO - Sync 1 DAGs
[2026-06-02T06:33:59.290+0000] {logging_mixin.py:190} INFO - [2026-06-02T06:33:59.290+0000] {dag.py:4180} INFO - Setting next_dagrun for pinot_bootstrap to None, run_after=None
[2026-06-02T06:33:59.324+0000] {processor.py:208} INFO - Processing /opt/airflow/dags/pinot_bootstrap.py took 1.144 seconds
[2026-06-02T06:34:29.859+0000] {processor.py:186} INFO - Started process (PID=3908) to work on /opt/airflow/dags/pinot_bootstrap.py
[2026-06-02T06:34:29.861+0000] {processor.py:914} INFO - Processing file /opt/airflow/dags/pinot_bootstrap.py for tasks to queue
[2026-06-02T06:34:29.865+0000] {logging_mixin.py:190} INFO - [2026-06-02T06:34:29.864+0000] {dagbag.py:588} INFO - Filling up the DagBag from /opt/airflow/dags/pinot_bootstrap.py
[2026-06-02T06:34:30.705+0000] {processor.py:925} INFO - DAG(s) 'pinot_bootstrap' retrieved from /opt/airflow/dags/pinot_bootstrap.py
[2026-06-02T06:34:30.741+0000] {logging_mixin.py:190} INFO - [2026-06-02T06:34:30.740+0000] {dag.py:3239} INFO - Sync 1 DAGs
[2026-06-02T06:34:30.761+0000] {logging_mixin.py:190} INFO - [2026-06-02T06:34:30.761+0000] {dag.py:4180} INFO - Setting next_dagrun for pinot_bootstrap to None, run_after=None
[2026-06-02T06:34:30.805+0000] {processor.py:208} INFO - Processing /opt/airflow/dags/pinot_bootstrap.py took 0.956 seconds
[2026-06-02T06:35:01.411+0000] {processor.py:186} INFO - Started process (PID=4043) to work on /opt/airflow/dags/pinot_bootstrap.py
[2026-06-02T06:35:01.412+0000] {processor.py:914} INFO - Processing file /opt/airflow/dags/pinot_bootstrap.py for tasks to queue
[2026-06-02T06:35:01.416+0000] {logging_mixin.py:190} INFO - [2026-06-02T06:35:01.416+0000] {dagbag.py:588} INFO - Filling up the DagBag from /opt/airflow/dags/pinot_bootstrap.py
[2026-06-02T06:35:02.427+0000] {processor.py:925} INFO - DAG(s) 'pinot_bootstrap' retrieved from /opt/airflow/dags/pinot_bootstrap.py
[2026-06-02T06:35:02.468+0000] {logging_mixin.py:190} INFO - [2026-06-02T06:35:02.467+0000] {dag.py:3239} INFO - Sync 1 DAGs
[2026-06-02T06:35:02.487+0000] {logging_mixin.py:190} INFO - [2026-06-02T06:35:02.487+0000] {dag.py:4180} INFO - Setting next_dagrun for pinot_bootstrap to None, run_after=None
[2026-06-02T06:35:02.514+0000] {processor.py:208} INFO - Processing /opt/airflow/dags/pinot_bootstrap.py took 1.112 seconds
[2026-06-02T06:35:33.140+0000] {processor.py:186} INFO - Started process (PID=4178) to work on /opt/airflow/dags/pinot_bootstrap.py
[2026-06-02T06:35:33.141+0000] {processor.py:914} INFO - Processing file /opt/airflow/dags/pinot_bootstrap.py for tasks to queue
[2026-06-02T06:35:33.146+0000] {logging_mixin.py:190} INFO - [2026-06-02T06:35:33.146+0000] {dagbag.py:588} INFO - Filling up the DagBag from /opt/airflow/dags/pinot_bootstrap.py
[2026-06-02T06:35:34.447+0000] {processor.py:925} INFO - DAG(s) 'pinot_bootstrap' retrieved from /opt/airflow/dags/pinot_bootstrap.py
[2026-06-02T06:35:34.509+0000] {logging_mixin.py:190} INFO - [2026-06-02T06:35:34.508+0000] {dag.py:3239} INFO - Sync 1 DAGs
[2026-06-02T06:35:34.530+0000] {logging_mixin.py:190} INFO - [2026-06-02T06:35:34.529+0000] {dag.py:4180} INFO - Setting next_dagrun for pinot_bootstrap to None, run_after=None
[2026-06-02T06:35:34.563+0000] {processor.py:208} INFO - Processing /opt/airflow/dags/pinot_bootstrap.py took 1.438 seconds
[2026-06-02T06:36:04.846+0000] {processor.py:186} INFO - Started process (PID=4313) to work on /opt/airflow/dags/pinot_bootstrap.py
[2026-06-02T06:36:04.848+0000] {processor.py:914} INFO - Processing file /opt/airflow/dags/pinot_bootstrap.py for tasks to queue
[2026-06-02T06:36:04.852+0000] {logging_mixin.py:190} INFO - [2026-06-02T06:36:04.851+0000] {dagbag.py:588} INFO - Filling up the DagBag from /opt/airflow/dags/pinot_bootstrap.py
[2026-06-02T06:36:05.887+0000] {processor.py:925} INFO - DAG(s) 'pinot_bootstrap' retrieved from /opt/airflow/dags/pinot_bootstrap.py
[2026-06-02T06:36:05.930+0000] {logging_mixin.py:190} INFO - [2026-06-02T06:36:05.929+0000] {dag.py:3239} INFO - Sync 1 DAGs
[2026-06-02T06:36:05.953+0000] {logging_mixin.py:190} INFO - [2026-06-02T06:36:05.952+0000] {dag.py:4180} INFO - Setting next_dagrun for pinot_bootstrap to None, run_after=None
[2026-06-02T06:36:05.983+0000] {processor.py:208} INFO - Processing /opt/airflow/dags/pinot_bootstrap.py took 1.147 seconds
[2026-06-02T06:36:36.680+0000] {processor.py:186} INFO - Started process (PID=4449) to work on /opt/airflow/dags/pinot_bootstrap.py
[2026-06-02T06:36:36.682+0000] {processor.py:914} INFO - Processing file /opt/airflow/dags/pinot_bootstrap.py for tasks to queue
[2026-06-02T06:36:36.689+0000] {logging_mixin.py:190} INFO - [2026-06-02T06:36:36.687+0000] {dagbag.py:588} INFO - Filling up the DagBag from /opt/airflow/dags/pinot_bootstrap.py
[2026-06-02T06:36:37.835+0000] {processor.py:925} INFO - DAG(s) 'pinot_bootstrap' retrieved from /opt/airflow/dags/pinot_bootstrap.py
[2026-06-02T06:36:37.881+0000] {logging_mixin.py:190} INFO - [2026-06-02T06:36:37.880+0000] {dag.py:3239} INFO - Sync 1 DAGs
[2026-06-02T06:36:37.903+0000] {logging_mixin.py:190} INFO - [2026-06-02T06:36:37.903+0000] {dag.py:4180} INFO - Setting next_dagrun for pinot_bootstrap to None, run_after=None
[2026-06-02T06:36:37.936+0000] {processor.py:208} INFO - Processing /opt/airflow/dags/pinot_bootstrap.py took 1.272 seconds
[2026-06-02T06:37:08.712+0000] {processor.py:186} INFO - Started process (PID=4583) to work on /opt/airflow/dags/pinot_bootstrap.py
[2026-06-02T06:37:08.714+0000] {processor.py:914} INFO - Processing file /opt/airflow/dags/pinot_bootstrap.py for tasks to queue
[2026-06-02T06:37:08.719+0000] {logging_mixin.py:190} INFO - [2026-06-02T06:37:08.718+0000] {dagbag.py:588} INFO - Filling up the DagBag from /opt/airflow/dags/pinot_bootstrap.py
[2026-06-02T06:37:10.007+0000] {processor.py:925} INFO - DAG(s) 'pinot_bootstrap' retrieved from /opt/airflow/dags/pinot_bootstrap.py
[2026-06-02T06:37:10.055+0000] {logging_mixin.py:190} INFO - [2026-06-02T06:37:10.054+0000] {dag.py:3239} INFO - Sync 1 DAGs
[2026-06-02T06:37:10.083+0000] {logging_mixin.py:190} INFO - [2026-06-02T06:37:10.083+0000] {dag.py:4180} INFO - Setting next_dagrun for pinot_bootstrap to None, run_after=None
[2026-06-02T06:37:10.123+0000] {processor.py:208} INFO - Processing /opt/airflow/dags/pinot_bootstrap.py took 1.422 seconds
[2026-06-02T06:37:40.386+0000] {processor.py:186} INFO - Started process (PID=4710) to work on /opt/airflow/dags/pinot_bootstrap.py
[2026-06-02T06:37:40.388+0000] {processor.py:914} INFO - Processing file /opt/airflow/dags/pinot_bootstrap.py for tasks to queue
[2026-06-02T06:37:40.393+0000] {logging_mixin.py:190} INFO - [2026-06-02T06:37:40.392+0000] {dagbag.py:588} INFO - Filling up the DagBag from /opt/airflow/dags/pinot_bootstrap.py
[2026-06-02T06:37:41.340+0000] {processor.py:925} INFO - DAG(s) 'pinot_bootstrap' retrieved from /opt/airflow/dags/pinot_bootstrap.py
[2026-06-02T06:37:41.374+0000] {logging_mixin.py:190} INFO - [2026-06-02T06:37:41.373+0000] {dag.py:3239} INFO - Sync 1 DAGs
[2026-06-02T06:37:41.393+0000] {logging_mixin.py:190} INFO - [2026-06-02T06:37:41.392+0000] {dag.py:4180} INFO - Setting next_dagrun for pinot_bootstrap to None, run_after=None
[2026-06-02T06:37:41.421+0000] {processor.py:208} INFO - Processing /opt/airflow/dags/pinot_bootstrap.py took 1.047 seconds
[2026-06-02T06:38:11.939+0000] {processor.py:186} INFO - Started process (PID=4845) to work on /opt/airflow/dags/pinot_bootstrap.py
[2026-06-02T06:38:11.941+0000] {processor.py:914} INFO - Processing file /opt/airflow/dags/pinot_bootstrap.py for tasks to queue
[2026-06-02T06:38:11.944+0000] {logging_mixin.py:190} INFO - [2026-06-02T06:38:11.943+0000] {dagbag.py:588} INFO - Filling up the DagBag from /opt/airflow/dags/pinot_bootstrap.py
[2026-06-02T06:38:12.767+0000] {processor.py:925} INFO - DAG(s) 'pinot_bootstrap' retrieved from /opt/airflow/dags/pinot_bootstrap.py
[2026-06-02T06:38:12.799+0000] {logging_mixin.py:190} INFO - [2026-06-02T06:38:12.798+0000] {dag.py:3239} INFO - Sync 1 DAGs
[2026-06-02T06:38:12.814+0000] {logging_mixin.py:190} INFO - [2026-06-02T06:38:12.814+0000] {dag.py:4180} INFO - Setting next_dagrun for pinot_bootstrap to None, run_after=None
[2026-06-02T06:38:12.844+0000] {processor.py:208} INFO - Processing /opt/airflow/dags/pinot_bootstrap.py took 0.915 seconds
[2026-06-02T06:38:43.487+0000] {processor.py:186} INFO - Started process (PID=4980) to work on /opt/airflow/dags/pinot_bootstrap.py
[2026-06-02T06:38:43.488+0000] {processor.py:914} INFO - Processing file /opt/airflow/dags/pinot_bootstrap.py for tasks to queue
[2026-06-02T06:38:43.491+0000] {logging_mixin.py:190} INFO - [2026-06-02T06:38:43.491+0000] {dagbag.py:588} INFO - Filling up the DagBag from /opt/airflow/dags/pinot_bootstrap.py
[2026-06-02T06:38:44.559+0000] {processor.py:925} INFO - DAG(s) 'pinot_bootstrap' retrieved from /opt/airflow/dags/pinot_bootstrap.py
[2026-06-02T06:38:44.623+0000] {logging_mixin.py:190} INFO - [2026-06-02T06:38:44.622+0000] {dag.py:3239} INFO - Sync 1 DAGs
[2026-06-02T06:38:44.657+0000] {logging_mixin.py:190} INFO - [2026-06-02T06:38:44.657+0000] {dag.py:4180} INFO - Setting next_dagrun for pinot_bootstrap to None, run_after=None
[2026-06-02T06:38:44.702+0000] {processor.py:208} INFO - Processing /opt/airflow/dags/pinot_bootstrap.py took 1.226 seconds
[2026-06-02T06:39:15.031+0000] {processor.py:186} INFO - Started process (PID=5115) to work on /opt/airflow/dags/pinot_bootstrap.py
[2026-06-02T06:39:15.033+0000] {processor.py:914} INFO - Processing file /opt/airflow/dags/pinot_bootstrap.py for tasks to queue
[2026-06-02T06:39:15.036+0000] {logging_mixin.py:190} INFO - [2026-06-02T06:39:15.035+0000] {dagbag.py:588} INFO - Filling up the DagBag from /opt/airflow/dags/pinot_bootstrap.py
[2026-06-02T06:39:15.868+0000] {processor.py:925} INFO - DAG(s) 'pinot_bootstrap' retrieved from /opt/airflow/dags/pinot_bootstrap.py
[2026-06-02T06:39:15.898+0000] {logging_mixin.py:190} INFO - [2026-06-02T06:39:15.897+0000] {dag.py:3239} INFO - Sync 1 DAGs
[2026-06-02T06:39:15.913+0000] {logging_mixin.py:190} INFO - [2026-06-02T06:39:15.913+0000] {dag.py:4180} INFO - Setting next_dagrun for pinot_bootstrap to None, run_after=None
[2026-06-02T06:39:15.938+0000] {processor.py:208} INFO - Processing /opt/airflow/dags/pinot_bootstrap.py took 0.919 seconds
[2026-06-02T06:39:46.633+0000] {processor.py:186} INFO - Started process (PID=5251) to work on /opt/airflow/dags/pinot_bootstrap.py
[2026-06-02T06:39:46.635+0000] {processor.py:914} INFO - Processing file /opt/airflow/dags/pinot_bootstrap.py for tasks to queue
[2026-06-02T06:39:46.640+0000] {logging_mixin.py:190} INFO - [2026-06-02T06:39:46.640+0000] {dagbag.py:588} INFO - Filling up the DagBag from /opt/airflow/dags/pinot_bootstrap.py
[2026-06-02T06:39:47.581+0000] {processor.py:925} INFO - DAG(s) 'pinot_bootstrap' retrieved from /opt/airflow/dags/pinot_bootstrap.py
[2026-06-02T06:39:47.622+0000] {logging_mixin.py:190} INFO - [2026-06-02T06:39:47.622+0000] {dag.py:3239} INFO - Sync 1 DAGs
[2026-06-02T06:39:47.657+0000] {logging_mixin.py:190} INFO - [2026-06-02T06:39:47.657+0000] {dag.py:4180} INFO - Setting next_dagrun for pinot_bootstrap to None, run_after=None
[2026-06-02T06:39:47.697+0000] {processor.py:208} INFO - Processing /opt/airflow/dags/pinot_bootstrap.py took 1.077 seconds
[2026-06-02T06:40:18.368+0000] {processor.py:186} INFO - Started process (PID=5386) to work on /opt/airflow/dags/pinot_bootstrap.py
[2026-06-02T06:40:18.370+0000] {processor.py:914} INFO - Processing file /opt/airflow/dags/pinot_bootstrap.py for tasks to queue
[2026-06-02T06:40:18.374+0000] {logging_mixin.py:190} INFO - [2026-06-02T06:40:18.373+0000] {dagbag.py:588} INFO - Filling up the DagBag from /opt/airflow/dags/pinot_bootstrap.py
[2026-06-02T06:40:19.315+0000] {processor.py:925} INFO - DAG(s) 'pinot_bootstrap' retrieved from /opt/airflow/dags/pinot_bootstrap.py
[2026-06-02T06:40:19.353+0000] {logging_mixin.py:190} INFO - [2026-06-02T06:40:19.353+0000] {dag.py:3239} INFO - Sync 1 DAGs
[2026-06-02T06:40:19.375+0000] {logging_mixin.py:190} INFO - [2026-06-02T06:40:19.375+0000] {dag.py:4180} INFO - Setting next_dagrun for pinot_bootstrap to None, run_after=None
[2026-06-02T06:40:19.417+0000] {processor.py:208} INFO - Processing /opt/airflow/dags/pinot_bootstrap.py took 1.060 seconds
[2026-06-02T06:40:49.832+0000] {processor.py:186} INFO - Started process (PID=5521) to work on /opt/airflow/dags/pinot_bootstrap.py
[2026-06-02T06:40:49.834+0000] {processor.py:914} INFO - Processing file /opt/airflow/dags/pinot_bootstrap.py for tasks to queue
[2026-06-02T06:40:49.840+0000] {logging_mixin.py:190} INFO - [2026-06-02T06:40:49.839+0000] {dagbag.py:588} INFO - Filling up the DagBag from /opt/airflow/dags/pinot_bootstrap.py
[2026-06-02T06:40:51.014+0000] {processor.py:925} INFO - DAG(s) 'pinot_bootstrap' retrieved from /opt/airflow/dags/pinot_bootstrap.py
[2026-06-02T06:40:51.064+0000] {logging_mixin.py:190} INFO - [2026-06-02T06:40:51.063+0000] {dag.py:3239} INFO - Sync 1 DAGs
[2026-06-02T06:40:51.085+0000] {logging_mixin.py:190} INFO - [2026-06-02T06:40:51.085+0000] {dag.py:4180} INFO - Setting next_dagrun for pinot_bootstrap to None, run_after=None
[2026-06-02T06:40:51.117+0000] {processor.py:208} INFO - Processing /opt/airflow/dags/pinot_bootstrap.py took 1.301 seconds
[2026-06-02T06:41:21.354+0000] {processor.py:186} INFO - Started process (PID=5656) to work on /opt/airflow/dags/pinot_bootstrap.py
[2026-06-02T06:41:21.357+0000] {processor.py:914} INFO - Processing file /opt/airflow/dags/pinot_bootstrap.py for tasks to queue
[2026-06-02T06:41:21.363+0000] {logging_mixin.py:190} INFO - [2026-06-02T06:41:21.361+0000] {dagbag.py:588} INFO - Filling up the DagBag from /opt/airflow/dags/pinot_bootstrap.py
[2026-06-02T06:41:22.570+0000] {processor.py:925} INFO - DAG(s) 'pinot_bootstrap' retrieved from /opt/airflow/dags/pinot_bootstrap.py
[2026-06-02T06:41:22.620+0000] {logging_mixin.py:190} INFO - [2026-06-02T06:41:22.619+0000] {dag.py:3239} INFO - Sync 1 DAGs
[2026-06-02T06:41:22.643+0000] {logging_mixin.py:190} INFO - [2026-06-02T06:41:22.642+0000] {dag.py:4180} INFO - Setting next_dagrun for pinot_bootstrap to None, run_after=None
[2026-06-02T06:41:22.681+0000] {processor.py:208} INFO - Processing /opt/airflow/dags/pinot_bootstrap.py took 1.344 seconds
[2026-06-02T06:41:53.193+0000] {processor.py:186} INFO - Started process (PID=5790) to work on /opt/airflow/dags/pinot_bootstrap.py
[2026-06-02T06:41:53.195+0000] {processor.py:914} INFO - Processing file /opt/airflow/dags/pinot_bootstrap.py for tasks to queue
[2026-06-02T06:41:53.201+0000] {logging_mixin.py:190} INFO - [2026-06-02T06:41:53.200+0000] {dagbag.py:588} INFO - Filling up the DagBag from /opt/airflow/dags/pinot_bootstrap.py
[2026-06-02T06:41:54.212+0000] {processor.py:925} INFO - DAG(s) 'pinot_bootstrap' retrieved from /opt/airflow/dags/pinot_bootstrap.py
[2026-06-02T06:41:54.246+0000] {logging_mixin.py:190} INFO - [2026-06-02T06:41:54.245+0000] {dag.py:3239} INFO - Sync 1 DAGs
[2026-06-02T06:41:54.263+0000] {logging_mixin.py:190} INFO - [2026-06-02T06:41:54.263+0000] {dag.py:4180} INFO - Setting next_dagrun for pinot_bootstrap to None, run_after=None
[2026-06-02T06:41:54.289+0000] {processor.py:208} INFO - Processing /opt/airflow/dags/pinot_bootstrap.py took 1.109 seconds
[2026-06-02T06:42:24.995+0000] {processor.py:186} INFO - Started process (PID=5917) to work on /opt/airflow/dags/pinot_bootstrap.py
[2026-06-02T06:42:24.998+0000] {processor.py:914} INFO - Processing file /opt/airflow/dags/pinot_bootstrap.py for tasks to queue
[2026-06-02T06:42:25.001+0000] {logging_mixin.py:190} INFO - [2026-06-02T06:42:25.001+0000] {dagbag.py:588} INFO - Filling up the DagBag from /opt/airflow/dags/pinot_bootstrap.py
[2026-06-02T06:42:26.346+0000] {processor.py:925} INFO - DAG(s) 'pinot_bootstrap' retrieved from /opt/airflow/dags/pinot_bootstrap.py
[2026-06-02T06:42:26.384+0000] {logging_mixin.py:190} INFO - [2026-06-02T06:42:26.383+0000] {dag.py:3239} INFO - Sync 1 DAGs
[2026-06-02T06:42:26.407+0000] {logging_mixin.py:190} INFO - [2026-06-02T06:42:26.407+0000] {dag.py:4180} INFO - Setting next_dagrun for pinot_bootstrap to None, run_after=None
[2026-06-02T06:42:26.456+0000] {processor.py:208} INFO - Processing /opt/airflow/dags/pinot_bootstrap.py took 1.478 seconds
[2026-06-02T06:42:57.338+0000] {processor.py:186} INFO - Started process (PID=6052) to work on /opt/airflow/dags/pinot_bootstrap.py
[2026-06-02T06:42:57.340+0000] {processor.py:914} INFO - Processing file /opt/airflow/dags/pinot_bootstrap.py for tasks to queue
[2026-06-02T06:42:57.345+0000] {logging_mixin.py:190} INFO - [2026-06-02T06:42:57.344+0000] {dagbag.py:588} INFO - Filling up the DagBag from /opt/airflow/dags/pinot_bootstrap.py
[2026-06-02T06:42:58.586+0000] {processor.py:925} INFO - DAG(s) 'pinot_bootstrap' retrieved from /opt/airflow/dags/pinot_bootstrap.py
[2026-06-02T06:42:58.640+0000] {logging_mixin.py:190} INFO - [2026-06-02T06:42:58.639+0000] {dag.py:3239} INFO - Sync 1 DAGs
[2026-06-02T06:42:58.679+0000] {logging_mixin.py:190} INFO - [2026-06-02T06:42:58.679+0000] {dag.py:4180} INFO - Setting next_dagrun for pinot_bootstrap to None, run_after=None
[2026-06-02T06:42:58.741+0000] {processor.py:208} INFO - Processing /opt/airflow/dags/pinot_bootstrap.py took 1.416 seconds
[2026-06-02T06:43:29.512+0000] {processor.py:186} INFO - Started process (PID=6187) to work on /opt/airflow/dags/pinot_bootstrap.py
[2026-06-02T06:43:29.516+0000] {processor.py:914} INFO - Processing file /opt/airflow/dags/pinot_bootstrap.py for tasks to queue
[2026-06-02T06:43:29.522+0000] {logging_mixin.py:190} INFO - [2026-06-02T06:43:29.521+0000] {dagbag.py:588} INFO - Filling up the DagBag from /opt/airflow/dags/pinot_bootstrap.py
[2026-06-02T06:43:30.442+0000] {processor.py:925} INFO - DAG(s) 'pinot_bootstrap' retrieved from /opt/airflow/dags/pinot_bootstrap.py
[2026-06-02T06:43:30.480+0000] {logging_mixin.py:190} INFO - [2026-06-02T06:43:30.480+0000] {dag.py:3239} INFO - Sync 1 DAGs
[2026-06-02T06:43:30.498+0000] {logging_mixin.py:190} INFO - [2026-06-02T06:43:30.497+0000] {dag.py:4180} INFO - Setting next_dagrun for pinot_bootstrap to None, run_after=None
[2026-06-02T06:43:30.531+0000] {processor.py:208} INFO - Processing /opt/airflow/dags/pinot_bootstrap.py took 1.034 seconds
[2026-06-02T06:44:01.203+0000] {processor.py:186} INFO - Started process (PID=6323) to work on /opt/airflow/dags/pinot_bootstrap.py
[2026-06-02T06:44:01.205+0000] {processor.py:914} INFO - Processing file /opt/airflow/dags/pinot_bootstrap.py for tasks to queue
[2026-06-02T06:44:01.210+0000] {logging_mixin.py:190} INFO - [2026-06-02T06:44:01.209+0000] {dagbag.py:588} INFO - Filling up the DagBag from /opt/airflow/dags/pinot_bootstrap.py
[2026-06-02T06:44:02.042+0000] {processor.py:925} INFO - DAG(s) 'pinot_bootstrap' retrieved from /opt/airflow/dags/pinot_bootstrap.py
[2026-06-02T06:44:02.075+0000] {logging_mixin.py:190} INFO - [2026-06-02T06:44:02.074+0000] {dag.py:3239} INFO - Sync 1 DAGs
[2026-06-02T06:44:02.090+0000] {logging_mixin.py:190} INFO - [2026-06-02T06:44:02.090+0000] {dag.py:4180} INFO - Setting next_dagrun for pinot_bootstrap to None, run_after=None
[2026-06-02T06:44:02.113+0000] {processor.py:208} INFO - Processing /opt/airflow/dags/pinot_bootstrap.py took 0.921 seconds
[2026-06-02T06:44:33.047+0000] {processor.py:186} INFO - Started process (PID=6458) to work on /opt/airflow/dags/pinot_bootstrap.py
[2026-06-02T06:44:33.049+0000] {processor.py:914} INFO - Processing file /opt/airflow/dags/pinot_bootstrap.py for tasks to queue
[2026-06-02T06:44:33.054+0000] {logging_mixin.py:190} INFO - [2026-06-02T06:44:33.054+0000] {dagbag.py:588} INFO - Filling up the DagBag from /opt/airflow/dags/pinot_bootstrap.py
[2026-06-02T06:44:34.044+0000] {processor.py:925} INFO - DAG(s) 'pinot_bootstrap' retrieved from /opt/airflow/dags/pinot_bootstrap.py
[2026-06-02T06:44:34.080+0000] {logging_mixin.py:190} INFO - [2026-06-02T06:44:34.080+0000] {dag.py:3239} INFO - Sync 1 DAGs
[2026-06-02T06:44:34.097+0000] {logging_mixin.py:190} INFO - [2026-06-02T06:44:34.097+0000] {dag.py:4180} INFO - Setting next_dagrun for pinot_bootstrap to None, run_after=None
[2026-06-02T06:44:34.123+0000] {processor.py:208} INFO - Processing /opt/airflow/dags/pinot_bootstrap.py took 1.091 seconds
[2026-06-02T06:45:04.777+0000] {processor.py:186} INFO - Started process (PID=6593) to work on /opt/airflow/dags/pinot_bootstrap.py
[2026-06-02T06:45:04.779+0000] {processor.py:914} INFO - Processing file /opt/airflow/dags/pinot_bootstrap.py for tasks to queue
[2026-06-02T06:45:04.783+0000] {logging_mixin.py:190} INFO - [2026-06-02T06:45:04.783+0000] {dagbag.py:588} INFO - Filling up the DagBag from /opt/airflow/dags/pinot_bootstrap.py
[2026-06-02T06:45:05.710+0000] {processor.py:925} INFO - DAG(s) 'pinot_bootstrap' retrieved from /opt/airflow/dags/pinot_bootstrap.py
[2026-06-02T06:45:05.742+0000] {logging_mixin.py:190} INFO - [2026-06-02T06:45:05.741+0000] {dag.py:3239} INFO - Sync 1 DAGs
[2026-06-02T06:45:05.758+0000] {logging_mixin.py:190} INFO - [2026-06-02T06:45:05.758+0000] {dag.py:4180} INFO - Setting next_dagrun for pinot_bootstrap to None, run_after=None
[2026-06-02T06:45:05.786+0000] {processor.py:208} INFO - Processing /opt/airflow/dags/pinot_bootstrap.py took 1.021 seconds
[2026-06-02T06:45:35.972+0000] {processor.py:186} INFO - Started process (PID=6728) to work on /opt/airflow/dags/pinot_bootstrap.py
[2026-06-02T06:45:35.974+0000] {processor.py:914} INFO - Processing file /opt/airflow/dags/pinot_bootstrap.py for tasks to queue
[2026-06-02T06:45:35.978+0000] {logging_mixin.py:190} INFO - [2026-06-02T06:45:35.977+0000] {dagbag.py:588} INFO - Filling up the DagBag from /opt/airflow/dags/pinot_bootstrap.py
[2026-06-02T06:45:37.032+0000] {processor.py:925} INFO - DAG(s) 'pinot_bootstrap' retrieved from /opt/airflow/dags/pinot_bootstrap.py
[2026-06-02T06:45:37.079+0000] {logging_mixin.py:190} INFO - [2026-06-02T06:45:37.078+0000] {dag.py:3239} INFO - Sync 1 DAGs
[2026-06-02T06:45:37.100+0000] {logging_mixin.py:190} INFO - [2026-06-02T06:45:37.100+0000] {dag.py:4180} INFO - Setting next_dagrun for pinot_bootstrap to None, run_after=None
[2026-06-02T06:45:37.140+0000] {processor.py:208} INFO - Processing /opt/airflow/dags/pinot_bootstrap.py took 1.179 seconds
[2026-06-02T06:46:07.597+0000] {processor.py:186} INFO - Started process (PID=6863) to work on /opt/airflow/dags/pinot_bootstrap.py
[2026-06-02T06:46:07.599+0000] {processor.py:914} INFO - Processing file /opt/airflow/dags/pinot_bootstrap.py for tasks to queue
[2026-06-02T06:46:07.603+0000] {logging_mixin.py:190} INFO - [2026-06-02T06:46:07.602+0000] {dagbag.py:588} INFO - Filling up the DagBag from /opt/airflow/dags/pinot_bootstrap.py
[2026-06-02T06:46:08.519+0000] {processor.py:925} INFO - DAG(s) 'pinot_bootstrap' retrieved from /opt/airflow/dags/pinot_bootstrap.py
[2026-06-02T06:46:08.554+0000] {logging_mixin.py:190} INFO - [2026-06-02T06:46:08.554+0000] {dag.py:3239} INFO - Sync 1 DAGs
[2026-06-02T06:46:08.576+0000] {logging_mixin.py:190} INFO - [2026-06-02T06:46:08.575+0000] {dag.py:4180} INFO - Setting next_dagrun for pinot_bootstrap to None, run_after=None
[2026-06-02T06:46:08.605+0000] {processor.py:208} INFO - Processing /opt/airflow/dags/pinot_bootstrap.py took 1.019 seconds
[2026-06-02T06:46:39.382+0000] {processor.py:186} INFO - Started process (PID=6998) to work on /opt/airflow/dags/pinot_bootstrap.py
[2026-06-02T06:46:39.384+0000] {processor.py:914} INFO - Processing file /opt/airflow/dags/pinot_bootstrap.py for tasks to queue
[2026-06-02T06:46:39.388+0000] {logging_mixin.py:190} INFO - [2026-06-02T06:46:39.388+0000] {dagbag.py:588} INFO - Filling up the DagBag from /opt/airflow/dags/pinot_bootstrap.py
[2026-06-02T06:46:40.399+0000] {processor.py:925} INFO - DAG(s) 'pinot_bootstrap' retrieved from /opt/airflow/dags/pinot_bootstrap.py
[2026-06-02T06:46:40.456+0000] {logging_mixin.py:190} INFO - [2026-06-02T06:46:40.455+0000] {dag.py:3239} INFO - Sync 1 DAGs
[2026-06-02T06:46:40.480+0000] {logging_mixin.py:190} INFO - [2026-06-02T06:46:40.479+0000] {dag.py:4180} INFO - Setting next_dagrun for pinot_bootstrap to None, run_after=None
[2026-06-02T06:46:40.510+0000] {processor.py:208} INFO - Processing /opt/airflow/dags/pinot_bootstrap.py took 1.137 seconds
[2026-06-02T06:47:10.991+0000] {processor.py:186} INFO - Started process (PID=7132) to work on /opt/airflow/dags/pinot_bootstrap.py
[2026-06-02T06:47:10.994+0000] {processor.py:914} INFO - Processing file /opt/airflow/dags/pinot_bootstrap.py for tasks to queue
[2026-06-02T06:47:10.998+0000] {logging_mixin.py:190} INFO - [2026-06-02T06:47:10.997+0000] {dagbag.py:588} INFO - Filling up the DagBag from /opt/airflow/dags/pinot_bootstrap.py
[2026-06-02T06:47:12.175+0000] {processor.py:925} INFO - DAG(s) 'pinot_bootstrap' retrieved from /opt/airflow/dags/pinot_bootstrap.py
[2026-06-02T06:47:12.215+0000] {logging_mixin.py:190} INFO - [2026-06-02T06:47:12.214+0000] {dag.py:3239} INFO - Sync 1 DAGs
[2026-06-02T06:47:12.234+0000] {logging_mixin.py:190} INFO - [2026-06-02T06:47:12.234+0000] {dag.py:4180} INFO - Setting next_dagrun for pinot_bootstrap to None, run_after=None
[2026-06-02T06:47:12.263+0000] {processor.py:208} INFO - Processing /opt/airflow/dags/pinot_bootstrap.py took 1.284 seconds
[2026-06-02T06:47:43.147+0000] {processor.py:186} INFO - Started process (PID=7260) to work on /opt/airflow/dags/pinot_bootstrap.py
[2026-06-02T06:47:43.149+0000] {processor.py:914} INFO - Processing file /opt/airflow/dags/pinot_bootstrap.py for tasks to queue
[2026-06-02T06:47:43.153+0000] {logging_mixin.py:190} INFO - [2026-06-02T06:47:43.152+0000] {dagbag.py:588} INFO - Filling up the DagBag from /opt/airflow/dags/pinot_bootstrap.py
[2026-06-02T06:47:44.361+0000] {processor.py:925} INFO - DAG(s) 'pinot_bootstrap' retrieved from /opt/airflow/dags/pinot_bootstrap.py
[2026-06-02T06:47:44.400+0000] {logging_mixin.py:190} INFO - [2026-06-02T06:47:44.399+0000] {dag.py:3239} INFO - Sync 1 DAGs
[2026-06-02T06:47:44.421+0000] {logging_mixin.py:190} INFO - [2026-06-02T06:47:44.421+0000] {dag.py:4180} INFO - Setting next_dagrun for pinot_bootstrap to None, run_after=None
[2026-06-02T06:47:44.460+0000] {processor.py:208} INFO - Processing /opt/airflow/dags/pinot_bootstrap.py took 1.324 seconds
[2026-06-02T06:48:14.752+0000] {processor.py:186} INFO - Started process (PID=7394) to work on /opt/airflow/dags/pinot_bootstrap.py
[2026-06-02T06:48:14.754+0000] {processor.py:914} INFO - Processing file /opt/airflow/dags/pinot_bootstrap.py for tasks to queue
[2026-06-02T06:48:14.762+0000] {logging_mixin.py:190} INFO - [2026-06-02T06:48:14.761+0000] {dagbag.py:588} INFO - Filling up the DagBag from /opt/airflow/dags/pinot_bootstrap.py
[2026-06-02T06:48:16.142+0000] {processor.py:925} INFO - DAG(s) 'pinot_bootstrap' retrieved from /opt/airflow/dags/pinot_bootstrap.py
[2026-06-02T06:48:16.182+0000] {logging_mixin.py:190} INFO - [2026-06-02T06:48:16.181+0000] {dag.py:3239} INFO - Sync 1 DAGs
[2026-06-02T06:48:16.206+0000] {logging_mixin.py:190} INFO - [2026-06-02T06:48:16.205+0000] {dag.py:4180} INFO - Setting next_dagrun for pinot_bootstrap to None, run_after=None
[2026-06-02T06:48:16.237+0000] {processor.py:208} INFO - Processing /opt/airflow/dags/pinot_bootstrap.py took 1.502 seconds
[2026-06-02T06:48:46.939+0000] {processor.py:186} INFO - Started process (PID=7529) to work on /opt/airflow/dags/pinot_bootstrap.py
[2026-06-02T06:48:46.940+0000] {processor.py:914} INFO - Processing file /opt/airflow/dags/pinot_bootstrap.py for tasks to queue
[2026-06-02T06:48:46.944+0000] {logging_mixin.py:190} INFO - [2026-06-02T06:48:46.943+0000] {dagbag.py:588} INFO - Filling up the DagBag from /opt/airflow/dags/pinot_bootstrap.py
[2026-06-02T06:48:47.750+0000] {processor.py:925} INFO - DAG(s) 'pinot_bootstrap' retrieved from /opt/airflow/dags/pinot_bootstrap.py
[2026-06-02T06:48:47.781+0000] {logging_mixin.py:190} INFO - [2026-06-02T06:48:47.781+0000] {dag.py:3239} INFO - Sync 1 DAGs
[2026-06-02T06:48:47.799+0000] {logging_mixin.py:190} INFO - [2026-06-02T06:48:47.799+0000] {dag.py:4180} INFO - Setting next_dagrun for pinot_bootstrap to None, run_after=None
[2026-06-02T06:48:47.823+0000] {processor.py:208} INFO - Processing /opt/airflow/dags/pinot_bootstrap.py took 0.893 seconds
[2026-06-02T06:49:18.455+0000] {processor.py:186} INFO - Started process (PID=7664) to work on /opt/airflow/dags/pinot_bootstrap.py
[2026-06-02T06:49:18.457+0000] {processor.py:914} INFO - Processing file /opt/airflow/dags/pinot_bootstrap.py for tasks to queue
[2026-06-02T06:49:18.460+0000] {logging_mixin.py:190} INFO - [2026-06-02T06:49:18.460+0000] {dagbag.py:588} INFO - Filling up the DagBag from /opt/airflow/dags/pinot_bootstrap.py
[2026-06-02T06:49:19.271+0000] {processor.py:925} INFO - DAG(s) 'pinot_bootstrap' retrieved from /opt/airflow/dags/pinot_bootstrap.py
[2026-06-02T06:49:19.305+0000] {logging_mixin.py:190} INFO - [2026-06-02T06:49:19.305+0000] {dag.py:3239} INFO - Sync 1 DAGs
[2026-06-02T06:49:19.324+0000] {logging_mixin.py:190} INFO - [2026-06-02T06:49:19.324+0000] {dag.py:4180} INFO - Setting next_dagrun for pinot_bootstrap to None, run_after=None
[2026-06-02T06:49:19.351+0000] {processor.py:208} INFO - Processing /opt/airflow/dags/pinot_bootstrap.py took 0.905 seconds
[2026-06-02T06:49:49.985+0000] {processor.py:186} INFO - Started process (PID=7799) to work on /opt/airflow/dags/pinot_bootstrap.py
[2026-06-02T06:49:49.987+0000] {processor.py:914} INFO - Processing file /opt/airflow/dags/pinot_bootstrap.py for tasks to queue
[2026-06-02T06:49:49.990+0000] {logging_mixin.py:190} INFO - [2026-06-02T06:49:49.990+0000] {dagbag.py:588} INFO - Filling up the DagBag from /opt/airflow/dags/pinot_bootstrap.py
[2026-06-02T06:49:50.745+0000] {processor.py:925} INFO - DAG(s) 'pinot_bootstrap' retrieved from /opt/airflow/dags/pinot_bootstrap.py
[2026-06-02T06:49:50.775+0000] {logging_mixin.py:190} INFO - [2026-06-02T06:49:50.774+0000] {dag.py:3239} INFO - Sync 1 DAGs
[2026-06-02T06:49:50.789+0000] {logging_mixin.py:190} INFO - [2026-06-02T06:49:50.789+0000] {dag.py:4180} INFO - Setting next_dagrun for pinot_bootstrap to None, run_after=None
[2026-06-02T06:49:50.814+0000] {processor.py:208} INFO - Processing /opt/airflow/dags/pinot_bootstrap.py took 0.839 seconds
[2026-06-02T06:50:21.426+0000] {processor.py:186} INFO - Started process (PID=7934) to work on /opt/airflow/dags/pinot_bootstrap.py
[2026-06-02T06:50:21.428+0000] {processor.py:914} INFO - Processing file /opt/airflow/dags/pinot_bootstrap.py for tasks to queue
[2026-06-02T06:50:21.431+0000] {logging_mixin.py:190} INFO - [2026-06-02T06:50:21.430+0000] {dagbag.py:588} INFO - Filling up the DagBag from /opt/airflow/dags/pinot_bootstrap.py
[2026-06-02T06:50:22.221+0000] {processor.py:925} INFO - DAG(s) 'pinot_bootstrap' retrieved from /opt/airflow/dags/pinot_bootstrap.py
[2026-06-02T06:50:22.248+0000] {logging_mixin.py:190} INFO - [2026-06-02T06:50:22.248+0000] {dag.py:3239} INFO - Sync 1 DAGs
[2026-06-02T06:50:22.263+0000] {logging_mixin.py:190} INFO - [2026-06-02T06:50:22.263+0000] {dag.py:4180} INFO - Setting next_dagrun for pinot_bootstrap to None, run_after=None
[2026-06-02T06:50:22.285+0000] {processor.py:208} INFO - Processing /opt/airflow/dags/pinot_bootstrap.py took 0.873 seconds
[2026-06-02T06:50:52.834+0000] {processor.py:186} INFO - Started process (PID=8069) to work on /opt/airflow/dags/pinot_bootstrap.py
[2026-06-02T06:50:52.835+0000] {processor.py:914} INFO - Processing file /opt/airflow/dags/pinot_bootstrap.py for tasks to queue
[2026-06-02T06:50:52.838+0000] {logging_mixin.py:190} INFO - [2026-06-02T06:50:52.838+0000] {dagbag.py:588} INFO - Filling up the DagBag from /opt/airflow/dags/pinot_bootstrap.py
[2026-06-02T06:50:53.562+0000] {processor.py:925} INFO - DAG(s) 'pinot_bootstrap' retrieved from /opt/airflow/dags/pinot_bootstrap.py
[2026-06-02T06:50:53.590+0000] {logging_mixin.py:190} INFO - [2026-06-02T06:50:53.590+0000] {dag.py:3239} INFO - Sync 1 DAGs
[2026-06-02T06:50:53.604+0000] {logging_mixin.py:190} INFO - [2026-06-02T06:50:53.604+0000] {dag.py:4180} INFO - Setting next_dagrun for pinot_bootstrap to None, run_after=None
[2026-06-02T06:50:53.626+0000] {processor.py:208} INFO - Processing /opt/airflow/dags/pinot_bootstrap.py took 0.800 seconds
[2026-06-02T06:51:24.309+0000] {processor.py:186} INFO - Started process (PID=8204) to work on /opt/airflow/dags/pinot_bootstrap.py
[2026-06-02T06:51:24.311+0000] {processor.py:914} INFO - Processing file /opt/airflow/dags/pinot_bootstrap.py for tasks to queue
[2026-06-02T06:51:24.315+0000] {logging_mixin.py:190} INFO - [2026-06-02T06:51:24.314+0000] {dagbag.py:588} INFO - Filling up the DagBag from /opt/airflow/dags/pinot_bootstrap.py
[2026-06-02T06:51:25.147+0000] {processor.py:925} INFO - DAG(s) 'pinot_bootstrap' retrieved from /opt/airflow/dags/pinot_bootstrap.py
[2026-06-02T06:51:25.187+0000] {logging_mixin.py:190} INFO - [2026-06-02T06:51:25.187+0000] {dag.py:3239} INFO - Sync 1 DAGs
[2026-06-02T06:51:25.206+0000] {logging_mixin.py:190} INFO - [2026-06-02T06:51:25.206+0000] {dag.py:4180} INFO - Setting next_dagrun for pinot_bootstrap to None, run_after=None
[2026-06-02T06:51:25.248+0000] {processor.py:208} INFO - Processing /opt/airflow/dags/pinot_bootstrap.py took 0.947 seconds
[2026-06-02T06:51:55.676+0000] {processor.py:186} INFO - Started process (PID=8339) to work on /opt/airflow/dags/pinot_bootstrap.py
[2026-06-02T06:51:55.677+0000] {processor.py:914} INFO - Processing file /opt/airflow/dags/pinot_bootstrap.py for tasks to queue
[2026-06-02T06:51:55.681+0000] {logging_mixin.py:190} INFO - [2026-06-02T06:51:55.681+0000] {dagbag.py:588} INFO - Filling up the DagBag from /opt/airflow/dags/pinot_bootstrap.py
[2026-06-02T06:51:56.555+0000] {processor.py:925} INFO - DAG(s) 'pinot_bootstrap' retrieved from /opt/airflow/dags/pinot_bootstrap.py
[2026-06-02T06:51:56.600+0000] {logging_mixin.py:190} INFO - [2026-06-02T06:51:56.599+0000] {dag.py:3239} INFO - Sync 1 DAGs
[2026-06-02T06:51:56.623+0000] {logging_mixin.py:190} INFO - [2026-06-02T06:51:56.622+0000] {dag.py:4180} INFO - Setting next_dagrun for pinot_bootstrap to None, run_after=None
[2026-06-02T06:51:56.653+0000] {processor.py:208} INFO - Processing /opt/airflow/dags/pinot_bootstrap.py took 0.986 seconds
[2026-06-02T06:52:27.193+0000] {processor.py:186} INFO - Started process (PID=8474) to work on /opt/airflow/dags/pinot_bootstrap.py
[2026-06-02T06:52:27.195+0000] {processor.py:914} INFO - Processing file /opt/airflow/dags/pinot_bootstrap.py for tasks to queue
[2026-06-02T06:52:27.199+0000] {logging_mixin.py:190} INFO - [2026-06-02T06:52:27.198+0000] {dagbag.py:588} INFO - Filling up the DagBag from /opt/airflow/dags/pinot_bootstrap.py
[2026-06-02T06:52:28.013+0000] {processor.py:925} INFO - DAG(s) 'pinot_bootstrap' retrieved from /opt/airflow/dags/pinot_bootstrap.py
[2026-06-02T06:52:28.043+0000] {logging_mixin.py:190} INFO - [2026-06-02T06:52:28.043+0000] {dag.py:3239} INFO - Sync 1 DAGs
[2026-06-02T06:52:28.057+0000] {logging_mixin.py:190} INFO - [2026-06-02T06:52:28.057+0000] {dag.py:4180} INFO - Setting next_dagrun for pinot_bootstrap to None, run_after=None
[2026-06-02T06:52:28.082+0000] {processor.py:208} INFO - Processing /opt/airflow/dags/pinot_bootstrap.py took 0.897 seconds
[2026-06-02T06:52:58.610+0000] {processor.py:186} INFO - Started process (PID=8609) to work on /opt/airflow/dags/pinot_bootstrap.py
[2026-06-02T06:52:58.611+0000] {processor.py:914} INFO - Processing file /opt/airflow/dags/pinot_bootstrap.py for tasks to queue
[2026-06-02T06:52:58.614+0000] {logging_mixin.py:190} INFO - [2026-06-02T06:52:58.614+0000] {dagbag.py:588} INFO - Filling up the DagBag from /opt/airflow/dags/pinot_bootstrap.py
[2026-06-02T06:52:59.408+0000] {processor.py:925} INFO - DAG(s) 'pinot_bootstrap' retrieved from /opt/airflow/dags/pinot_bootstrap.py
[2026-06-02T06:52:59.443+0000] {logging_mixin.py:190} INFO - [2026-06-02T06:52:59.443+0000] {dag.py:3239} INFO - Sync 1 DAGs
[2026-06-02T06:52:59.460+0000] {logging_mixin.py:190} INFO - [2026-06-02T06:52:59.460+0000] {dag.py:4180} INFO - Setting next_dagrun for pinot_bootstrap to None, run_after=None
[2026-06-02T06:52:59.483+0000] {processor.py:208} INFO - Processing /opt/airflow/dags/pinot_bootstrap.py took 0.883 seconds
[2026-06-02T06:53:29.858+0000] {processor.py:186} INFO - Started process (PID=8744) to work on /opt/airflow/dags/pinot_bootstrap.py
[2026-06-02T06:53:29.860+0000] {processor.py:914} INFO - Processing file /opt/airflow/dags/pinot_bootstrap.py for tasks to queue
[2026-06-02T06:53:29.863+0000] {logging_mixin.py:190} INFO - [2026-06-02T06:53:29.863+0000] {dagbag.py:588} INFO - Filling up the DagBag from /opt/airflow/dags/pinot_bootstrap.py
[2026-06-02T06:53:30.634+0000] {processor.py:925} INFO - DAG(s) 'pinot_bootstrap' retrieved from /opt/airflow/dags/pinot_bootstrap.py
[2026-06-02T06:53:30.662+0000] {logging_mixin.py:190} INFO - [2026-06-02T06:53:30.662+0000] {dag.py:3239} INFO - Sync 1 DAGs
[2026-06-02T06:53:30.677+0000] {logging_mixin.py:190} INFO - [2026-06-02T06:53:30.677+0000] {dag.py:4180} INFO - Setting next_dagrun for pinot_bootstrap to None, run_after=None
[2026-06-02T06:53:30.703+0000] {processor.py:208} INFO - Processing /opt/airflow/dags/pinot_bootstrap.py took 0.853 seconds
[2026-06-02T06:54:01.139+0000] {processor.py:186} INFO - Started process (PID=8879) to work on /opt/airflow/dags/pinot_bootstrap.py
[2026-06-02T06:54:01.140+0000] {processor.py:914} INFO - Processing file /opt/airflow/dags/pinot_bootstrap.py for tasks to queue
[2026-06-02T06:54:01.144+0000] {logging_mixin.py:190} INFO - [2026-06-02T06:54:01.143+0000] {dagbag.py:588} INFO - Filling up the DagBag from /opt/airflow/dags/pinot_bootstrap.py
[2026-06-02T06:54:01.934+0000] {processor.py:925} INFO - DAG(s) 'pinot_bootstrap' retrieved from /opt/airflow/dags/pinot_bootstrap.py
[2026-06-02T06:54:01.962+0000] {logging_mixin.py:190} INFO - [2026-06-02T06:54:01.962+0000] {dag.py:3239} INFO - Sync 1 DAGs
[2026-06-02T06:54:01.976+0000] {logging_mixin.py:190} INFO - [2026-06-02T06:54:01.976+0000] {dag.py:4180} INFO - Setting next_dagrun for pinot_bootstrap to None, run_after=None
[2026-06-02T06:54:01.999+0000] {processor.py:208} INFO - Processing /opt/airflow/dags/pinot_bootstrap.py took 0.870 seconds
[2026-06-02T06:54:32.492+0000] {processor.py:186} INFO - Started process (PID=9013) to work on /opt/airflow/dags/pinot_bootstrap.py
[2026-06-02T06:54:32.493+0000] {processor.py:914} INFO - Processing file /opt/airflow/dags/pinot_bootstrap.py for tasks to queue
[2026-06-02T06:54:32.496+0000] {logging_mixin.py:190} INFO - [2026-06-02T06:54:32.496+0000] {dagbag.py:588} INFO - Filling up the DagBag from /opt/airflow/dags/pinot_bootstrap.py
[2026-06-02T06:54:33.262+0000] {processor.py:925} INFO - DAG(s) 'pinot_bootstrap' retrieved from /opt/airflow/dags/pinot_bootstrap.py
[2026-06-02T06:54:33.300+0000] {logging_mixin.py:190} INFO - [2026-06-02T06:54:33.299+0000] {dag.py:3239} INFO - Sync 1 DAGs
[2026-06-02T06:54:33.320+0000] {logging_mixin.py:190} INFO - [2026-06-02T06:54:33.320+0000] {dag.py:4180} INFO - Setting next_dagrun for pinot_bootstrap to None, run_after=None
[2026-06-02T06:54:33.343+0000] {processor.py:208} INFO - Processing /opt/airflow/dags/pinot_bootstrap.py took 0.859 seconds
[2026-06-02T06:55:03.819+0000] {processor.py:186} INFO - Started process (PID=9140) to work on /opt/airflow/dags/pinot_bootstrap.py
[2026-06-02T06:55:03.821+0000] {processor.py:914} INFO - Processing file /opt/airflow/dags/pinot_bootstrap.py for tasks to queue
[2026-06-02T06:55:03.825+0000] {logging_mixin.py:190} INFO - [2026-06-02T06:55:03.824+0000] {dagbag.py:588} INFO - Filling up the DagBag from /opt/airflow/dags/pinot_bootstrap.py
[2026-06-02T06:55:04.581+0000] {processor.py:925} INFO - DAG(s) 'pinot_bootstrap' retrieved from /opt/airflow/dags/pinot_bootstrap.py
[2026-06-02T06:55:04.610+0000] {logging_mixin.py:190} INFO - [2026-06-02T06:55:04.609+0000] {dag.py:3239} INFO - Sync 1 DAGs
[2026-06-02T06:55:04.627+0000] {logging_mixin.py:190} INFO - [2026-06-02T06:55:04.627+0000] {dag.py:4180} INFO - Setting next_dagrun for pinot_bootstrap to None, run_after=None
[2026-06-02T06:55:04.653+0000] {processor.py:208} INFO - Processing /opt/airflow/dags/pinot_bootstrap.py took 0.843 seconds
[2026-06-02T06:55:35.188+0000] {processor.py:186} INFO - Started process (PID=9275) to work on /opt/airflow/dags/pinot_bootstrap.py
[2026-06-02T06:55:35.189+0000] {processor.py:914} INFO - Processing file /opt/airflow/dags/pinot_bootstrap.py for tasks to queue
[2026-06-02T06:55:35.192+0000] {logging_mixin.py:190} INFO - [2026-06-02T06:55:35.192+0000] {dagbag.py:588} INFO - Filling up the DagBag from /opt/airflow/dags/pinot_bootstrap.py
[2026-06-02T06:55:35.978+0000] {processor.py:925} INFO - DAG(s) 'pinot_bootstrap' retrieved from /opt/airflow/dags/pinot_bootstrap.py
[2026-06-02T06:55:36.010+0000] {logging_mixin.py:190} INFO - [2026-06-02T06:55:36.010+0000] {dag.py:3239} INFO - Sync 1 DAGs
[2026-06-02T06:55:36.026+0000] {logging_mixin.py:190} INFO - [2026-06-02T06:55:36.026+0000] {dag.py:4180} INFO - Setting next_dagrun for pinot_bootstrap to None, run_after=None
[2026-06-02T06:55:36.048+0000] {processor.py:208} INFO - Processing /opt/airflow/dags/pinot_bootstrap.py took 0.870 seconds
[2026-06-02T06:56:06.575+0000] {processor.py:186} INFO - Started process (PID=9410) to work on /opt/airflow/dags/pinot_bootstrap.py
[2026-06-02T06:56:06.576+0000] {processor.py:914} INFO - Processing file /opt/airflow/dags/pinot_bootstrap.py for tasks to queue
[2026-06-02T06:56:06.579+0000] {logging_mixin.py:190} INFO - [2026-06-02T06:56:06.579+0000] {dagbag.py:588} INFO - Filling up the DagBag from /opt/airflow/dags/pinot_bootstrap.py
[2026-06-02T06:56:07.283+0000] {processor.py:925} INFO - DAG(s) 'pinot_bootstrap' retrieved from /opt/airflow/dags/pinot_bootstrap.py
[2026-06-02T06:56:07.312+0000] {logging_mixin.py:190} INFO - [2026-06-02T06:56:07.311+0000] {dag.py:3239} INFO - Sync 1 DAGs
[2026-06-02T06:56:07.326+0000] {logging_mixin.py:190} INFO - [2026-06-02T06:56:07.325+0000] {dag.py:4180} INFO - Setting next_dagrun for pinot_bootstrap to None, run_after=None
[2026-06-02T06:56:07.347+0000] {processor.py:208} INFO - Processing /opt/airflow/dags/pinot_bootstrap.py took 0.782 seconds
[2026-06-02T06:56:37.869+0000] {processor.py:186} INFO - Started process (PID=9545) to work on /opt/airflow/dags/pinot_bootstrap.py
[2026-06-02T06:56:37.870+0000] {processor.py:914} INFO - Processing file /opt/airflow/dags/pinot_bootstrap.py for tasks to queue
[2026-06-02T06:56:37.873+0000] {logging_mixin.py:190} INFO - [2026-06-02T06:56:37.873+0000] {dagbag.py:588} INFO - Filling up the DagBag from /opt/airflow/dags/pinot_bootstrap.py
[2026-06-02T06:56:38.614+0000] {processor.py:925} INFO - DAG(s) 'pinot_bootstrap' retrieved from /opt/airflow/dags/pinot_bootstrap.py
[2026-06-02T06:56:38.641+0000] {logging_mixin.py:190} INFO - [2026-06-02T06:56:38.641+0000] {dag.py:3239} INFO - Sync 1 DAGs
[2026-06-02T06:56:38.655+0000] {logging_mixin.py:190} INFO - [2026-06-02T06:56:38.655+0000] {dag.py:4180} INFO - Setting next_dagrun for pinot_bootstrap to None, run_after=None
[2026-06-02T06:56:38.679+0000] {processor.py:208} INFO - Processing /opt/airflow/dags/pinot_bootstrap.py took 0.820 seconds
[2026-06-02T06:57:09.227+0000] {processor.py:186} INFO - Started process (PID=9680) to work on /opt/airflow/dags/pinot_bootstrap.py
[2026-06-02T06:57:09.228+0000] {processor.py:914} INFO - Processing file /opt/airflow/dags/pinot_bootstrap.py for tasks to queue
[2026-06-02T06:57:09.233+0000] {logging_mixin.py:190} INFO - [2026-06-02T06:57:09.232+0000] {dagbag.py:588} INFO - Filling up the DagBag from /opt/airflow/dags/pinot_bootstrap.py
[2026-06-02T06:57:09.985+0000] {processor.py:925} INFO - DAG(s) 'pinot_bootstrap' retrieved from /opt/airflow/dags/pinot_bootstrap.py
[2026-06-02T06:57:10.014+0000] {logging_mixin.py:190} INFO - [2026-06-02T06:57:10.013+0000] {dag.py:3239} INFO - Sync 1 DAGs
[2026-06-02T06:57:10.029+0000] {logging_mixin.py:190} INFO - [2026-06-02T06:57:10.029+0000] {dag.py:4180} INFO - Setting next_dagrun for pinot_bootstrap to None, run_after=None
[2026-06-02T06:57:10.052+0000] {processor.py:208} INFO - Processing /opt/airflow/dags/pinot_bootstrap.py took 0.835 seconds
[2026-06-02T06:57:40.556+0000] {processor.py:186} INFO - Started process (PID=9815) to work on /opt/airflow/dags/pinot_bootstrap.py
[2026-06-02T06:57:40.557+0000] {processor.py:914} INFO - Processing file /opt/airflow/dags/pinot_bootstrap.py for tasks to queue
[2026-06-02T06:57:40.560+0000] {logging_mixin.py:190} INFO - [2026-06-02T06:57:40.560+0000] {dagbag.py:588} INFO - Filling up the DagBag from /opt/airflow/dags/pinot_bootstrap.py
[2026-06-02T06:57:41.370+0000] {processor.py:925} INFO - DAG(s) 'pinot_bootstrap' retrieved from /opt/airflow/dags/pinot_bootstrap.py
[2026-06-02T06:57:41.401+0000] {logging_mixin.py:190} INFO - [2026-06-02T06:57:41.400+0000] {dag.py:3239} INFO - Sync 1 DAGs
[2026-06-02T06:57:41.417+0000] {logging_mixin.py:190} INFO - [2026-06-02T06:57:41.417+0000] {dag.py:4180} INFO - Setting next_dagrun for pinot_bootstrap to None, run_after=None
[2026-06-02T06:57:41.441+0000] {processor.py:208} INFO - Processing /opt/airflow/dags/pinot_bootstrap.py took 0.894 seconds
[2026-06-02T06:58:11.913+0000] {processor.py:186} INFO - Started process (PID=9950) to work on /opt/airflow/dags/pinot_bootstrap.py
[2026-06-02T06:58:11.915+0000] {processor.py:914} INFO - Processing file /opt/airflow/dags/pinot_bootstrap.py for tasks to queue
[2026-06-02T06:58:11.919+0000] {logging_mixin.py:190} INFO - [2026-06-02T06:58:11.918+0000] {dagbag.py:588} INFO - Filling up the DagBag from /opt/airflow/dags/pinot_bootstrap.py
[2026-06-02T06:58:12.708+0000] {processor.py:925} INFO - DAG(s) 'pinot_bootstrap' retrieved from /opt/airflow/dags/pinot_bootstrap.py
[2026-06-02T06:58:12.739+0000] {logging_mixin.py:190} INFO - [2026-06-02T06:58:12.739+0000] {dag.py:3239} INFO - Sync 1 DAGs
[2026-06-02T06:58:12.754+0000] {logging_mixin.py:190} INFO - [2026-06-02T06:58:12.754+0000] {dag.py:4180} INFO - Setting next_dagrun for pinot_bootstrap to None, run_after=None
[2026-06-02T06:58:12.780+0000] {processor.py:208} INFO - Processing /opt/airflow/dags/pinot_bootstrap.py took 0.876 seconds
[2026-06-02T06:58:43.349+0000] {processor.py:186} INFO - Started process (PID=10085) to work on /opt/airflow/dags/pinot_bootstrap.py
[2026-06-02T06:58:43.351+0000] {processor.py:914} INFO - Processing file /opt/airflow/dags/pinot_bootstrap.py for tasks to queue
[2026-06-02T06:58:43.354+0000] {logging_mixin.py:190} INFO - [2026-06-02T06:58:43.354+0000] {dagbag.py:588} INFO - Filling up the DagBag from /opt/airflow/dags/pinot_bootstrap.py
[2026-06-02T06:58:44.130+0000] {processor.py:925} INFO - DAG(s) 'pinot_bootstrap' retrieved from /opt/airflow/dags/pinot_bootstrap.py
[2026-06-02T06:58:44.160+0000] {logging_mixin.py:190} INFO - [2026-06-02T06:58:44.160+0000] {dag.py:3239} INFO - Sync 1 DAGs
[2026-06-02T06:58:44.175+0000] {logging_mixin.py:190} INFO - [2026-06-02T06:58:44.175+0000] {dag.py:4180} INFO - Setting next_dagrun for pinot_bootstrap to None, run_after=None
[2026-06-02T06:58:44.199+0000] {processor.py:208} INFO - Processing /opt/airflow/dags/pinot_bootstrap.py took 0.860 seconds
[2026-06-02T06:59:14.780+0000] {processor.py:186} INFO - Started process (PID=10220) to work on /opt/airflow/dags/pinot_bootstrap.py
[2026-06-02T06:59:14.782+0000] {processor.py:914} INFO - Processing file /opt/airflow/dags/pinot_bootstrap.py for tasks to queue
[2026-06-02T06:59:14.785+0000] {logging_mixin.py:190} INFO - [2026-06-02T06:59:14.784+0000] {dagbag.py:588} INFO - Filling up the DagBag from /opt/airflow/dags/pinot_bootstrap.py
[2026-06-02T06:59:15.648+0000] {processor.py:925} INFO - DAG(s) 'pinot_bootstrap' retrieved from /opt/airflow/dags/pinot_bootstrap.py
[2026-06-02T06:59:15.680+0000] {logging_mixin.py:190} INFO - [2026-06-02T06:59:15.679+0000] {dag.py:3239} INFO - Sync 1 DAGs
[2026-06-02T06:59:15.695+0000] {logging_mixin.py:190} INFO - [2026-06-02T06:59:15.695+0000] {dag.py:4180} INFO - Setting next_dagrun for pinot_bootstrap to None, run_after=None
[2026-06-02T06:59:15.721+0000] {processor.py:208} INFO - Processing /opt/airflow/dags/pinot_bootstrap.py took 0.950 seconds
[2026-06-02T06:59:46.213+0000] {processor.py:186} INFO - Started process (PID=10355) to work on /opt/airflow/dags/pinot_bootstrap.py
[2026-06-02T06:59:46.215+0000] {processor.py:914} INFO - Processing file /opt/airflow/dags/pinot_bootstrap.py for tasks to queue
[2026-06-02T06:59:46.218+0000] {logging_mixin.py:190} INFO - [2026-06-02T06:59:46.217+0000] {dagbag.py:588} INFO - Filling up the DagBag from /opt/airflow/dags/pinot_bootstrap.py
[2026-06-02T06:59:47.011+0000] {processor.py:925} INFO - DAG(s) 'pinot_bootstrap' retrieved from /opt/airflow/dags/pinot_bootstrap.py
[2026-06-02T06:59:47.046+0000] {logging_mixin.py:190} INFO - [2026-06-02T06:59:47.046+0000] {dag.py:3239} INFO - Sync 1 DAGs
[2026-06-02T06:59:47.062+0000] {logging_mixin.py:190} INFO - [2026-06-02T06:59:47.062+0000] {dag.py:4180} INFO - Setting next_dagrun for pinot_bootstrap to None, run_after=None
[2026-06-02T06:59:47.089+0000] {processor.py:208} INFO - Processing /opt/airflow/dags/pinot_bootstrap.py took 0.884 seconds
[2026-06-02T07:00:17.665+0000] {processor.py:186} INFO - Started process (PID=10490) to work on /opt/airflow/dags/pinot_bootstrap.py
[2026-06-02T07:00:17.667+0000] {processor.py:914} INFO - Processing file /opt/airflow/dags/pinot_bootstrap.py for tasks to queue
[2026-06-02T07:00:17.671+0000] {logging_mixin.py:190} INFO - [2026-06-02T07:00:17.670+0000] {dagbag.py:588} INFO - Filling up the DagBag from /opt/airflow/dags/pinot_bootstrap.py
[2026-06-02T07:00:18.474+0000] {processor.py:925} INFO - DAG(s) 'pinot_bootstrap' retrieved from /opt/airflow/dags/pinot_bootstrap.py
[2026-06-02T07:00:18.504+0000] {logging_mixin.py:190} INFO - [2026-06-02T07:00:18.504+0000] {dag.py:3239} INFO - Sync 1 DAGs
[2026-06-02T07:00:18.521+0000] {logging_mixin.py:190} INFO - [2026-06-02T07:00:18.520+0000] {dag.py:4180} INFO - Setting next_dagrun for pinot_bootstrap to None, run_after=None
[2026-06-02T07:00:18.545+0000] {processor.py:208} INFO - Processing /opt/airflow/dags/pinot_bootstrap.py took 0.889 seconds
[2026-06-02T07:00:49.132+0000] {processor.py:186} INFO - Started process (PID=10625) to work on /opt/airflow/dags/pinot_bootstrap.py
[2026-06-02T07:00:49.134+0000] {processor.py:914} INFO - Processing file /opt/airflow/dags/pinot_bootstrap.py for tasks to queue
[2026-06-02T07:00:49.138+0000] {logging_mixin.py:190} INFO - [2026-06-02T07:00:49.137+0000] {dagbag.py:588} INFO - Filling up the DagBag from /opt/airflow/dags/pinot_bootstrap.py
[2026-06-02T07:00:49.901+0000] {processor.py:925} INFO - DAG(s) 'pinot_bootstrap' retrieved from /opt/airflow/dags/pinot_bootstrap.py
[2026-06-02T07:00:49.929+0000] {logging_mixin.py:190} INFO - [2026-06-02T07:00:49.928+0000] {dag.py:3239} INFO - Sync 1 DAGs
[2026-06-02T07:00:49.945+0000] {logging_mixin.py:190} INFO - [2026-06-02T07:00:49.944+0000] {dag.py:4180} INFO - Setting next_dagrun for pinot_bootstrap to None, run_after=None
[2026-06-02T07:00:49.973+0000] {processor.py:208} INFO - Processing /opt/airflow/dags/pinot_bootstrap.py took 0.851 seconds
[2026-06-02T07:01:20.484+0000] {processor.py:186} INFO - Started process (PID=10759) to work on /opt/airflow/dags/pinot_bootstrap.py
[2026-06-02T07:01:20.486+0000] {processor.py:914} INFO - Processing file /opt/airflow/dags/pinot_bootstrap.py for tasks to queue
[2026-06-02T07:01:20.491+0000] {logging_mixin.py:190} INFO - [2026-06-02T07:01:20.490+0000] {dagbag.py:588} INFO - Filling up the DagBag from /opt/airflow/dags/pinot_bootstrap.py
[2026-06-02T07:01:21.358+0000] {processor.py:925} INFO - DAG(s) 'pinot_bootstrap' retrieved from /opt/airflow/dags/pinot_bootstrap.py
[2026-06-02T07:01:21.389+0000] {logging_mixin.py:190} INFO - [2026-06-02T07:01:21.389+0000] {dag.py:3239} INFO - Sync 1 DAGs
[2026-06-02T07:01:21.403+0000] {logging_mixin.py:190} INFO - [2026-06-02T07:01:21.403+0000] {dag.py:4180} INFO - Setting next_dagrun for pinot_bootstrap to None, run_after=None
[2026-06-02T07:01:21.427+0000] {processor.py:208} INFO - Processing /opt/airflow/dags/pinot_bootstrap.py took 0.953 seconds
[2026-06-02T07:01:51.972+0000] {processor.py:186} INFO - Started process (PID=10886) to work on /opt/airflow/dags/pinot_bootstrap.py
[2026-06-02T07:01:51.974+0000] {processor.py:914} INFO - Processing file /opt/airflow/dags/pinot_bootstrap.py for tasks to queue
[2026-06-02T07:01:51.978+0000] {logging_mixin.py:190} INFO - [2026-06-02T07:01:51.978+0000] {dagbag.py:588} INFO - Filling up the DagBag from /opt/airflow/dags/pinot_bootstrap.py
[2026-06-02T07:01:52.741+0000] {processor.py:925} INFO - DAG(s) 'pinot_bootstrap' retrieved from /opt/airflow/dags/pinot_bootstrap.py
[2026-06-02T07:01:52.770+0000] {logging_mixin.py:190} INFO - [2026-06-02T07:01:52.769+0000] {dag.py:3239} INFO - Sync 1 DAGs
[2026-06-02T07:01:52.785+0000] {logging_mixin.py:190} INFO - [2026-06-02T07:01:52.785+0000] {dag.py:4180} INFO - Setting next_dagrun for pinot_bootstrap to None, run_after=None
[2026-06-02T07:01:52.811+0000] {processor.py:208} INFO - Processing /opt/airflow/dags/pinot_bootstrap.py took 0.849 seconds
[2026-06-02T07:02:23.318+0000] {processor.py:186} INFO - Started process (PID=11021) to work on /opt/airflow/dags/pinot_bootstrap.py
[2026-06-02T07:02:23.319+0000] {processor.py:914} INFO - Processing file /opt/airflow/dags/pinot_bootstrap.py for tasks to queue
[2026-06-02T07:02:23.322+0000] {logging_mixin.py:190} INFO - [2026-06-02T07:02:23.322+0000] {dagbag.py:588} INFO - Filling up the DagBag from /opt/airflow/dags/pinot_bootstrap.py
[2026-06-02T07:02:24.076+0000] {processor.py:925} INFO - DAG(s) 'pinot_bootstrap' retrieved from /opt/airflow/dags/pinot_bootstrap.py
[2026-06-02T07:02:24.108+0000] {logging_mixin.py:190} INFO - [2026-06-02T07:02:24.108+0000] {dag.py:3239} INFO - Sync 1 DAGs
[2026-06-02T07:02:24.125+0000] {logging_mixin.py:190} INFO - [2026-06-02T07:02:24.125+0000] {dag.py:4180} INFO - Setting next_dagrun for pinot_bootstrap to None, run_after=None
[2026-06-02T07:02:24.149+0000] {processor.py:208} INFO - Processing /opt/airflow/dags/pinot_bootstrap.py took 0.839 seconds
[2026-06-02T07:02:54.683+0000] {processor.py:186} INFO - Started process (PID=11156) to work on /opt/airflow/dags/pinot_bootstrap.py
[2026-06-02T07:02:54.685+0000] {processor.py:914} INFO - Processing file /opt/airflow/dags/pinot_bootstrap.py for tasks to queue
[2026-06-02T07:02:54.688+0000] {logging_mixin.py:190} INFO - [2026-06-02T07:02:54.688+0000] {dagbag.py:588} INFO - Filling up the DagBag from /opt/airflow/dags/pinot_bootstrap.py
[2026-06-02T07:02:55.500+0000] {processor.py:925} INFO - DAG(s) 'pinot_bootstrap' retrieved from /opt/airflow/dags/pinot_bootstrap.py
[2026-06-02T07:02:55.541+0000] {logging_mixin.py:190} INFO - [2026-06-02T07:02:55.540+0000] {dag.py:3239} INFO - Sync 1 DAGs
[2026-06-02T07:02:55.566+0000] {logging_mixin.py:190} INFO - [2026-06-02T07:02:55.566+0000] {dag.py:4180} INFO - Setting next_dagrun for pinot_bootstrap to None, run_after=None
[2026-06-02T07:02:55.614+0000] {processor.py:208} INFO - Processing /opt/airflow/dags/pinot_bootstrap.py took 0.940 seconds
[2026-06-02T07:03:26.120+0000] {processor.py:186} INFO - Started process (PID=11291) to work on /opt/airflow/dags/pinot_bootstrap.py
[2026-06-02T07:03:26.121+0000] {processor.py:914} INFO - Processing file /opt/airflow/dags/pinot_bootstrap.py for tasks to queue
[2026-06-02T07:03:26.125+0000] {logging_mixin.py:190} INFO - [2026-06-02T07:03:26.125+0000] {dagbag.py:588} INFO - Filling up the DagBag from /opt/airflow/dags/pinot_bootstrap.py
[2026-06-02T07:03:26.993+0000] {processor.py:925} INFO - DAG(s) 'pinot_bootstrap' retrieved from /opt/airflow/dags/pinot_bootstrap.py
[2026-06-02T07:03:27.026+0000] {logging_mixin.py:190} INFO - [2026-06-02T07:03:27.026+0000] {dag.py:3239} INFO - Sync 1 DAGs
[2026-06-02T07:03:27.052+0000] {logging_mixin.py:190} INFO - [2026-06-02T07:03:27.051+0000] {dag.py:4180} INFO - Setting next_dagrun for pinot_bootstrap to None, run_after=None
[2026-06-02T07:03:27.084+0000] {processor.py:208} INFO - Processing /opt/airflow/dags/pinot_bootstrap.py took 0.973 seconds
[2026-06-02T07:03:57.656+0000] {processor.py:186} INFO - Started process (PID=11426) to work on /opt/airflow/dags/pinot_bootstrap.py
[2026-06-02T07:03:57.657+0000] {processor.py:914} INFO - Processing file /opt/airflow/dags/pinot_bootstrap.py for tasks to queue
[2026-06-02T07:03:57.661+0000] {logging_mixin.py:190} INFO - [2026-06-02T07:03:57.661+0000] {dagbag.py:588} INFO - Filling up the DagBag from /opt/airflow/dags/pinot_bootstrap.py
[2026-06-02T07:03:58.463+0000] {processor.py:925} INFO - DAG(s) 'pinot_bootstrap' retrieved from /opt/airflow/dags/pinot_bootstrap.py
[2026-06-02T07:03:58.496+0000] {logging_mixin.py:190} INFO - [2026-06-02T07:03:58.496+0000] {dag.py:3239} INFO - Sync 1 DAGs
[2026-06-02T07:03:58.512+0000] {logging_mixin.py:190} INFO - [2026-06-02T07:03:58.511+0000] {dag.py:4180} INFO - Setting next_dagrun for pinot_bootstrap to None, run_after=None
[2026-06-02T07:03:58.536+0000] {processor.py:208} INFO - Processing /opt/airflow/dags/pinot_bootstrap.py took 0.890 seconds
[2026-06-02T07:04:32.034+0000] {processor.py:186} INFO - Started process (PID=11577) to work on /opt/airflow/dags/pinot_bootstrap.py
[2026-06-02T07:04:32.036+0000] {processor.py:914} INFO - Processing file /opt/airflow/dags/pinot_bootstrap.py for tasks to queue
[2026-06-02T07:04:32.039+0000] {logging_mixin.py:190} INFO - [2026-06-02T07:04:32.038+0000] {dagbag.py:588} INFO - Filling up the DagBag from /opt/airflow/dags/pinot_bootstrap.py
[2026-06-02T07:04:32.905+0000] {processor.py:925} INFO - DAG(s) 'pinot_bootstrap' retrieved from /opt/airflow/dags/pinot_bootstrap.py
[2026-06-02T07:04:32.936+0000] {logging_mixin.py:190} INFO - [2026-06-02T07:04:32.936+0000] {dag.py:3239} INFO - Sync 1 DAGs
[2026-06-02T07:04:32.951+0000] {logging_mixin.py:190} INFO - [2026-06-02T07:04:32.951+0000] {dag.py:4180} INFO - Setting next_dagrun for pinot_bootstrap to None, run_after=None
[2026-06-02T07:04:33.288+0000] {processor.py:208} INFO - Processing /opt/airflow/dags/pinot_bootstrap.py took 1.263 seconds
[2026-06-02T07:05:03.700+0000] {processor.py:186} INFO - Started process (PID=11696) to work on /opt/airflow/dags/pinot_bootstrap.py
[2026-06-02T07:05:03.701+0000] {processor.py:914} INFO - Processing file /opt/airflow/dags/pinot_bootstrap.py for tasks to queue
[2026-06-02T07:05:03.705+0000] {logging_mixin.py:190} INFO - [2026-06-02T07:05:03.705+0000] {dagbag.py:588} INFO - Filling up the DagBag from /opt/airflow/dags/pinot_bootstrap.py
[2026-06-02T07:05:04.564+0000] {processor.py:925} INFO - DAG(s) 'pinot_bootstrap' retrieved from /opt/airflow/dags/pinot_bootstrap.py
[2026-06-02T07:05:04.605+0000] {logging_mixin.py:190} INFO - [2026-06-02T07:05:04.605+0000] {dag.py:3239} INFO - Sync 1 DAGs
[2026-06-02T07:05:04.624+0000] {logging_mixin.py:190} INFO - [2026-06-02T07:05:04.624+0000] {dag.py:4180} INFO - Setting next_dagrun for pinot_bootstrap to None, run_after=None
[2026-06-02T07:05:04.671+0000] {processor.py:208} INFO - Processing /opt/airflow/dags/pinot_bootstrap.py took 0.981 seconds
[2026-06-02T07:05:35.230+0000] {processor.py:186} INFO - Started process (PID=11831) to work on /opt/airflow/dags/pinot_bootstrap.py
[2026-06-02T07:05:35.232+0000] {processor.py:914} INFO - Processing file /opt/airflow/dags/pinot_bootstrap.py for tasks to queue
[2026-06-02T07:05:35.235+0000] {logging_mixin.py:190} INFO - [2026-06-02T07:05:35.235+0000] {dagbag.py:588} INFO - Filling up the DagBag from /opt/airflow/dags/pinot_bootstrap.py
[2026-06-02T07:05:36.083+0000] {processor.py:925} INFO - DAG(s) 'pinot_bootstrap' retrieved from /opt/airflow/dags/pinot_bootstrap.py
[2026-06-02T07:05:36.114+0000] {logging_mixin.py:190} INFO - [2026-06-02T07:05:36.114+0000] {dag.py:3239} INFO - Sync 1 DAGs
[2026-06-02T07:05:36.130+0000] {logging_mixin.py:190} INFO - [2026-06-02T07:05:36.130+0000] {dag.py:4180} INFO - Setting next_dagrun for pinot_bootstrap to None, run_after=None
[2026-06-02T07:05:36.156+0000] {processor.py:208} INFO - Processing /opt/airflow/dags/pinot_bootstrap.py took 0.934 seconds
[2026-06-02T07:06:06.686+0000] {processor.py:186} INFO - Started process (PID=11966) to work on /opt/airflow/dags/pinot_bootstrap.py
[2026-06-02T07:06:06.687+0000] {processor.py:914} INFO - Processing file /opt/airflow/dags/pinot_bootstrap.py for tasks to queue
[2026-06-02T07:06:06.690+0000] {logging_mixin.py:190} INFO - [2026-06-02T07:06:06.690+0000] {dagbag.py:588} INFO - Filling up the DagBag from /opt/airflow/dags/pinot_bootstrap.py
[2026-06-02T07:06:07.493+0000] {processor.py:925} INFO - DAG(s) 'pinot_bootstrap' retrieved from /opt/airflow/dags/pinot_bootstrap.py
[2026-06-02T07:06:07.521+0000] {logging_mixin.py:190} INFO - [2026-06-02T07:06:07.521+0000] {dag.py:3239} INFO - Sync 1 DAGs
[2026-06-02T07:06:07.536+0000] {logging_mixin.py:190} INFO - [2026-06-02T07:06:07.535+0000] {dag.py:4180} INFO - Setting next_dagrun for pinot_bootstrap to None, run_after=None
[2026-06-02T07:06:07.559+0000] {processor.py:208} INFO - Processing /opt/airflow/dags/pinot_bootstrap.py took 0.883 seconds
[2026-06-02T07:06:38.137+0000] {processor.py:186} INFO - Started process (PID=12101) to work on /opt/airflow/dags/pinot_bootstrap.py
[2026-06-02T07:06:38.138+0000] {processor.py:914} INFO - Processing file /opt/airflow/dags/pinot_bootstrap.py for tasks to queue
[2026-06-02T07:06:38.141+0000] {logging_mixin.py:190} INFO - [2026-06-02T07:06:38.141+0000] {dagbag.py:588} INFO - Filling up the DagBag from /opt/airflow/dags/pinot_bootstrap.py
[2026-06-02T07:06:38.914+0000] {processor.py:925} INFO - DAG(s) 'pinot_bootstrap' retrieved from /opt/airflow/dags/pinot_bootstrap.py
[2026-06-02T07:06:38.943+0000] {logging_mixin.py:190} INFO - [2026-06-02T07:06:38.943+0000] {dag.py:3239} INFO - Sync 1 DAGs
[2026-06-02T07:06:38.959+0000] {logging_mixin.py:190} INFO - [2026-06-02T07:06:38.959+0000] {dag.py:4180} INFO - Setting next_dagrun for pinot_bootstrap to None, run_after=None
[2026-06-02T07:06:38.981+0000] {processor.py:208} INFO - Processing /opt/airflow/dags/pinot_bootstrap.py took 0.853 seconds
[2026-06-02T07:07:09.568+0000] {processor.py:186} INFO - Started process (PID=12236) to work on /opt/airflow/dags/pinot_bootstrap.py
[2026-06-02T07:07:09.570+0000] {processor.py:914} INFO - Processing file /opt/airflow/dags/pinot_bootstrap.py for tasks to queue
[2026-06-02T07:07:09.573+0000] {logging_mixin.py:190} INFO - [2026-06-02T07:07:09.573+0000] {dagbag.py:588} INFO - Filling up the DagBag from /opt/airflow/dags/pinot_bootstrap.py
[2026-06-02T07:07:10.290+0000] {processor.py:925} INFO - DAG(s) 'pinot_bootstrap' retrieved from /opt/airflow/dags/pinot_bootstrap.py
[2026-06-02T07:07:10.318+0000] {logging_mixin.py:190} INFO - [2026-06-02T07:07:10.318+0000] {dag.py:3239} INFO - Sync 1 DAGs
[2026-06-02T07:07:10.332+0000] {logging_mixin.py:190} INFO - [2026-06-02T07:07:10.332+0000] {dag.py:4180} INFO - Setting next_dagrun for pinot_bootstrap to None, run_after=None
[2026-06-02T07:07:10.356+0000] {processor.py:208} INFO - Processing /opt/airflow/dags/pinot_bootstrap.py took 0.796 seconds
[2026-06-02T07:07:40.858+0000] {processor.py:186} INFO - Started process (PID=12371) to work on /opt/airflow/dags/pinot_bootstrap.py
[2026-06-02T07:07:40.859+0000] {processor.py:914} INFO - Processing file /opt/airflow/dags/pinot_bootstrap.py for tasks to queue
[2026-06-02T07:07:40.862+0000] {logging_mixin.py:190} INFO - [2026-06-02T07:07:40.861+0000] {dagbag.py:588} INFO - Filling up the DagBag from /opt/airflow/dags/pinot_bootstrap.py
[2026-06-02T07:07:41.586+0000] {processor.py:925} INFO - DAG(s) 'pinot_bootstrap' retrieved from /opt/airflow/dags/pinot_bootstrap.py
[2026-06-02T07:07:41.615+0000] {logging_mixin.py:190} INFO - [2026-06-02T07:07:41.615+0000] {dag.py:3239} INFO - Sync 1 DAGs
[2026-06-02T07:07:41.630+0000] {logging_mixin.py:190} INFO - [2026-06-02T07:07:41.630+0000] {dag.py:4180} INFO - Setting next_dagrun for pinot_bootstrap to None, run_after=None
[2026-06-02T07:07:41.653+0000] {processor.py:208} INFO - Processing /opt/airflow/dags/pinot_bootstrap.py took 0.805 seconds
[2026-06-02T07:08:12.158+0000] {processor.py:186} INFO - Started process (PID=12506) to work on /opt/airflow/dags/pinot_bootstrap.py
[2026-06-02T07:08:12.159+0000] {processor.py:914} INFO - Processing file /opt/airflow/dags/pinot_bootstrap.py for tasks to queue
[2026-06-02T07:08:12.163+0000] {logging_mixin.py:190} INFO - [2026-06-02T07:08:12.162+0000] {dagbag.py:588} INFO - Filling up the DagBag from /opt/airflow/dags/pinot_bootstrap.py
[2026-06-02T07:08:12.921+0000] {processor.py:925} INFO - DAG(s) 'pinot_bootstrap' retrieved from /opt/airflow/dags/pinot_bootstrap.py
[2026-06-02T07:08:12.948+0000] {logging_mixin.py:190} INFO - [2026-06-02T07:08:12.948+0000] {dag.py:3239} INFO - Sync 1 DAGs
[2026-06-02T07:08:12.962+0000] {logging_mixin.py:190} INFO - [2026-06-02T07:08:12.962+0000] {dag.py:4180} INFO - Setting next_dagrun for pinot_bootstrap to None, run_after=None
[2026-06-02T07:08:12.984+0000] {processor.py:208} INFO - Processing /opt/airflow/dags/pinot_bootstrap.py took 0.835 seconds
[2026-06-02T07:08:43.552+0000] {processor.py:186} INFO - Started process (PID=12641) to work on /opt/airflow/dags/pinot_bootstrap.py
[2026-06-02T07:08:43.554+0000] {processor.py:914} INFO - Processing file /opt/airflow/dags/pinot_bootstrap.py for tasks to queue
[2026-06-02T07:08:43.557+0000] {logging_mixin.py:190} INFO - [2026-06-02T07:08:43.556+0000] {dagbag.py:588} INFO - Filling up the DagBag from /opt/airflow/dags/pinot_bootstrap.py
[2026-06-02T07:08:44.338+0000] {processor.py:925} INFO - DAG(s) 'pinot_bootstrap' retrieved from /opt/airflow/dags/pinot_bootstrap.py
[2026-06-02T07:08:44.368+0000] {logging_mixin.py:190} INFO - [2026-06-02T07:08:44.368+0000] {dag.py:3239} INFO - Sync 1 DAGs
[2026-06-02T07:08:44.384+0000] {logging_mixin.py:190} INFO - [2026-06-02T07:08:44.384+0000] {dag.py:4180} INFO - Setting next_dagrun for pinot_bootstrap to None, run_after=None
[2026-06-02T07:08:44.411+0000] {processor.py:208} INFO - Processing /opt/airflow/dags/pinot_bootstrap.py took 0.868 seconds
[2026-06-02T07:09:14.873+0000] {processor.py:186} INFO - Started process (PID=12775) to work on /opt/airflow/dags/pinot_bootstrap.py
[2026-06-02T07:09:14.875+0000] {processor.py:914} INFO - Processing file /opt/airflow/dags/pinot_bootstrap.py for tasks to queue
[2026-06-02T07:09:14.878+0000] {logging_mixin.py:190} INFO - [2026-06-02T07:09:14.878+0000] {dagbag.py:588} INFO - Filling up the DagBag from /opt/airflow/dags/pinot_bootstrap.py
[2026-06-02T07:09:15.677+0000] {processor.py:925} INFO - DAG(s) 'pinot_bootstrap' retrieved from /opt/airflow/dags/pinot_bootstrap.py
[2026-06-02T07:09:15.711+0000] {logging_mixin.py:190} INFO - [2026-06-02T07:09:15.710+0000] {dag.py:3239} INFO - Sync 1 DAGs
[2026-06-02T07:09:15.729+0000] {logging_mixin.py:190} INFO - [2026-06-02T07:09:15.728+0000] {dag.py:4180} INFO - Setting next_dagrun for pinot_bootstrap to None, run_after=None
[2026-06-02T07:09:15.757+0000] {processor.py:208} INFO - Processing /opt/airflow/dags/pinot_bootstrap.py took 0.893 seconds
[2026-06-02T07:09:46.259+0000] {processor.py:186} INFO - Started process (PID=12910) to work on /opt/airflow/dags/pinot_bootstrap.py
[2026-06-02T07:09:46.261+0000] {processor.py:914} INFO - Processing file /opt/airflow/dags/pinot_bootstrap.py for tasks to queue
[2026-06-02T07:09:46.265+0000] {logging_mixin.py:190} INFO - [2026-06-02T07:09:46.264+0000] {dagbag.py:588} INFO - Filling up the DagBag from /opt/airflow/dags/pinot_bootstrap.py
[2026-06-02T07:09:47.029+0000] {processor.py:925} INFO - DAG(s) 'pinot_bootstrap' retrieved from /opt/airflow/dags/pinot_bootstrap.py
[2026-06-02T07:09:47.061+0000] {logging_mixin.py:190} INFO - [2026-06-02T07:09:47.060+0000] {dag.py:3239} INFO - Sync 1 DAGs
[2026-06-02T07:09:47.075+0000] {logging_mixin.py:190} INFO - [2026-06-02T07:09:47.075+0000] {dag.py:4180} INFO - Setting next_dagrun for pinot_bootstrap to None, run_after=None
[2026-06-02T07:09:47.100+0000] {processor.py:208} INFO - Processing /opt/airflow/dags/pinot_bootstrap.py took 0.850 seconds
[2026-06-02T07:10:17.820+0000] {processor.py:186} INFO - Started process (PID=13037) to work on /opt/airflow/dags/pinot_bootstrap.py
[2026-06-02T07:10:17.821+0000] {processor.py:914} INFO - Processing file /opt/airflow/dags/pinot_bootstrap.py for tasks to queue
[2026-06-02T07:10:17.824+0000] {logging_mixin.py:190} INFO - [2026-06-02T07:10:17.824+0000] {dagbag.py:588} INFO - Filling up the DagBag from /opt/airflow/dags/pinot_bootstrap.py
[2026-06-02T07:10:18.576+0000] {processor.py:925} INFO - DAG(s) 'pinot_bootstrap' retrieved from /opt/airflow/dags/pinot_bootstrap.py
[2026-06-02T07:10:18.603+0000] {logging_mixin.py:190} INFO - [2026-06-02T07:10:18.603+0000] {dag.py:3239} INFO - Sync 1 DAGs
[2026-06-02T07:10:18.617+0000] {logging_mixin.py:190} INFO - [2026-06-02T07:10:18.617+0000] {dag.py:4180} INFO - Setting next_dagrun for pinot_bootstrap to None, run_after=None
[2026-06-02T07:10:18.641+0000] {processor.py:208} INFO - Processing /opt/airflow/dags/pinot_bootstrap.py took 0.830 seconds
[2026-06-02T07:10:49.354+0000] {processor.py:186} INFO - Started process (PID=13172) to work on /opt/airflow/dags/pinot_bootstrap.py
[2026-06-02T07:10:49.355+0000] {processor.py:914} INFO - Processing file /opt/airflow/dags/pinot_bootstrap.py for tasks to queue
[2026-06-02T07:10:49.359+0000] {logging_mixin.py:190} INFO - [2026-06-02T07:10:49.358+0000] {dagbag.py:588} INFO - Filling up the DagBag from /opt/airflow/dags/pinot_bootstrap.py
[2026-06-02T07:10:50.120+0000] {processor.py:925} INFO - DAG(s) 'pinot_bootstrap' retrieved from /opt/airflow/dags/pinot_bootstrap.py
[2026-06-02T07:10:50.150+0000] {logging_mixin.py:190} INFO - [2026-06-02T07:10:50.149+0000] {dag.py:3239} INFO - Sync 1 DAGs
[2026-06-02T07:10:50.164+0000] {logging_mixin.py:190} INFO - [2026-06-02T07:10:50.163+0000] {dag.py:4180} INFO - Setting next_dagrun for pinot_bootstrap to None, run_after=None
[2026-06-02T07:10:50.185+0000] {processor.py:208} INFO - Processing /opt/airflow/dags/pinot_bootstrap.py took 0.840 seconds
[2026-06-02T07:11:20.777+0000] {processor.py:186} INFO - Started process (PID=13307) to work on /opt/airflow/dags/pinot_bootstrap.py
[2026-06-02T07:11:20.779+0000] {processor.py:914} INFO - Processing file /opt/airflow/dags/pinot_bootstrap.py for tasks to queue
[2026-06-02T07:11:20.783+0000] {logging_mixin.py:190} INFO - [2026-06-02T07:11:20.783+0000] {dagbag.py:588} INFO - Filling up the DagBag from /opt/airflow/dags/pinot_bootstrap.py
[2026-06-02T07:11:21.512+0000] {processor.py:925} INFO - DAG(s) 'pinot_bootstrap' retrieved from /opt/airflow/dags/pinot_bootstrap.py
[2026-06-02T07:11:21.542+0000] {logging_mixin.py:190} INFO - [2026-06-02T07:11:21.542+0000] {dag.py:3239} INFO - Sync 1 DAGs
[2026-06-02T07:11:21.557+0000] {logging_mixin.py:190} INFO - [2026-06-02T07:11:21.557+0000] {dag.py:4180} INFO - Setting next_dagrun for pinot_bootstrap to None, run_after=None
[2026-06-02T07:11:21.579+0000] {processor.py:208} INFO - Processing /opt/airflow/dags/pinot_bootstrap.py took 0.814 seconds
[2026-06-02T07:11:52.151+0000] {processor.py:186} INFO - Started process (PID=13442) to work on /opt/airflow/dags/pinot_bootstrap.py
[2026-06-02T07:11:52.152+0000] {processor.py:914} INFO - Processing file /opt/airflow/dags/pinot_bootstrap.py for tasks to queue
[2026-06-02T07:11:52.156+0000] {logging_mixin.py:190} INFO - [2026-06-02T07:11:52.156+0000] {dagbag.py:588} INFO - Filling up the DagBag from /opt/airflow/dags/pinot_bootstrap.py
[2026-06-02T07:11:52.946+0000] {processor.py:925} INFO - DAG(s) 'pinot_bootstrap' retrieved from /opt/airflow/dags/pinot_bootstrap.py
[2026-06-02T07:11:52.977+0000] {logging_mixin.py:190} INFO - [2026-06-02T07:11:52.977+0000] {dag.py:3239} INFO - Sync 1 DAGs
[2026-06-02T07:11:52.993+0000] {logging_mixin.py:190} INFO - [2026-06-02T07:11:52.993+0000] {dag.py:4180} INFO - Setting next_dagrun for pinot_bootstrap to None, run_after=None
[2026-06-02T07:11:53.017+0000] {processor.py:208} INFO - Processing /opt/airflow/dags/pinot_bootstrap.py took 0.876 seconds
[2026-06-02T07:12:23.565+0000] {processor.py:186} INFO - Started process (PID=13577) to work on /opt/airflow/dags/pinot_bootstrap.py
[2026-06-02T07:12:23.567+0000] {processor.py:914} INFO - Processing file /opt/airflow/dags/pinot_bootstrap.py for tasks to queue
[2026-06-02T07:12:23.571+0000] {logging_mixin.py:190} INFO - [2026-06-02T07:12:23.570+0000] {dagbag.py:588} INFO - Filling up the DagBag from /opt/airflow/dags/pinot_bootstrap.py
[2026-06-02T07:12:24.408+0000] {processor.py:925} INFO - DAG(s) 'pinot_bootstrap' retrieved from /opt/airflow/dags/pinot_bootstrap.py
[2026-06-02T07:12:24.440+0000] {logging_mixin.py:190} INFO - [2026-06-02T07:12:24.440+0000] {dag.py:3239} INFO - Sync 1 DAGs
[2026-06-02T07:12:24.460+0000] {logging_mixin.py:190} INFO - [2026-06-02T07:12:24.459+0000] {dag.py:4180} INFO - Setting next_dagrun for pinot_bootstrap to None, run_after=None
[2026-06-02T07:12:24.482+0000] {processor.py:208} INFO - Processing /opt/airflow/dags/pinot_bootstrap.py took 0.929 seconds
[2026-06-02T07:12:55.017+0000] {processor.py:186} INFO - Started process (PID=13712) to work on /opt/airflow/dags/pinot_bootstrap.py
[2026-06-02T07:12:55.018+0000] {processor.py:914} INFO - Processing file /opt/airflow/dags/pinot_bootstrap.py for tasks to queue
[2026-06-02T07:12:55.021+0000] {logging_mixin.py:190} INFO - [2026-06-02T07:12:55.021+0000] {dagbag.py:588} INFO - Filling up the DagBag from /opt/airflow/dags/pinot_bootstrap.py
[2026-06-02T07:12:55.752+0000] {processor.py:925} INFO - DAG(s) 'pinot_bootstrap' retrieved from /opt/airflow/dags/pinot_bootstrap.py
[2026-06-02T07:12:55.781+0000] {logging_mixin.py:190} INFO - [2026-06-02T07:12:55.781+0000] {dag.py:3239} INFO - Sync 1 DAGs
[2026-06-02T07:12:55.795+0000] {logging_mixin.py:190} INFO - [2026-06-02T07:12:55.795+0000] {dag.py:4180} INFO - Setting next_dagrun for pinot_bootstrap to None, run_after=None
[2026-06-02T07:12:55.816+0000] {processor.py:208} INFO - Processing /opt/airflow/dags/pinot_bootstrap.py took 0.808 seconds
[2026-06-02T07:13:26.296+0000] {processor.py:186} INFO - Started process (PID=13847) to work on /opt/airflow/dags/pinot_bootstrap.py
[2026-06-02T07:13:26.298+0000] {processor.py:914} INFO - Processing file /opt/airflow/dags/pinot_bootstrap.py for tasks to queue
[2026-06-02T07:13:26.301+0000] {logging_mixin.py:190} INFO - [2026-06-02T07:13:26.301+0000] {dagbag.py:588} INFO - Filling up the DagBag from /opt/airflow/dags/pinot_bootstrap.py
[2026-06-02T07:13:27.040+0000] {processor.py:925} INFO - DAG(s) 'pinot_bootstrap' retrieved from /opt/airflow/dags/pinot_bootstrap.py
[2026-06-02T07:13:27.069+0000] {logging_mixin.py:190} INFO - [2026-06-02T07:13:27.069+0000] {dag.py:3239} INFO - Sync 1 DAGs
[2026-06-02T07:13:27.084+0000] {logging_mixin.py:190} INFO - [2026-06-02T07:13:27.084+0000] {dag.py:4180} INFO - Setting next_dagrun for pinot_bootstrap to None, run_after=None
[2026-06-02T07:13:27.107+0000] {processor.py:208} INFO - Processing /opt/airflow/dags/pinot_bootstrap.py took 0.821 seconds
[2026-06-02T07:13:57.810+0000] {processor.py:186} INFO - Started process (PID=13983) to work on /opt/airflow/dags/pinot_bootstrap.py
[2026-06-02T07:13:57.812+0000] {processor.py:914} INFO - Processing file /opt/airflow/dags/pinot_bootstrap.py for tasks to queue
[2026-06-02T07:13:57.815+0000] {logging_mixin.py:190} INFO - [2026-06-02T07:13:57.815+0000] {dagbag.py:588} INFO - Filling up the DagBag from /opt/airflow/dags/pinot_bootstrap.py
[2026-06-02T07:13:58.605+0000] {processor.py:925} INFO - DAG(s) 'pinot_bootstrap' retrieved from /opt/airflow/dags/pinot_bootstrap.py
[2026-06-02T07:13:58.633+0000] {logging_mixin.py:190} INFO - [2026-06-02T07:13:58.633+0000] {dag.py:3239} INFO - Sync 1 DAGs
[2026-06-02T07:13:58.648+0000] {logging_mixin.py:190} INFO - [2026-06-02T07:13:58.648+0000] {dag.py:4180} INFO - Setting next_dagrun for pinot_bootstrap to None, run_after=None
[2026-06-02T07:13:58.674+0000] {processor.py:208} INFO - Processing /opt/airflow/dags/pinot_bootstrap.py took 0.872 seconds
[2026-06-02T07:14:29.144+0000] {processor.py:186} INFO - Started process (PID=14118) to work on /opt/airflow/dags/pinot_bootstrap.py
[2026-06-02T07:14:29.145+0000] {processor.py:914} INFO - Processing file /opt/airflow/dags/pinot_bootstrap.py for tasks to queue
[2026-06-02T07:14:29.149+0000] {logging_mixin.py:190} INFO - [2026-06-02T07:14:29.149+0000] {dagbag.py:588} INFO - Filling up the DagBag from /opt/airflow/dags/pinot_bootstrap.py
[2026-06-02T07:14:29.908+0000] {processor.py:925} INFO - DAG(s) 'pinot_bootstrap' retrieved from /opt/airflow/dags/pinot_bootstrap.py
[2026-06-02T07:14:29.935+0000] {logging_mixin.py:190} INFO - [2026-06-02T07:14:29.934+0000] {dag.py:3239} INFO - Sync 1 DAGs
[2026-06-02T07:14:29.949+0000] {logging_mixin.py:190} INFO - [2026-06-02T07:14:29.949+0000] {dag.py:4180} INFO - Setting next_dagrun for pinot_bootstrap to None, run_after=None
[2026-06-02T07:14:29.975+0000] {processor.py:208} INFO - Processing /opt/airflow/dags/pinot_bootstrap.py took 0.841 seconds
[2026-06-02T07:15:00.617+0000] {processor.py:186} INFO - Started process (PID=14253) to work on /opt/airflow/dags/pinot_bootstrap.py
[2026-06-02T07:15:00.618+0000] {processor.py:914} INFO - Processing file /opt/airflow/dags/pinot_bootstrap.py for tasks to queue
[2026-06-02T07:15:00.622+0000] {logging_mixin.py:190} INFO - [2026-06-02T07:15:00.622+0000] {dagbag.py:588} INFO - Filling up the DagBag from /opt/airflow/dags/pinot_bootstrap.py
[2026-06-02T07:15:01.420+0000] {processor.py:925} INFO - DAG(s) 'pinot_bootstrap' retrieved from /opt/airflow/dags/pinot_bootstrap.py
[2026-06-02T07:15:01.448+0000] {logging_mixin.py:190} INFO - [2026-06-02T07:15:01.447+0000] {dag.py:3239} INFO - Sync 1 DAGs
[2026-06-02T07:15:01.463+0000] {logging_mixin.py:190} INFO - [2026-06-02T07:15:01.463+0000] {dag.py:4180} INFO - Setting next_dagrun for pinot_bootstrap to None, run_after=None
[2026-06-02T07:15:01.487+0000] {processor.py:208} INFO - Processing /opt/airflow/dags/pinot_bootstrap.py took 0.879 seconds
[2026-06-02T07:15:32.079+0000] {processor.py:186} INFO - Started process (PID=14388) to work on /opt/airflow/dags/pinot_bootstrap.py
[2026-06-02T07:15:32.081+0000] {processor.py:914} INFO - Processing file /opt/airflow/dags/pinot_bootstrap.py for tasks to queue
[2026-06-02T07:15:32.084+0000] {logging_mixin.py:190} INFO - [2026-06-02T07:15:32.083+0000] {dagbag.py:588} INFO - Filling up the DagBag from /opt/airflow/dags/pinot_bootstrap.py
[2026-06-02T07:15:32.846+0000] {processor.py:925} INFO - DAG(s) 'pinot_bootstrap' retrieved from /opt/airflow/dags/pinot_bootstrap.py
[2026-06-02T07:15:32.878+0000] {logging_mixin.py:190} INFO - [2026-06-02T07:15:32.877+0000] {dag.py:3239} INFO - Sync 1 DAGs
[2026-06-02T07:15:32.893+0000] {logging_mixin.py:190} INFO - [2026-06-02T07:15:32.893+0000] {dag.py:4180} INFO - Setting next_dagrun for pinot_bootstrap to None, run_after=None
[2026-06-02T07:15:32.919+0000] {processor.py:208} INFO - Processing /opt/airflow/dags/pinot_bootstrap.py took 0.850 seconds
[2026-06-02T07:16:03.518+0000] {processor.py:186} INFO - Started process (PID=14523) to work on /opt/airflow/dags/pinot_bootstrap.py
[2026-06-02T07:16:03.520+0000] {processor.py:914} INFO - Processing file /opt/airflow/dags/pinot_bootstrap.py for tasks to queue
[2026-06-02T07:16:03.524+0000] {logging_mixin.py:190} INFO - [2026-06-02T07:16:03.523+0000] {dagbag.py:588} INFO - Filling up the DagBag from /opt/airflow/dags/pinot_bootstrap.py
[2026-06-02T07:16:04.262+0000] {processor.py:925} INFO - DAG(s) 'pinot_bootstrap' retrieved from /opt/airflow/dags/pinot_bootstrap.py
[2026-06-02T07:16:04.291+0000] {logging_mixin.py:190} INFO - [2026-06-02T07:16:04.290+0000] {dag.py:3239} INFO - Sync 1 DAGs
[2026-06-02T07:16:04.308+0000] {logging_mixin.py:190} INFO - [2026-06-02T07:16:04.307+0000] {dag.py:4180} INFO - Setting next_dagrun for pinot_bootstrap to None, run_after=None
[2026-06-02T07:16:04.330+0000] {processor.py:208} INFO - Processing /opt/airflow/dags/pinot_bootstrap.py took 0.821 seconds
[2026-06-02T07:16:34.969+0000] {processor.py:186} INFO - Started process (PID=14657) to work on /opt/airflow/dags/pinot_bootstrap.py
[2026-06-02T07:16:34.971+0000] {processor.py:914} INFO - Processing file /opt/airflow/dags/pinot_bootstrap.py for tasks to queue
[2026-06-02T07:16:34.975+0000] {logging_mixin.py:190} INFO - [2026-06-02T07:16:34.974+0000] {dagbag.py:588} INFO - Filling up the DagBag from /opt/airflow/dags/pinot_bootstrap.py
[2026-06-02T07:16:35.784+0000] {processor.py:925} INFO - DAG(s) 'pinot_bootstrap' retrieved from /opt/airflow/dags/pinot_bootstrap.py
[2026-06-02T07:16:35.815+0000] {logging_mixin.py:190} INFO - [2026-06-02T07:16:35.814+0000] {dag.py:3239} INFO - Sync 1 DAGs
[2026-06-02T07:16:35.831+0000] {logging_mixin.py:190} INFO - [2026-06-02T07:16:35.831+0000] {dag.py:4180} INFO - Setting next_dagrun for pinot_bootstrap to None, run_after=None
[2026-06-02T07:16:35.858+0000] {processor.py:208} INFO - Processing /opt/airflow/dags/pinot_bootstrap.py took 0.898 seconds
[2026-06-02T07:17:06.408+0000] {processor.py:186} INFO - Started process (PID=14784) to work on /opt/airflow/dags/pinot_bootstrap.py
[2026-06-02T07:17:06.410+0000] {processor.py:914} INFO - Processing file /opt/airflow/dags/pinot_bootstrap.py for tasks to queue
[2026-06-02T07:17:06.416+0000] {logging_mixin.py:190} INFO - [2026-06-02T07:17:06.416+0000] {dagbag.py:588} INFO - Filling up the DagBag from /opt/airflow/dags/pinot_bootstrap.py
[2026-06-02T07:17:07.354+0000] {processor.py:925} INFO - DAG(s) 'pinot_bootstrap' retrieved from /opt/airflow/dags/pinot_bootstrap.py
[2026-06-02T07:17:07.392+0000] {logging_mixin.py:190} INFO - [2026-06-02T07:17:07.391+0000] {dag.py:3239} INFO - Sync 1 DAGs
[2026-06-02T07:17:07.414+0000] {logging_mixin.py:190} INFO - [2026-06-02T07:17:07.414+0000] {dag.py:4180} INFO - Setting next_dagrun for pinot_bootstrap to None, run_after=None
[2026-06-02T07:17:07.444+0000] {processor.py:208} INFO - Processing /opt/airflow/dags/pinot_bootstrap.py took 1.050 seconds
[2026-06-02T07:17:37.991+0000] {processor.py:186} INFO - Started process (PID=14919) to work on /opt/airflow/dags/pinot_bootstrap.py
[2026-06-02T07:17:37.993+0000] {processor.py:914} INFO - Processing file /opt/airflow/dags/pinot_bootstrap.py for tasks to queue
[2026-06-02T07:17:37.997+0000] {logging_mixin.py:190} INFO - [2026-06-02T07:17:37.996+0000] {dagbag.py:588} INFO - Filling up the DagBag from /opt/airflow/dags/pinot_bootstrap.py
[2026-06-02T07:17:38.768+0000] {processor.py:925} INFO - DAG(s) 'pinot_bootstrap' retrieved from /opt/airflow/dags/pinot_bootstrap.py
[2026-06-02T07:17:38.799+0000] {logging_mixin.py:190} INFO - [2026-06-02T07:17:38.799+0000] {dag.py:3239} INFO - Sync 1 DAGs
[2026-06-02T07:17:38.816+0000] {logging_mixin.py:190} INFO - [2026-06-02T07:17:38.816+0000] {dag.py:4180} INFO - Setting next_dagrun for pinot_bootstrap to None, run_after=None
[2026-06-02T07:17:38.841+0000] {processor.py:208} INFO - Processing /opt/airflow/dags/pinot_bootstrap.py took 0.859 seconds
[2026-06-02T07:18:09.329+0000] {processor.py:186} INFO - Started process (PID=15054) to work on /opt/airflow/dags/pinot_bootstrap.py
[2026-06-02T07:18:09.331+0000] {processor.py:914} INFO - Processing file /opt/airflow/dags/pinot_bootstrap.py for tasks to queue
[2026-06-02T07:18:09.334+0000] {logging_mixin.py:190} INFO - [2026-06-02T07:18:09.333+0000] {dagbag.py:588} INFO - Filling up the DagBag from /opt/airflow/dags/pinot_bootstrap.py
[2026-06-02T07:18:10.103+0000] {processor.py:925} INFO - DAG(s) 'pinot_bootstrap' retrieved from /opt/airflow/dags/pinot_bootstrap.py
[2026-06-02T07:18:10.136+0000] {logging_mixin.py:190} INFO - [2026-06-02T07:18:10.136+0000] {dag.py:3239} INFO - Sync 1 DAGs
[2026-06-02T07:18:10.153+0000] {logging_mixin.py:190} INFO - [2026-06-02T07:18:10.153+0000] {dag.py:4180} INFO - Setting next_dagrun for pinot_bootstrap to None, run_after=None
[2026-06-02T07:18:10.182+0000] {processor.py:208} INFO - Processing /opt/airflow/dags/pinot_bootstrap.py took 0.862 seconds
[2026-06-02T07:18:40.688+0000] {processor.py:186} INFO - Started process (PID=15189) to work on /opt/airflow/dags/pinot_bootstrap.py
[2026-06-02T07:18:40.690+0000] {processor.py:914} INFO - Processing file /opt/airflow/dags/pinot_bootstrap.py for tasks to queue
[2026-06-02T07:18:40.693+0000] {logging_mixin.py:190} INFO - [2026-06-02T07:18:40.692+0000] {dagbag.py:588} INFO - Filling up the DagBag from /opt/airflow/dags/pinot_bootstrap.py
[2026-06-02T07:18:41.472+0000] {processor.py:925} INFO - DAG(s) 'pinot_bootstrap' retrieved from /opt/airflow/dags/pinot_bootstrap.py
[2026-06-02T07:18:41.508+0000] {logging_mixin.py:190} INFO - [2026-06-02T07:18:41.507+0000] {dag.py:3239} INFO - Sync 1 DAGs
[2026-06-02T07:18:41.527+0000] {logging_mixin.py:190} INFO - [2026-06-02T07:18:41.527+0000] {dag.py:4180} INFO - Setting next_dagrun for pinot_bootstrap to None, run_after=None
[2026-06-02T07:18:41.554+0000] {processor.py:208} INFO - Processing /opt/airflow/dags/pinot_bootstrap.py took 0.876 seconds
[2026-06-02T07:19:11.985+0000] {processor.py:186} INFO - Started process (PID=15324) to work on /opt/airflow/dags/pinot_bootstrap.py
[2026-06-02T07:19:11.986+0000] {processor.py:914} INFO - Processing file /opt/airflow/dags/pinot_bootstrap.py for tasks to queue
[2026-06-02T07:19:11.989+0000] {logging_mixin.py:190} INFO - [2026-06-02T07:19:11.989+0000] {dagbag.py:588} INFO - Filling up the DagBag from /opt/airflow/dags/pinot_bootstrap.py
[2026-06-02T07:19:12.735+0000] {processor.py:925} INFO - DAG(s) 'pinot_bootstrap' retrieved from /opt/airflow/dags/pinot_bootstrap.py
[2026-06-02T07:19:12.764+0000] {logging_mixin.py:190} INFO - [2026-06-02T07:19:12.763+0000] {dag.py:3239} INFO - Sync 1 DAGs
[2026-06-02T07:19:12.778+0000] {logging_mixin.py:190} INFO - [2026-06-02T07:19:12.777+0000] {dag.py:4180} INFO - Setting next_dagrun for pinot_bootstrap to None, run_after=None
[2026-06-02T07:19:12.804+0000] {processor.py:208} INFO - Processing /opt/airflow/dags/pinot_bootstrap.py took 0.829 seconds
[2026-06-02T07:19:43.253+0000] {processor.py:186} INFO - Started process (PID=15459) to work on /opt/airflow/dags/pinot_bootstrap.py
[2026-06-02T07:19:43.254+0000] {processor.py:914} INFO - Processing file /opt/airflow/dags/pinot_bootstrap.py for tasks to queue
[2026-06-02T07:19:43.258+0000] {logging_mixin.py:190} INFO - [2026-06-02T07:19:43.257+0000] {dagbag.py:588} INFO - Filling up the DagBag from /opt/airflow/dags/pinot_bootstrap.py
[2026-06-02T07:19:44.065+0000] {processor.py:925} INFO - DAG(s) 'pinot_bootstrap' retrieved from /opt/airflow/dags/pinot_bootstrap.py
[2026-06-02T07:19:44.093+0000] {logging_mixin.py:190} INFO - [2026-06-02T07:19:44.093+0000] {dag.py:3239} INFO - Sync 1 DAGs
[2026-06-02T07:19:44.108+0000] {logging_mixin.py:190} INFO - [2026-06-02T07:19:44.108+0000] {dag.py:4180} INFO - Setting next_dagrun for pinot_bootstrap to None, run_after=None
[2026-06-02T07:19:44.130+0000] {processor.py:208} INFO - Processing /opt/airflow/dags/pinot_bootstrap.py took 0.886 seconds
[2026-06-02T07:20:14.594+0000] {processor.py:186} INFO - Started process (PID=15594) to work on /opt/airflow/dags/pinot_bootstrap.py
[2026-06-02T07:20:14.595+0000] {processor.py:914} INFO - Processing file /opt/airflow/dags/pinot_bootstrap.py for tasks to queue
[2026-06-02T07:20:14.600+0000] {logging_mixin.py:190} INFO - [2026-06-02T07:20:14.600+0000] {dagbag.py:588} INFO - Filling up the DagBag from /opt/airflow/dags/pinot_bootstrap.py
[2026-06-02T07:20:15.332+0000] {processor.py:925} INFO - DAG(s) 'pinot_bootstrap' retrieved from /opt/airflow/dags/pinot_bootstrap.py
[2026-06-02T07:20:15.358+0000] {logging_mixin.py:190} INFO - [2026-06-02T07:20:15.358+0000] {dag.py:3239} INFO - Sync 1 DAGs
[2026-06-02T07:20:15.372+0000] {logging_mixin.py:190} INFO - [2026-06-02T07:20:15.371+0000] {dag.py:4180} INFO - Setting next_dagrun for pinot_bootstrap to None, run_after=None
[2026-06-02T07:20:15.396+0000] {processor.py:208} INFO - Processing /opt/airflow/dags/pinot_bootstrap.py took 0.811 seconds
[2026-06-02T07:20:45.934+0000] {processor.py:186} INFO - Started process (PID=15729) to work on /opt/airflow/dags/pinot_bootstrap.py
[2026-06-02T07:20:45.935+0000] {processor.py:914} INFO - Processing file /opt/airflow/dags/pinot_bootstrap.py for tasks to queue
[2026-06-02T07:20:45.938+0000] {logging_mixin.py:190} INFO - [2026-06-02T07:20:45.937+0000] {dagbag.py:588} INFO - Filling up the DagBag from /opt/airflow/dags/pinot_bootstrap.py
[2026-06-02T07:20:46.713+0000] {processor.py:925} INFO - DAG(s) 'pinot_bootstrap' retrieved from /opt/airflow/dags/pinot_bootstrap.py
[2026-06-02T07:20:46.742+0000] {logging_mixin.py:190} INFO - [2026-06-02T07:20:46.741+0000] {dag.py:3239} INFO - Sync 1 DAGs
[2026-06-02T07:20:46.759+0000] {logging_mixin.py:190} INFO - [2026-06-02T07:20:46.759+0000] {dag.py:4180} INFO - Setting next_dagrun for pinot_bootstrap to None, run_after=None
[2026-06-02T07:20:46.780+0000] {processor.py:208} INFO - Processing /opt/airflow/dags/pinot_bootstrap.py took 0.856 seconds
[2026-06-02T07:21:17.323+0000] {processor.py:186} INFO - Started process (PID=15864) to work on /opt/airflow/dags/pinot_bootstrap.py
[2026-06-02T07:21:17.324+0000] {processor.py:914} INFO - Processing file /opt/airflow/dags/pinot_bootstrap.py for tasks to queue
[2026-06-02T07:21:17.327+0000] {logging_mixin.py:190} INFO - [2026-06-02T07:21:17.327+0000] {dagbag.py:588} INFO - Filling up the DagBag from /opt/airflow/dags/pinot_bootstrap.py
[2026-06-02T07:21:18.071+0000] {processor.py:925} INFO - DAG(s) 'pinot_bootstrap' retrieved from /opt/airflow/dags/pinot_bootstrap.py
[2026-06-02T07:21:18.104+0000] {logging_mixin.py:190} INFO - [2026-06-02T07:21:18.104+0000] {dag.py:3239} INFO - Sync 1 DAGs
[2026-06-02T07:21:18.120+0000] {logging_mixin.py:190} INFO - [2026-06-02T07:21:18.120+0000] {dag.py:4180} INFO - Setting next_dagrun for pinot_bootstrap to None, run_after=None
[2026-06-02T07:21:18.145+0000] {processor.py:208} INFO - Processing /opt/airflow/dags/pinot_bootstrap.py took 0.830 seconds
[2026-06-02T07:21:48.613+0000] {processor.py:186} INFO - Started process (PID=15999) to work on /opt/airflow/dags/pinot_bootstrap.py
[2026-06-02T07:21:48.614+0000] {processor.py:914} INFO - Processing file /opt/airflow/dags/pinot_bootstrap.py for tasks to queue
[2026-06-02T07:21:48.617+0000] {logging_mixin.py:190} INFO - [2026-06-02T07:21:48.617+0000] {dagbag.py:588} INFO - Filling up the DagBag from /opt/airflow/dags/pinot_bootstrap.py
[2026-06-02T07:21:49.391+0000] {processor.py:925} INFO - DAG(s) 'pinot_bootstrap' retrieved from /opt/airflow/dags/pinot_bootstrap.py
[2026-06-02T07:21:49.419+0000] {logging_mixin.py:190} INFO - [2026-06-02T07:21:49.418+0000] {dag.py:3239} INFO - Sync 1 DAGs
[2026-06-02T07:21:49.433+0000] {logging_mixin.py:190} INFO - [2026-06-02T07:21:49.432+0000] {dag.py:4180} INFO - Setting next_dagrun for pinot_bootstrap to None, run_after=None
[2026-06-02T07:21:49.461+0000] {processor.py:208} INFO - Processing /opt/airflow/dags/pinot_bootstrap.py took 0.859 seconds
[2026-06-02T07:22:19.956+0000] {processor.py:186} INFO - Started process (PID=16134) to work on /opt/airflow/dags/pinot_bootstrap.py
[2026-06-02T07:22:19.957+0000] {processor.py:914} INFO - Processing file /opt/airflow/dags/pinot_bootstrap.py for tasks to queue
[2026-06-02T07:22:19.961+0000] {logging_mixin.py:190} INFO - [2026-06-02T07:22:19.960+0000] {dagbag.py:588} INFO - Filling up the DagBag from /opt/airflow/dags/pinot_bootstrap.py
[2026-06-02T07:22:20.751+0000] {processor.py:925} INFO - DAG(s) 'pinot_bootstrap' retrieved from /opt/airflow/dags/pinot_bootstrap.py
[2026-06-02T07:22:20.782+0000] {logging_mixin.py:190} INFO - [2026-06-02T07:22:20.782+0000] {dag.py:3239} INFO - Sync 1 DAGs
[2026-06-02T07:22:20.797+0000] {logging_mixin.py:190} INFO - [2026-06-02T07:22:20.797+0000] {dag.py:4180} INFO - Setting next_dagrun for pinot_bootstrap to None, run_after=None
[2026-06-02T07:22:20.824+0000] {processor.py:208} INFO - Processing /opt/airflow/dags/pinot_bootstrap.py took 0.877 seconds
[2026-06-02T07:22:51.459+0000] {processor.py:186} INFO - Started process (PID=16269) to work on /opt/airflow/dags/pinot_bootstrap.py
[2026-06-02T07:22:51.461+0000] {processor.py:914} INFO - Processing file /opt/airflow/dags/pinot_bootstrap.py for tasks to queue
[2026-06-02T07:22:51.465+0000] {logging_mixin.py:190} INFO - [2026-06-02T07:22:51.465+0000] {dagbag.py:588} INFO - Filling up the DagBag from /opt/airflow/dags/pinot_bootstrap.py
[2026-06-02T07:22:52.237+0000] {processor.py:925} INFO - DAG(s) 'pinot_bootstrap' retrieved from /opt/airflow/dags/pinot_bootstrap.py
[2026-06-02T07:22:52.267+0000] {logging_mixin.py:190} INFO - [2026-06-02T07:22:52.267+0000] {dag.py:3239} INFO - Sync 1 DAGs
[2026-06-02T07:22:52.282+0000] {logging_mixin.py:190} INFO - [2026-06-02T07:22:52.282+0000] {dag.py:4180} INFO - Setting next_dagrun for pinot_bootstrap to None, run_after=None
[2026-06-02T07:22:52.304+0000] {processor.py:208} INFO - Processing /opt/airflow/dags/pinot_bootstrap.py took 0.859 seconds
[2026-06-02T07:23:22.839+0000] {processor.py:186} INFO - Started process (PID=16404) to work on /opt/airflow/dags/pinot_bootstrap.py
[2026-06-02T07:23:22.840+0000] {processor.py:914} INFO - Processing file /opt/airflow/dags/pinot_bootstrap.py for tasks to queue
[2026-06-02T07:23:22.844+0000] {logging_mixin.py:190} INFO - [2026-06-02T07:23:22.844+0000] {dagbag.py:588} INFO - Filling up the DagBag from /opt/airflow/dags/pinot_bootstrap.py
[2026-06-02T07:23:23.661+0000] {processor.py:925} INFO - DAG(s) 'pinot_bootstrap' retrieved from /opt/airflow/dags/pinot_bootstrap.py
[2026-06-02T07:23:23.688+0000] {logging_mixin.py:190} INFO - [2026-06-02T07:23:23.688+0000] {dag.py:3239} INFO - Sync 1 DAGs
[2026-06-02T07:23:23.704+0000] {logging_mixin.py:190} INFO - [2026-06-02T07:23:23.703+0000] {dag.py:4180} INFO - Setting next_dagrun for pinot_bootstrap to None, run_after=None
[2026-06-02T07:23:23.727+0000] {processor.py:208} INFO - Processing /opt/airflow/dags/pinot_bootstrap.py took 0.897 seconds
[2026-06-02T07:23:54.305+0000] {processor.py:186} INFO - Started process (PID=16538) to work on /opt/airflow/dags/pinot_bootstrap.py
[2026-06-02T07:23:54.312+0000] {processor.py:914} INFO - Processing file /opt/airflow/dags/pinot_bootstrap.py for tasks to queue
[2026-06-02T07:23:54.316+0000] {logging_mixin.py:190} INFO - [2026-06-02T07:23:54.316+0000] {dagbag.py:588} INFO - Filling up the DagBag from /opt/airflow/dags/pinot_bootstrap.py
[2026-06-02T07:23:55.080+0000] {processor.py:925} INFO - DAG(s) 'pinot_bootstrap' retrieved from /opt/airflow/dags/pinot_bootstrap.py
[2026-06-02T07:23:55.111+0000] {logging_mixin.py:190} INFO - [2026-06-02T07:23:55.111+0000] {dag.py:3239} INFO - Sync 1 DAGs
[2026-06-02T07:23:55.132+0000] {logging_mixin.py:190} INFO - [2026-06-02T07:23:55.132+0000] {dag.py:4180} INFO - Setting next_dagrun for pinot_bootstrap to None, run_after=None
[2026-06-02T07:23:55.155+0000] {processor.py:208} INFO - Processing /opt/airflow/dags/pinot_bootstrap.py took 0.860 seconds
[2026-06-02T07:24:25.726+0000] {processor.py:186} INFO - Started process (PID=16665) to work on /opt/airflow/dags/pinot_bootstrap.py
[2026-06-02T07:24:25.727+0000] {processor.py:914} INFO - Processing file /opt/airflow/dags/pinot_bootstrap.py for tasks to queue
[2026-06-02T07:24:25.730+0000] {logging_mixin.py:190} INFO - [2026-06-02T07:24:25.730+0000] {dagbag.py:588} INFO - Filling up the DagBag from /opt/airflow/dags/pinot_bootstrap.py
[2026-06-02T07:24:26.473+0000] {processor.py:925} INFO - DAG(s) 'pinot_bootstrap' retrieved from /opt/airflow/dags/pinot_bootstrap.py
[2026-06-02T07:24:26.505+0000] {logging_mixin.py:190} INFO - [2026-06-02T07:24:26.505+0000] {dag.py:3239} INFO - Sync 1 DAGs
[2026-06-02T07:24:26.523+0000] {logging_mixin.py:190} INFO - [2026-06-02T07:24:26.523+0000] {dag.py:4180} INFO - Setting next_dagrun for pinot_bootstrap to None, run_after=None
[2026-06-02T07:24:26.552+0000] {processor.py:208} INFO - Processing /opt/airflow/dags/pinot_bootstrap.py took 0.835 seconds
[2026-06-02T07:24:57.090+0000] {processor.py:186} INFO - Started process (PID=16800) to work on /opt/airflow/dags/pinot_bootstrap.py
[2026-06-02T07:24:57.091+0000] {processor.py:914} INFO - Processing file /opt/airflow/dags/pinot_bootstrap.py for tasks to queue
[2026-06-02T07:24:57.094+0000] {logging_mixin.py:190} INFO - [2026-06-02T07:24:57.094+0000] {dagbag.py:588} INFO - Filling up the DagBag from /opt/airflow/dags/pinot_bootstrap.py
[2026-06-02T07:24:57.828+0000] {processor.py:925} INFO - DAG(s) 'pinot_bootstrap' retrieved from /opt/airflow/dags/pinot_bootstrap.py
[2026-06-02T07:24:57.859+0000] {logging_mixin.py:190} INFO - [2026-06-02T07:24:57.859+0000] {dag.py:3239} INFO - Sync 1 DAGs
[2026-06-02T07:24:57.874+0000] {logging_mixin.py:190} INFO - [2026-06-02T07:24:57.874+0000] {dag.py:4180} INFO - Setting next_dagrun for pinot_bootstrap to None, run_after=None
[2026-06-02T07:24:57.898+0000] {processor.py:208} INFO - Processing /opt/airflow/dags/pinot_bootstrap.py took 0.817 seconds
[2026-06-02T07:25:28.486+0000] {processor.py:186} INFO - Started process (PID=16935) to work on /opt/airflow/dags/pinot_bootstrap.py
[2026-06-02T07:25:28.487+0000] {processor.py:914} INFO - Processing file /opt/airflow/dags/pinot_bootstrap.py for tasks to queue
[2026-06-02T07:25:28.491+0000] {logging_mixin.py:190} INFO - [2026-06-02T07:25:28.491+0000] {dagbag.py:588} INFO - Filling up the DagBag from /opt/airflow/dags/pinot_bootstrap.py
[2026-06-02T07:25:29.425+0000] {processor.py:925} INFO - DAG(s) 'pinot_bootstrap' retrieved from /opt/airflow/dags/pinot_bootstrap.py
[2026-06-02T07:25:29.460+0000] {logging_mixin.py:190} INFO - [2026-06-02T07:25:29.459+0000] {dag.py:3239} INFO - Sync 1 DAGs
[2026-06-02T07:25:29.477+0000] {logging_mixin.py:190} INFO - [2026-06-02T07:25:29.477+0000] {dag.py:4180} INFO - Setting next_dagrun for pinot_bootstrap to None, run_after=None
[2026-06-02T07:25:29.505+0000] {processor.py:208} INFO - Processing /opt/airflow/dags/pinot_bootstrap.py took 1.028 seconds
[2026-06-02T07:26:00.049+0000] {processor.py:186} INFO - Started process (PID=17070) to work on /opt/airflow/dags/pinot_bootstrap.py
[2026-06-02T07:26:00.051+0000] {processor.py:914} INFO - Processing file /opt/airflow/dags/pinot_bootstrap.py for tasks to queue
[2026-06-02T07:26:00.055+0000] {logging_mixin.py:190} INFO - [2026-06-02T07:26:00.055+0000] {dagbag.py:588} INFO - Filling up the DagBag from /opt/airflow/dags/pinot_bootstrap.py
[2026-06-02T07:26:00.866+0000] {processor.py:925} INFO - DAG(s) 'pinot_bootstrap' retrieved from /opt/airflow/dags/pinot_bootstrap.py
[2026-06-02T07:26:00.894+0000] {logging_mixin.py:190} INFO - [2026-06-02T07:26:00.893+0000] {dag.py:3239} INFO - Sync 1 DAGs
[2026-06-02T07:26:00.909+0000] {logging_mixin.py:190} INFO - [2026-06-02T07:26:00.908+0000] {dag.py:4180} INFO - Setting next_dagrun for pinot_bootstrap to None, run_after=None
[2026-06-02T07:26:00.932+0000] {processor.py:208} INFO - Processing /opt/airflow/dags/pinot_bootstrap.py took 0.893 seconds
[2026-06-02T07:26:31.404+0000] {processor.py:186} INFO - Started process (PID=17205) to work on /opt/airflow/dags/pinot_bootstrap.py
[2026-06-02T07:26:31.406+0000] {processor.py:914} INFO - Processing file /opt/airflow/dags/pinot_bootstrap.py for tasks to queue
[2026-06-02T07:26:31.409+0000] {logging_mixin.py:190} INFO - [2026-06-02T07:26:31.408+0000] {dagbag.py:588} INFO - Filling up the DagBag from /opt/airflow/dags/pinot_bootstrap.py
[2026-06-02T07:26:32.185+0000] {processor.py:925} INFO - DAG(s) 'pinot_bootstrap' retrieved from /opt/airflow/dags/pinot_bootstrap.py
[2026-06-02T07:26:32.216+0000] {logging_mixin.py:190} INFO - [2026-06-02T07:26:32.216+0000] {dag.py:3239} INFO - Sync 1 DAGs
[2026-06-02T07:26:32.233+0000] {logging_mixin.py:190} INFO - [2026-06-02T07:26:32.233+0000] {dag.py:4180} INFO - Setting next_dagrun for pinot_bootstrap to None, run_after=None
[2026-06-02T07:26:32.254+0000] {processor.py:208} INFO - Processing /opt/airflow/dags/pinot_bootstrap.py took 0.859 seconds
[2026-06-02T07:27:02.862+0000] {processor.py:186} INFO - Started process (PID=17340) to work on /opt/airflow/dags/pinot_bootstrap.py
[2026-06-02T07:27:02.864+0000] {processor.py:914} INFO - Processing file /opt/airflow/dags/pinot_bootstrap.py for tasks to queue
[2026-06-02T07:27:02.867+0000] {logging_mixin.py:190} INFO - [2026-06-02T07:27:02.866+0000] {dagbag.py:588} INFO - Filling up the DagBag from /opt/airflow/dags/pinot_bootstrap.py
[2026-06-02T07:27:03.640+0000] {processor.py:925} INFO - DAG(s) 'pinot_bootstrap' retrieved from /opt/airflow/dags/pinot_bootstrap.py
[2026-06-02T07:27:03.675+0000] {logging_mixin.py:190} INFO - [2026-06-02T07:27:03.675+0000] {dag.py:3239} INFO - Sync 1 DAGs
[2026-06-02T07:27:03.691+0000] {logging_mixin.py:190} INFO - [2026-06-02T07:27:03.690+0000] {dag.py:4180} INFO - Setting next_dagrun for pinot_bootstrap to None, run_after=None
[2026-06-02T07:27:03.714+0000] {processor.py:208} INFO - Processing /opt/airflow/dags/pinot_bootstrap.py took 0.860 seconds
[2026-06-02T07:27:34.262+0000] {processor.py:186} INFO - Started process (PID=17475) to work on /opt/airflow/dags/pinot_bootstrap.py
[2026-06-02T07:27:34.264+0000] {processor.py:914} INFO - Processing file /opt/airflow/dags/pinot_bootstrap.py for tasks to queue
[2026-06-02T07:27:34.266+0000] {logging_mixin.py:190} INFO - [2026-06-02T07:27:34.266+0000] {dagbag.py:588} INFO - Filling up the DagBag from /opt/airflow/dags/pinot_bootstrap.py
[2026-06-02T07:27:35.060+0000] {processor.py:925} INFO - DAG(s) 'pinot_bootstrap' retrieved from /opt/airflow/dags/pinot_bootstrap.py
[2026-06-02T07:27:35.091+0000] {logging_mixin.py:190} INFO - [2026-06-02T07:27:35.090+0000] {dag.py:3239} INFO - Sync 1 DAGs
[2026-06-02T07:27:35.106+0000] {logging_mixin.py:190} INFO - [2026-06-02T07:27:35.105+0000] {dag.py:4180} INFO - Setting next_dagrun for pinot_bootstrap to None, run_after=None
[2026-06-02T07:27:35.131+0000] {processor.py:208} INFO - Processing /opt/airflow/dags/pinot_bootstrap.py took 0.877 seconds
[2026-06-02T07:28:05.744+0000] {processor.py:186} INFO - Started process (PID=17610) to work on /opt/airflow/dags/pinot_bootstrap.py
[2026-06-02T07:28:05.745+0000] {processor.py:914} INFO - Processing file /opt/airflow/dags/pinot_bootstrap.py for tasks to queue
[2026-06-02T07:28:05.749+0000] {logging_mixin.py:190} INFO - [2026-06-02T07:28:05.748+0000] {dagbag.py:588} INFO - Filling up the DagBag from /opt/airflow/dags/pinot_bootstrap.py
[2026-06-02T07:28:06.500+0000] {processor.py:925} INFO - DAG(s) 'pinot_bootstrap' retrieved from /opt/airflow/dags/pinot_bootstrap.py
[2026-06-02T07:28:06.529+0000] {logging_mixin.py:190} INFO - [2026-06-02T07:28:06.529+0000] {dag.py:3239} INFO - Sync 1 DAGs
[2026-06-02T07:28:06.543+0000] {logging_mixin.py:190} INFO - [2026-06-02T07:28:06.543+0000] {dag.py:4180} INFO - Setting next_dagrun for pinot_bootstrap to None, run_after=None
[2026-06-02T07:28:06.566+0000] {processor.py:208} INFO - Processing /opt/airflow/dags/pinot_bootstrap.py took 0.831 seconds
[2026-06-02T07:28:37.122+0000] {processor.py:186} INFO - Started process (PID=17745) to work on /opt/airflow/dags/pinot_bootstrap.py
[2026-06-02T07:28:37.123+0000] {processor.py:914} INFO - Processing file /opt/airflow/dags/pinot_bootstrap.py for tasks to queue
[2026-06-02T07:28:37.126+0000] {logging_mixin.py:190} INFO - [2026-06-02T07:28:37.126+0000] {dagbag.py:588} INFO - Filling up the DagBag from /opt/airflow/dags/pinot_bootstrap.py
[2026-06-02T07:28:37.890+0000] {processor.py:925} INFO - DAG(s) 'pinot_bootstrap' retrieved from /opt/airflow/dags/pinot_bootstrap.py
[2026-06-02T07:28:37.921+0000] {logging_mixin.py:190} INFO - [2026-06-02T07:28:37.921+0000] {dag.py:3239} INFO - Sync 1 DAGs
[2026-06-02T07:28:37.936+0000] {logging_mixin.py:190} INFO - [2026-06-02T07:28:37.936+0000] {dag.py:4180} INFO - Setting next_dagrun for pinot_bootstrap to None, run_after=None
[2026-06-02T07:28:37.958+0000] {processor.py:208} INFO - Processing /opt/airflow/dags/pinot_bootstrap.py took 0.845 seconds
[2026-06-02T07:29:08.599+0000] {processor.py:186} INFO - Started process (PID=17880) to work on /opt/airflow/dags/pinot_bootstrap.py
[2026-06-02T07:29:08.600+0000] {processor.py:914} INFO - Processing file /opt/airflow/dags/pinot_bootstrap.py for tasks to queue
[2026-06-02T07:29:08.604+0000] {logging_mixin.py:190} INFO - [2026-06-02T07:29:08.604+0000] {dagbag.py:588} INFO - Filling up the DagBag from /opt/airflow/dags/pinot_bootstrap.py
[2026-06-02T07:29:09.418+0000] {processor.py:925} INFO - DAG(s) 'pinot_bootstrap' retrieved from /opt/airflow/dags/pinot_bootstrap.py
[2026-06-02T07:29:09.446+0000] {logging_mixin.py:190} INFO - [2026-06-02T07:29:09.446+0000] {dag.py:3239} INFO - Sync 1 DAGs
[2026-06-02T07:29:09.461+0000] {logging_mixin.py:190} INFO - [2026-06-02T07:29:09.461+0000] {dag.py:4180} INFO - Setting next_dagrun for pinot_bootstrap to None, run_after=None
[2026-06-02T07:29:09.486+0000] {processor.py:208} INFO - Processing /opt/airflow/dags/pinot_bootstrap.py took 0.895 seconds
[2026-06-02T07:29:40.024+0000] {processor.py:186} INFO - Started process (PID=18015) to work on /opt/airflow/dags/pinot_bootstrap.py
[2026-06-02T07:29:40.025+0000] {processor.py:914} INFO - Processing file /opt/airflow/dags/pinot_bootstrap.py for tasks to queue
[2026-06-02T07:29:40.028+0000] {logging_mixin.py:190} INFO - [2026-06-02T07:29:40.028+0000] {dagbag.py:588} INFO - Filling up the DagBag from /opt/airflow/dags/pinot_bootstrap.py
[2026-06-02T07:29:40.801+0000] {processor.py:925} INFO - DAG(s) 'pinot_bootstrap' retrieved from /opt/airflow/dags/pinot_bootstrap.py
[2026-06-02T07:29:40.832+0000] {logging_mixin.py:190} INFO - [2026-06-02T07:29:40.831+0000] {dag.py:3239} INFO - Sync 1 DAGs
[2026-06-02T07:29:40.850+0000] {logging_mixin.py:190} INFO - [2026-06-02T07:29:40.849+0000] {dag.py:4180} INFO - Setting next_dagrun for pinot_bootstrap to None, run_after=None
[2026-06-02T07:29:40.885+0000] {processor.py:208} INFO - Processing /opt/airflow/dags/pinot_bootstrap.py took 0.870 seconds
[2026-06-02T07:30:11.488+0000] {processor.py:186} INFO - Started process (PID=18150) to work on /opt/airflow/dags/pinot_bootstrap.py
[2026-06-02T07:30:11.489+0000] {processor.py:914} INFO - Processing file /opt/airflow/dags/pinot_bootstrap.py for tasks to queue
[2026-06-02T07:30:11.493+0000] {logging_mixin.py:190} INFO - [2026-06-02T07:30:11.492+0000] {dagbag.py:588} INFO - Filling up the DagBag from /opt/airflow/dags/pinot_bootstrap.py
[2026-06-02T07:30:12.267+0000] {processor.py:925} INFO - DAG(s) 'pinot_bootstrap' retrieved from /opt/airflow/dags/pinot_bootstrap.py
[2026-06-02T07:30:12.300+0000] {logging_mixin.py:190} INFO - [2026-06-02T07:30:12.300+0000] {dag.py:3239} INFO - Sync 1 DAGs
[2026-06-02T07:30:12.315+0000] {logging_mixin.py:190} INFO - [2026-06-02T07:30:12.315+0000] {dag.py:4180} INFO - Setting next_dagrun for pinot_bootstrap to None, run_after=None
[2026-06-02T07:30:12.342+0000] {processor.py:208} INFO - Processing /opt/airflow/dags/pinot_bootstrap.py took 0.862 seconds
[2026-06-02T07:30:42.972+0000] {processor.py:186} INFO - Started process (PID=18285) to work on /opt/airflow/dags/pinot_bootstrap.py
[2026-06-02T07:30:42.974+0000] {processor.py:914} INFO - Processing file /opt/airflow/dags/pinot_bootstrap.py for tasks to queue
[2026-06-02T07:30:42.977+0000] {logging_mixin.py:190} INFO - [2026-06-02T07:30:42.977+0000] {dagbag.py:588} INFO - Filling up the DagBag from /opt/airflow/dags/pinot_bootstrap.py
[2026-06-02T07:30:43.912+0000] {processor.py:925} INFO - DAG(s) 'pinot_bootstrap' retrieved from /opt/airflow/dags/pinot_bootstrap.py
[2026-06-02T07:30:43.948+0000] {logging_mixin.py:190} INFO - [2026-06-02T07:30:43.947+0000] {dag.py:3239} INFO - Sync 1 DAGs
[2026-06-02T07:30:43.971+0000] {logging_mixin.py:190} INFO - [2026-06-02T07:30:43.971+0000] {dag.py:4180} INFO - Setting next_dagrun for pinot_bootstrap to None, run_after=None
[2026-06-02T07:30:44.007+0000] {processor.py:208} INFO - Processing /opt/airflow/dags/pinot_bootstrap.py took 1.046 seconds
[2026-06-02T07:31:14.432+0000] {processor.py:186} INFO - Started process (PID=18419) to work on /opt/airflow/dags/pinot_bootstrap.py
[2026-06-02T07:31:14.433+0000] {processor.py:914} INFO - Processing file /opt/airflow/dags/pinot_bootstrap.py for tasks to queue
[2026-06-02T07:31:14.437+0000] {logging_mixin.py:190} INFO - [2026-06-02T07:31:14.437+0000] {dagbag.py:588} INFO - Filling up the DagBag from /opt/airflow/dags/pinot_bootstrap.py
[2026-06-02T07:31:15.208+0000] {processor.py:925} INFO - DAG(s) 'pinot_bootstrap' retrieved from /opt/airflow/dags/pinot_bootstrap.py
[2026-06-02T07:31:15.240+0000] {logging_mixin.py:190} INFO - [2026-06-02T07:31:15.240+0000] {dag.py:3239} INFO - Sync 1 DAGs
[2026-06-02T07:31:15.257+0000] {logging_mixin.py:190} INFO - [2026-06-02T07:31:15.257+0000] {dag.py:4180} INFO - Setting next_dagrun for pinot_bootstrap to None, run_after=None
[2026-06-02T07:31:15.281+0000] {processor.py:208} INFO - Processing /opt/airflow/dags/pinot_bootstrap.py took 0.857 seconds
[2026-06-02T07:31:45.858+0000] {processor.py:186} INFO - Started process (PID=18546) to work on /opt/airflow/dags/pinot_bootstrap.py
[2026-06-02T07:31:45.859+0000] {processor.py:914} INFO - Processing file /opt/airflow/dags/pinot_bootstrap.py for tasks to queue
[2026-06-02T07:31:45.863+0000] {logging_mixin.py:190} INFO - [2026-06-02T07:31:45.863+0000] {dagbag.py:588} INFO - Filling up the DagBag from /opt/airflow/dags/pinot_bootstrap.py
[2026-06-02T07:31:46.597+0000] {processor.py:925} INFO - DAG(s) 'pinot_bootstrap' retrieved from /opt/airflow/dags/pinot_bootstrap.py
[2026-06-02T07:31:46.625+0000] {logging_mixin.py:190} INFO - [2026-06-02T07:31:46.625+0000] {dag.py:3239} INFO - Sync 1 DAGs
[2026-06-02T07:31:46.639+0000] {logging_mixin.py:190} INFO - [2026-06-02T07:31:46.639+0000] {dag.py:4180} INFO - Setting next_dagrun for pinot_bootstrap to None, run_after=None
[2026-06-02T07:31:46.666+0000] {processor.py:208} INFO - Processing /opt/airflow/dags/pinot_bootstrap.py took 0.817 seconds
[2026-06-02T07:32:17.176+0000] {processor.py:186} INFO - Started process (PID=18681) to work on /opt/airflow/dags/pinot_bootstrap.py
[2026-06-02T07:32:17.177+0000] {processor.py:914} INFO - Processing file /opt/airflow/dags/pinot_bootstrap.py for tasks to queue
[2026-06-02T07:32:17.181+0000] {logging_mixin.py:190} INFO - [2026-06-02T07:32:17.181+0000] {dagbag.py:588} INFO - Filling up the DagBag from /opt/airflow/dags/pinot_bootstrap.py
[2026-06-02T07:32:17.981+0000] {processor.py:925} INFO - DAG(s) 'pinot_bootstrap' retrieved from /opt/airflow/dags/pinot_bootstrap.py
[2026-06-02T07:32:18.014+0000] {logging_mixin.py:190} INFO - [2026-06-02T07:32:18.014+0000] {dag.py:3239} INFO - Sync 1 DAGs
[2026-06-02T07:32:18.034+0000] {logging_mixin.py:190} INFO - [2026-06-02T07:32:18.034+0000] {dag.py:4180} INFO - Setting next_dagrun for pinot_bootstrap to None, run_after=None
[2026-06-02T07:32:18.062+0000] {processor.py:208} INFO - Processing /opt/airflow/dags/pinot_bootstrap.py took 0.897 seconds
[2026-06-02T07:32:48.691+0000] {processor.py:186} INFO - Started process (PID=18816) to work on /opt/airflow/dags/pinot_bootstrap.py
[2026-06-02T07:32:48.692+0000] {processor.py:914} INFO - Processing file /opt/airflow/dags/pinot_bootstrap.py for tasks to queue
[2026-06-02T07:32:48.695+0000] {logging_mixin.py:190} INFO - [2026-06-02T07:32:48.695+0000] {dagbag.py:588} INFO - Filling up the DagBag from /opt/airflow/dags/pinot_bootstrap.py
[2026-06-02T07:32:49.434+0000] {processor.py:925} INFO - DAG(s) 'pinot_bootstrap' retrieved from /opt/airflow/dags/pinot_bootstrap.py
[2026-06-02T07:32:49.463+0000] {logging_mixin.py:190} INFO - [2026-06-02T07:32:49.463+0000] {dag.py:3239} INFO - Sync 1 DAGs
[2026-06-02T07:32:49.477+0000] {logging_mixin.py:190} INFO - [2026-06-02T07:32:49.477+0000] {dag.py:4180} INFO - Setting next_dagrun for pinot_bootstrap to None, run_after=None
[2026-06-02T07:32:49.503+0000] {processor.py:208} INFO - Processing /opt/airflow/dags/pinot_bootstrap.py took 0.820 seconds
[2026-06-02T07:33:20.031+0000] {processor.py:186} INFO - Started process (PID=18951) to work on /opt/airflow/dags/pinot_bootstrap.py
[2026-06-02T07:33:20.033+0000] {processor.py:914} INFO - Processing file /opt/airflow/dags/pinot_bootstrap.py for tasks to queue
[2026-06-02T07:33:20.036+0000] {logging_mixin.py:190} INFO - [2026-06-02T07:33:20.035+0000] {dagbag.py:588} INFO - Filling up the DagBag from /opt/airflow/dags/pinot_bootstrap.py
[2026-06-02T07:33:20.757+0000] {processor.py:925} INFO - DAG(s) 'pinot_bootstrap' retrieved from /opt/airflow/dags/pinot_bootstrap.py
[2026-06-02T07:33:20.789+0000] {logging_mixin.py:190} INFO - [2026-06-02T07:33:20.788+0000] {dag.py:3239} INFO - Sync 1 DAGs
[2026-06-02T07:33:20.804+0000] {logging_mixin.py:190} INFO - [2026-06-02T07:33:20.804+0000] {dag.py:4180} INFO - Setting next_dagrun for pinot_bootstrap to None, run_after=None
[2026-06-02T07:33:20.826+0000] {processor.py:208} INFO - Processing /opt/airflow/dags/pinot_bootstrap.py took 0.805 seconds
[2026-06-02T07:33:51.487+0000] {processor.py:186} INFO - Started process (PID=19086) to work on /opt/airflow/dags/pinot_bootstrap.py
[2026-06-02T07:33:51.494+0000] {processor.py:914} INFO - Processing file /opt/airflow/dags/pinot_bootstrap.py for tasks to queue
[2026-06-02T07:33:51.499+0000] {logging_mixin.py:190} INFO - [2026-06-02T07:33:51.498+0000] {dagbag.py:588} INFO - Filling up the DagBag from /opt/airflow/dags/pinot_bootstrap.py
[2026-06-02T07:33:52.274+0000] {processor.py:925} INFO - DAG(s) 'pinot_bootstrap' retrieved from /opt/airflow/dags/pinot_bootstrap.py
[2026-06-02T07:33:52.306+0000] {logging_mixin.py:190} INFO - [2026-06-02T07:33:52.306+0000] {dag.py:3239} INFO - Sync 1 DAGs
[2026-06-02T07:33:52.322+0000] {logging_mixin.py:190} INFO - [2026-06-02T07:33:52.321+0000] {dag.py:4180} INFO - Setting next_dagrun for pinot_bootstrap to None, run_after=None
[2026-06-02T07:33:52.343+0000] {processor.py:208} INFO - Processing /opt/airflow/dags/pinot_bootstrap.py took 0.869 seconds
[2026-06-02T07:34:22.428+0000] {processor.py:186} INFO - Started process (PID=19218) to work on /opt/airflow/dags/pinot_bootstrap.py
[2026-06-02T07:34:22.429+0000] {processor.py:914} INFO - Processing file /opt/airflow/dags/pinot_bootstrap.py for tasks to queue
[2026-06-02T07:34:22.433+0000] {logging_mixin.py:190} INFO - [2026-06-02T07:34:22.433+0000] {dagbag.py:588} INFO - Filling up the DagBag from /opt/airflow/dags/pinot_bootstrap.py
[2026-06-02T07:34:23.571+0000] {processor.py:925} INFO - DAG(s) 'pinot_bootstrap' retrieved from /opt/airflow/dags/pinot_bootstrap.py
[2026-06-02T07:34:23.610+0000] {logging_mixin.py:190} INFO - [2026-06-02T07:34:23.609+0000] {dag.py:3239} INFO - Sync 1 DAGs
[2026-06-02T07:34:23.632+0000] {logging_mixin.py:190} INFO - [2026-06-02T07:34:23.632+0000] {dag.py:4180} INFO - Setting next_dagrun for pinot_bootstrap to None, run_after=None
[2026-06-02T07:34:23.677+0000] {processor.py:208} INFO - Processing /opt/airflow/dags/pinot_bootstrap.py took 1.260 seconds
[2026-06-02T07:34:53.944+0000] {processor.py:186} INFO - Started process (PID=19353) to work on /opt/airflow/dags/pinot_bootstrap.py
[2026-06-02T07:34:53.945+0000] {processor.py:914} INFO - Processing file /opt/airflow/dags/pinot_bootstrap.py for tasks to queue
[2026-06-02T07:34:53.951+0000] {logging_mixin.py:190} INFO - [2026-06-02T07:34:53.951+0000] {dagbag.py:588} INFO - Filling up the DagBag from /opt/airflow/dags/pinot_bootstrap.py
[2026-06-02T07:34:54.998+0000] {processor.py:925} INFO - DAG(s) 'pinot_bootstrap' retrieved from /opt/airflow/dags/pinot_bootstrap.py
[2026-06-02T07:34:55.028+0000] {logging_mixin.py:190} INFO - [2026-06-02T07:34:55.028+0000] {dag.py:3239} INFO - Sync 1 DAGs
[2026-06-02T07:34:55.045+0000] {logging_mixin.py:190} INFO - [2026-06-02T07:34:55.045+0000] {dag.py:4180} INFO - Setting next_dagrun for pinot_bootstrap to None, run_after=None
[2026-06-02T07:34:55.072+0000] {processor.py:208} INFO - Processing /opt/airflow/dags/pinot_bootstrap.py took 1.139 seconds
[2026-06-02T07:35:25.460+0000] {processor.py:186} INFO - Started process (PID=19488) to work on /opt/airflow/dags/pinot_bootstrap.py
[2026-06-02T07:35:25.461+0000] {processor.py:914} INFO - Processing file /opt/airflow/dags/pinot_bootstrap.py for tasks to queue
[2026-06-02T07:35:25.465+0000] {logging_mixin.py:190} INFO - [2026-06-02T07:35:25.465+0000] {dagbag.py:588} INFO - Filling up the DagBag from /opt/airflow/dags/pinot_bootstrap.py
[2026-06-02T07:35:26.471+0000] {processor.py:925} INFO - DAG(s) 'pinot_bootstrap' retrieved from /opt/airflow/dags/pinot_bootstrap.py
[2026-06-02T07:35:26.501+0000] {logging_mixin.py:190} INFO - [2026-06-02T07:35:26.501+0000] {dag.py:3239} INFO - Sync 1 DAGs
[2026-06-02T07:35:26.516+0000] {logging_mixin.py:190} INFO - [2026-06-02T07:35:26.516+0000] {dag.py:4180} INFO - Setting next_dagrun for pinot_bootstrap to None, run_after=None
[2026-06-02T07:35:26.541+0000] {processor.py:208} INFO - Processing /opt/airflow/dags/pinot_bootstrap.py took 1.091 seconds
[2026-06-02T09:41:24.220+0000] {processor.py:186} INFO - Started process (PID=2540) to work on /opt/airflow/dags/pinot_bootstrap.py
[2026-06-02T09:41:24.222+0000] {processor.py:914} INFO - Processing file /opt/airflow/dags/pinot_bootstrap.py for tasks to queue
[2026-06-02T09:41:24.225+0000] {logging_mixin.py:190} INFO - [2026-06-02T09:41:24.224+0000] {dagbag.py:588} INFO - Filling up the DagBag from /opt/airflow/dags/pinot_bootstrap.py
[2026-06-02T09:41:25.175+0000] {processor.py:925} INFO - DAG(s) 'pinot_bootstrap' retrieved from /opt/airflow/dags/pinot_bootstrap.py
[2026-06-02T09:41:25.214+0000] {logging_mixin.py:190} INFO - [2026-06-02T09:41:25.214+0000] {dag.py:3239} INFO - Sync 1 DAGs
[2026-06-02T09:41:25.234+0000] {logging_mixin.py:190} INFO - [2026-06-02T09:41:25.234+0000] {dag.py:4180} INFO - Setting next_dagrun for pinot_bootstrap to None, run_after=None
[2026-06-02T09:41:25.278+0000] {processor.py:208} INFO - Processing /opt/airflow/dags/pinot_bootstrap.py took 1.072 seconds
[2026-06-02T09:41:56.139+0000] {processor.py:186} INFO - Started process (PID=2674) to work on /opt/airflow/dags/pinot_bootstrap.py
[2026-06-02T09:41:56.141+0000] {processor.py:914} INFO - Processing file /opt/airflow/dags/pinot_bootstrap.py for tasks to queue
[2026-06-02T09:41:56.143+0000] {logging_mixin.py:190} INFO - [2026-06-02T09:41:56.143+0000] {dagbag.py:588} INFO - Filling up the DagBag from /opt/airflow/dags/pinot_bootstrap.py
[2026-06-02T09:41:57.001+0000] {processor.py:925} INFO - DAG(s) 'pinot_bootstrap' retrieved from /opt/airflow/dags/pinot_bootstrap.py
[2026-06-02T09:41:57.034+0000] {logging_mixin.py:190} INFO - [2026-06-02T09:41:57.033+0000] {dag.py:3239} INFO - Sync 1 DAGs
[2026-06-02T09:41:57.049+0000] {logging_mixin.py:190} INFO - [2026-06-02T09:41:57.049+0000] {dag.py:4180} INFO - Setting next_dagrun for pinot_bootstrap to None, run_after=None
[2026-06-02T09:41:57.075+0000] {processor.py:208} INFO - Processing /opt/airflow/dags/pinot_bootstrap.py took 0.946 seconds
[2026-06-02T09:42:27.644+0000] {processor.py:186} INFO - Started process (PID=2801) to work on /opt/airflow/dags/pinot_bootstrap.py
[2026-06-02T09:42:27.645+0000] {processor.py:914} INFO - Processing file /opt/airflow/dags/pinot_bootstrap.py for tasks to queue
[2026-06-02T09:42:27.648+0000] {logging_mixin.py:190} INFO - [2026-06-02T09:42:27.648+0000] {dagbag.py:588} INFO - Filling up the DagBag from /opt/airflow/dags/pinot_bootstrap.py
[2026-06-02T09:42:28.470+0000] {processor.py:925} INFO - DAG(s) 'pinot_bootstrap' retrieved from /opt/airflow/dags/pinot_bootstrap.py
[2026-06-02T09:42:28.500+0000] {logging_mixin.py:190} INFO - [2026-06-02T09:42:28.499+0000] {dag.py:3239} INFO - Sync 1 DAGs
[2026-06-02T09:42:28.516+0000] {logging_mixin.py:190} INFO - [2026-06-02T09:42:28.516+0000] {dag.py:4180} INFO - Setting next_dagrun for pinot_bootstrap to None, run_after=None
[2026-06-02T09:42:28.540+0000] {processor.py:208} INFO - Processing /opt/airflow/dags/pinot_bootstrap.py took 0.908 seconds
[2026-06-02T09:42:59.283+0000] {processor.py:186} INFO - Started process (PID=2936) to work on /opt/airflow/dags/pinot_bootstrap.py
[2026-06-02T09:42:59.284+0000] {processor.py:914} INFO - Processing file /opt/airflow/dags/pinot_bootstrap.py for tasks to queue
[2026-06-02T09:42:59.286+0000] {logging_mixin.py:190} INFO - [2026-06-02T09:42:59.285+0000] {dagbag.py:588} INFO - Filling up the DagBag from /opt/airflow/dags/pinot_bootstrap.py
[2026-06-02T09:43:00.112+0000] {processor.py:925} INFO - DAG(s) 'pinot_bootstrap' retrieved from /opt/airflow/dags/pinot_bootstrap.py
[2026-06-02T09:43:00.142+0000] {logging_mixin.py:190} INFO - [2026-06-02T09:43:00.142+0000] {dag.py:3239} INFO - Sync 1 DAGs
[2026-06-02T09:43:00.159+0000] {logging_mixin.py:190} INFO - [2026-06-02T09:43:00.159+0000] {dag.py:4180} INFO - Setting next_dagrun for pinot_bootstrap to None, run_after=None
[2026-06-02T09:43:00.186+0000] {processor.py:208} INFO - Processing /opt/airflow/dags/pinot_bootstrap.py took 0.912 seconds
[2026-06-02T09:43:30.865+0000] {processor.py:186} INFO - Started process (PID=3071) to work on /opt/airflow/dags/pinot_bootstrap.py
[2026-06-02T09:43:30.866+0000] {processor.py:914} INFO - Processing file /opt/airflow/dags/pinot_bootstrap.py for tasks to queue
[2026-06-02T09:43:30.868+0000] {logging_mixin.py:190} INFO - [2026-06-02T09:43:30.867+0000] {dagbag.py:588} INFO - Filling up the DagBag from /opt/airflow/dags/pinot_bootstrap.py
[2026-06-02T09:43:31.688+0000] {processor.py:925} INFO - DAG(s) 'pinot_bootstrap' retrieved from /opt/airflow/dags/pinot_bootstrap.py
[2026-06-02T09:43:31.719+0000] {logging_mixin.py:190} INFO - [2026-06-02T09:43:31.719+0000] {dag.py:3239} INFO - Sync 1 DAGs
[2026-06-02T09:43:31.740+0000] {logging_mixin.py:190} INFO - [2026-06-02T09:43:31.739+0000] {dag.py:4180} INFO - Setting next_dagrun for pinot_bootstrap to None, run_after=None
[2026-06-02T09:43:31.768+0000] {processor.py:208} INFO - Processing /opt/airflow/dags/pinot_bootstrap.py took 0.913 seconds
[2026-06-02T09:44:02.354+0000] {processor.py:186} INFO - Started process (PID=3206) to work on /opt/airflow/dags/pinot_bootstrap.py
[2026-06-02T09:44:02.356+0000] {processor.py:914} INFO - Processing file /opt/airflow/dags/pinot_bootstrap.py for tasks to queue
[2026-06-02T09:44:02.358+0000] {logging_mixin.py:190} INFO - [2026-06-02T09:44:02.357+0000] {dagbag.py:588} INFO - Filling up the DagBag from /opt/airflow/dags/pinot_bootstrap.py
[2026-06-02T09:44:03.308+0000] {processor.py:925} INFO - DAG(s) 'pinot_bootstrap' retrieved from /opt/airflow/dags/pinot_bootstrap.py
[2026-06-02T09:44:03.340+0000] {logging_mixin.py:190} INFO - [2026-06-02T09:44:03.339+0000] {dag.py:3239} INFO - Sync 1 DAGs
[2026-06-02T09:44:03.355+0000] {logging_mixin.py:190} INFO - [2026-06-02T09:44:03.355+0000] {dag.py:4180} INFO - Setting next_dagrun for pinot_bootstrap to None, run_after=None
[2026-06-02T09:44:03.382+0000] {processor.py:208} INFO - Processing /opt/airflow/dags/pinot_bootstrap.py took 1.037 seconds
[2026-06-02T09:44:33.917+0000] {processor.py:186} INFO - Started process (PID=3341) to work on /opt/airflow/dags/pinot_bootstrap.py
[2026-06-02T09:44:33.918+0000] {processor.py:914} INFO - Processing file /opt/airflow/dags/pinot_bootstrap.py for tasks to queue
[2026-06-02T09:44:33.920+0000] {logging_mixin.py:190} INFO - [2026-06-02T09:44:33.920+0000] {dagbag.py:588} INFO - Filling up the DagBag from /opt/airflow/dags/pinot_bootstrap.py
[2026-06-02T09:44:34.729+0000] {processor.py:925} INFO - DAG(s) 'pinot_bootstrap' retrieved from /opt/airflow/dags/pinot_bootstrap.py
[2026-06-02T09:44:34.760+0000] {logging_mixin.py:190} INFO - [2026-06-02T09:44:34.759+0000] {dag.py:3239} INFO - Sync 1 DAGs
[2026-06-02T09:44:34.773+0000] {logging_mixin.py:190} INFO - [2026-06-02T09:44:34.773+0000] {dag.py:4180} INFO - Setting next_dagrun for pinot_bootstrap to None, run_after=None
[2026-06-02T09:44:34.795+0000] {processor.py:208} INFO - Processing /opt/airflow/dags/pinot_bootstrap.py took 0.888 seconds
[2026-06-02T09:45:05.552+0000] {processor.py:186} INFO - Started process (PID=3476) to work on /opt/airflow/dags/pinot_bootstrap.py
[2026-06-02T09:45:05.553+0000] {processor.py:914} INFO - Processing file /opt/airflow/dags/pinot_bootstrap.py for tasks to queue
[2026-06-02T09:45:05.555+0000] {logging_mixin.py:190} INFO - [2026-06-02T09:45:05.555+0000] {dagbag.py:588} INFO - Filling up the DagBag from /opt/airflow/dags/pinot_bootstrap.py
[2026-06-02T09:45:06.396+0000] {processor.py:925} INFO - DAG(s) 'pinot_bootstrap' retrieved from /opt/airflow/dags/pinot_bootstrap.py
[2026-06-02T09:45:06.429+0000] {logging_mixin.py:190} INFO - [2026-06-02T09:45:06.429+0000] {dag.py:3239} INFO - Sync 1 DAGs
[2026-06-02T09:45:06.446+0000] {logging_mixin.py:190} INFO - [2026-06-02T09:45:06.446+0000] {dag.py:4180} INFO - Setting next_dagrun for pinot_bootstrap to None, run_after=None
[2026-06-02T09:45:06.472+0000] {processor.py:208} INFO - Processing /opt/airflow/dags/pinot_bootstrap.py took 0.930 seconds
[2026-06-02T09:45:37.310+0000] {processor.py:186} INFO - Started process (PID=3611) to work on /opt/airflow/dags/pinot_bootstrap.py
[2026-06-02T09:45:37.311+0000] {processor.py:914} INFO - Processing file /opt/airflow/dags/pinot_bootstrap.py for tasks to queue
[2026-06-02T09:45:37.313+0000] {logging_mixin.py:190} INFO - [2026-06-02T09:45:37.313+0000] {dagbag.py:588} INFO - Filling up the DagBag from /opt/airflow/dags/pinot_bootstrap.py
[2026-06-02T09:45:38.121+0000] {processor.py:925} INFO - DAG(s) 'pinot_bootstrap' retrieved from /opt/airflow/dags/pinot_bootstrap.py
[2026-06-02T09:45:38.150+0000] {logging_mixin.py:190} INFO - [2026-06-02T09:45:38.150+0000] {dag.py:3239} INFO - Sync 1 DAGs
[2026-06-02T09:45:38.167+0000] {logging_mixin.py:190} INFO - [2026-06-02T09:45:38.167+0000] {dag.py:4180} INFO - Setting next_dagrun for pinot_bootstrap to None, run_after=None
[2026-06-02T09:45:38.190+0000] {processor.py:208} INFO - Processing /opt/airflow/dags/pinot_bootstrap.py took 0.889 seconds
[2026-06-02T09:46:08.827+0000] {processor.py:186} INFO - Started process (PID=3746) to work on /opt/airflow/dags/pinot_bootstrap.py
[2026-06-02T09:46:08.829+0000] {processor.py:914} INFO - Processing file /opt/airflow/dags/pinot_bootstrap.py for tasks to queue
[2026-06-02T09:46:08.830+0000] {logging_mixin.py:190} INFO - [2026-06-02T09:46:08.830+0000] {dagbag.py:588} INFO - Filling up the DagBag from /opt/airflow/dags/pinot_bootstrap.py
[2026-06-02T09:46:09.667+0000] {processor.py:925} INFO - DAG(s) 'pinot_bootstrap' retrieved from /opt/airflow/dags/pinot_bootstrap.py
[2026-06-02T09:46:09.704+0000] {logging_mixin.py:190} INFO - [2026-06-02T09:46:09.703+0000] {dag.py:3239} INFO - Sync 1 DAGs
[2026-06-02T09:46:09.722+0000] {logging_mixin.py:190} INFO - [2026-06-02T09:46:09.721+0000] {dag.py:4180} INFO - Setting next_dagrun for pinot_bootstrap to None, run_after=None
[2026-06-02T09:46:09.751+0000] {processor.py:208} INFO - Processing /opt/airflow/dags/pinot_bootstrap.py took 0.933 seconds
[2026-06-02T09:46:40.260+0000] {processor.py:186} INFO - Started process (PID=3881) to work on /opt/airflow/dags/pinot_bootstrap.py
[2026-06-02T09:46:40.262+0000] {processor.py:914} INFO - Processing file /opt/airflow/dags/pinot_bootstrap.py for tasks to queue
[2026-06-02T09:46:40.263+0000] {logging_mixin.py:190} INFO - [2026-06-02T09:46:40.263+0000] {dagbag.py:588} INFO - Filling up the DagBag from /opt/airflow/dags/pinot_bootstrap.py
[2026-06-02T09:46:41.138+0000] {processor.py:925} INFO - DAG(s) 'pinot_bootstrap' retrieved from /opt/airflow/dags/pinot_bootstrap.py
[2026-06-02T09:46:41.171+0000] {logging_mixin.py:190} INFO - [2026-06-02T09:46:41.170+0000] {dag.py:3239} INFO - Sync 1 DAGs
[2026-06-02T09:46:41.186+0000] {logging_mixin.py:190} INFO - [2026-06-02T09:46:41.186+0000] {dag.py:4180} INFO - Setting next_dagrun for pinot_bootstrap to None, run_after=None
[2026-06-02T09:46:41.209+0000] {processor.py:208} INFO - Processing /opt/airflow/dags/pinot_bootstrap.py took 0.959 seconds
[2026-06-02T09:47:11.896+0000] {processor.py:186} INFO - Started process (PID=4016) to work on /opt/airflow/dags/pinot_bootstrap.py
[2026-06-02T09:47:11.897+0000] {processor.py:914} INFO - Processing file /opt/airflow/dags/pinot_bootstrap.py for tasks to queue
[2026-06-02T09:47:11.900+0000] {logging_mixin.py:190} INFO - [2026-06-02T09:47:11.900+0000] {dagbag.py:588} INFO - Filling up the DagBag from /opt/airflow/dags/pinot_bootstrap.py
[2026-06-02T09:47:12.720+0000] {processor.py:925} INFO - DAG(s) 'pinot_bootstrap' retrieved from /opt/airflow/dags/pinot_bootstrap.py
[2026-06-02T09:47:12.751+0000] {logging_mixin.py:190} INFO - [2026-06-02T09:47:12.750+0000] {dag.py:3239} INFO - Sync 1 DAGs
[2026-06-02T09:47:12.765+0000] {logging_mixin.py:190} INFO - [2026-06-02T09:47:12.765+0000] {dag.py:4180} INFO - Setting next_dagrun for pinot_bootstrap to None, run_after=None
[2026-06-02T09:47:12.788+0000] {processor.py:208} INFO - Processing /opt/airflow/dags/pinot_bootstrap.py took 0.903 seconds
[2026-06-02T09:47:43.355+0000] {processor.py:186} INFO - Started process (PID=4151) to work on /opt/airflow/dags/pinot_bootstrap.py
[2026-06-02T09:47:43.357+0000] {processor.py:914} INFO - Processing file /opt/airflow/dags/pinot_bootstrap.py for tasks to queue
[2026-06-02T09:47:43.360+0000] {logging_mixin.py:190} INFO - [2026-06-02T09:47:43.359+0000] {dagbag.py:588} INFO - Filling up the DagBag from /opt/airflow/dags/pinot_bootstrap.py
[2026-06-02T09:47:44.188+0000] {processor.py:925} INFO - DAG(s) 'pinot_bootstrap' retrieved from /opt/airflow/dags/pinot_bootstrap.py
[2026-06-02T09:47:44.218+0000] {logging_mixin.py:190} INFO - [2026-06-02T09:47:44.218+0000] {dag.py:3239} INFO - Sync 1 DAGs
[2026-06-02T09:47:44.234+0000] {logging_mixin.py:190} INFO - [2026-06-02T09:47:44.233+0000] {dag.py:4180} INFO - Setting next_dagrun for pinot_bootstrap to None, run_after=None
[2026-06-02T09:47:44.287+0000] {processor.py:208} INFO - Processing /opt/airflow/dags/pinot_bootstrap.py took 0.942 seconds
[2026-06-02T09:48:14.892+0000] {processor.py:186} INFO - Started process (PID=4286) to work on /opt/airflow/dags/pinot_bootstrap.py
[2026-06-02T09:48:14.895+0000] {processor.py:914} INFO - Processing file /opt/airflow/dags/pinot_bootstrap.py for tasks to queue
[2026-06-02T09:48:14.899+0000] {logging_mixin.py:190} INFO - [2026-06-02T09:48:14.897+0000] {dagbag.py:588} INFO - Filling up the DagBag from /opt/airflow/dags/pinot_bootstrap.py
[2026-06-02T09:48:15.701+0000] {processor.py:925} INFO - DAG(s) 'pinot_bootstrap' retrieved from /opt/airflow/dags/pinot_bootstrap.py
[2026-06-02T09:48:15.730+0000] {logging_mixin.py:190} INFO - [2026-06-02T09:48:15.729+0000] {dag.py:3239} INFO - Sync 1 DAGs
[2026-06-02T09:48:15.746+0000] {logging_mixin.py:190} INFO - [2026-06-02T09:48:15.746+0000] {dag.py:4180} INFO - Setting next_dagrun for pinot_bootstrap to None, run_after=None
[2026-06-02T09:48:15.769+0000] {processor.py:208} INFO - Processing /opt/airflow/dags/pinot_bootstrap.py took 0.891 seconds
[2026-06-02T09:48:46.389+0000] {processor.py:186} INFO - Started process (PID=4421) to work on /opt/airflow/dags/pinot_bootstrap.py
[2026-06-02T09:48:46.390+0000] {processor.py:914} INFO - Processing file /opt/airflow/dags/pinot_bootstrap.py for tasks to queue
[2026-06-02T09:48:46.392+0000] {logging_mixin.py:190} INFO - [2026-06-02T09:48:46.392+0000] {dagbag.py:588} INFO - Filling up the DagBag from /opt/airflow/dags/pinot_bootstrap.py
[2026-06-02T09:48:47.197+0000] {processor.py:925} INFO - DAG(s) 'pinot_bootstrap' retrieved from /opt/airflow/dags/pinot_bootstrap.py
[2026-06-02T09:48:47.225+0000] {logging_mixin.py:190} INFO - [2026-06-02T09:48:47.224+0000] {dag.py:3239} INFO - Sync 1 DAGs
[2026-06-02T09:48:47.241+0000] {logging_mixin.py:190} INFO - [2026-06-02T09:48:47.240+0000] {dag.py:4180} INFO - Setting next_dagrun for pinot_bootstrap to None, run_after=None
[2026-06-02T09:48:47.267+0000] {processor.py:208} INFO - Processing /opt/airflow/dags/pinot_bootstrap.py took 0.887 seconds
[2026-06-02T09:49:17.829+0000] {processor.py:186} INFO - Started process (PID=4555) to work on /opt/airflow/dags/pinot_bootstrap.py
[2026-06-02T09:49:17.830+0000] {processor.py:914} INFO - Processing file /opt/airflow/dags/pinot_bootstrap.py for tasks to queue
[2026-06-02T09:49:17.832+0000] {logging_mixin.py:190} INFO - [2026-06-02T09:49:17.832+0000] {dagbag.py:588} INFO - Filling up the DagBag from /opt/airflow/dags/pinot_bootstrap.py
[2026-06-02T09:49:18.697+0000] {processor.py:925} INFO - DAG(s) 'pinot_bootstrap' retrieved from /opt/airflow/dags/pinot_bootstrap.py
[2026-06-02T09:49:18.732+0000] {logging_mixin.py:190} INFO - [2026-06-02T09:49:18.732+0000] {dag.py:3239} INFO - Sync 1 DAGs
[2026-06-02T09:49:18.748+0000] {logging_mixin.py:190} INFO - [2026-06-02T09:49:18.747+0000] {dag.py:4180} INFO - Setting next_dagrun for pinot_bootstrap to None, run_after=None
[2026-06-02T09:49:18.777+0000] {processor.py:208} INFO - Processing /opt/airflow/dags/pinot_bootstrap.py took 0.959 seconds
[2026-06-02T09:49:49.599+0000] {processor.py:186} INFO - Started process (PID=4690) to work on /opt/airflow/dags/pinot_bootstrap.py
[2026-06-02T09:49:49.600+0000] {processor.py:914} INFO - Processing file /opt/airflow/dags/pinot_bootstrap.py for tasks to queue
[2026-06-02T09:49:49.602+0000] {logging_mixin.py:190} INFO - [2026-06-02T09:49:49.602+0000] {dagbag.py:588} INFO - Filling up the DagBag from /opt/airflow/dags/pinot_bootstrap.py
[2026-06-02T09:49:50.425+0000] {processor.py:925} INFO - DAG(s) 'pinot_bootstrap' retrieved from /opt/airflow/dags/pinot_bootstrap.py
[2026-06-02T09:49:50.455+0000] {logging_mixin.py:190} INFO - [2026-06-02T09:49:50.455+0000] {dag.py:3239} INFO - Sync 1 DAGs
[2026-06-02T09:49:50.471+0000] {logging_mixin.py:190} INFO - [2026-06-02T09:49:50.470+0000] {dag.py:4180} INFO - Setting next_dagrun for pinot_bootstrap to None, run_after=None
[2026-06-02T09:49:50.496+0000] {processor.py:208} INFO - Processing /opt/airflow/dags/pinot_bootstrap.py took 0.906 seconds
[2026-06-02T09:50:21.235+0000] {processor.py:186} INFO - Started process (PID=4817) to work on /opt/airflow/dags/pinot_bootstrap.py
[2026-06-02T09:50:21.237+0000] {processor.py:914} INFO - Processing file /opt/airflow/dags/pinot_bootstrap.py for tasks to queue
[2026-06-02T09:50:21.238+0000] {logging_mixin.py:190} INFO - [2026-06-02T09:50:21.238+0000] {dagbag.py:588} INFO - Filling up the DagBag from /opt/airflow/dags/pinot_bootstrap.py
[2026-06-02T09:50:22.037+0000] {processor.py:925} INFO - DAG(s) 'pinot_bootstrap' retrieved from /opt/airflow/dags/pinot_bootstrap.py
[2026-06-02T09:50:22.065+0000] {logging_mixin.py:190} INFO - [2026-06-02T09:50:22.065+0000] {dag.py:3239} INFO - Sync 1 DAGs
[2026-06-02T09:50:22.080+0000] {logging_mixin.py:190} INFO - [2026-06-02T09:50:22.080+0000] {dag.py:4180} INFO - Setting next_dagrun for pinot_bootstrap to None, run_after=None
[2026-06-02T09:50:22.104+0000] {processor.py:208} INFO - Processing /opt/airflow/dags/pinot_bootstrap.py took 0.879 seconds
[2026-06-02T09:50:52.706+0000] {processor.py:186} INFO - Started process (PID=4952) to work on /opt/airflow/dags/pinot_bootstrap.py
[2026-06-02T09:50:52.707+0000] {processor.py:914} INFO - Processing file /opt/airflow/dags/pinot_bootstrap.py for tasks to queue
[2026-06-02T09:50:52.708+0000] {logging_mixin.py:190} INFO - [2026-06-02T09:50:52.708+0000] {dagbag.py:588} INFO - Filling up the DagBag from /opt/airflow/dags/pinot_bootstrap.py
[2026-06-02T09:50:53.532+0000] {processor.py:925} INFO - DAG(s) 'pinot_bootstrap' retrieved from /opt/airflow/dags/pinot_bootstrap.py
[2026-06-02T09:50:53.566+0000] {logging_mixin.py:190} INFO - [2026-06-02T09:50:53.566+0000] {dag.py:3239} INFO - Sync 1 DAGs
[2026-06-02T09:50:53.585+0000] {logging_mixin.py:190} INFO - [2026-06-02T09:50:53.585+0000] {dag.py:4180} INFO - Setting next_dagrun for pinot_bootstrap to None, run_after=None
[2026-06-02T09:50:53.611+0000] {processor.py:208} INFO - Processing /opt/airflow/dags/pinot_bootstrap.py took 0.914 seconds
[2026-06-02T09:51:24.166+0000] {processor.py:186} INFO - Started process (PID=5087) to work on /opt/airflow/dags/pinot_bootstrap.py
[2026-06-02T09:51:24.167+0000] {processor.py:914} INFO - Processing file /opt/airflow/dags/pinot_bootstrap.py for tasks to queue
[2026-06-02T09:51:24.169+0000] {logging_mixin.py:190} INFO - [2026-06-02T09:51:24.169+0000] {dagbag.py:588} INFO - Filling up the DagBag from /opt/airflow/dags/pinot_bootstrap.py
[2026-06-02T09:51:24.964+0000] {processor.py:925} INFO - DAG(s) 'pinot_bootstrap' retrieved from /opt/airflow/dags/pinot_bootstrap.py
[2026-06-02T09:51:24.997+0000] {logging_mixin.py:190} INFO - [2026-06-02T09:51:24.996+0000] {dag.py:3239} INFO - Sync 1 DAGs
[2026-06-02T09:51:25.014+0000] {logging_mixin.py:190} INFO - [2026-06-02T09:51:25.013+0000] {dag.py:4180} INFO - Setting next_dagrun for pinot_bootstrap to None, run_after=None
[2026-06-02T09:51:25.038+0000] {processor.py:208} INFO - Processing /opt/airflow/dags/pinot_bootstrap.py took 0.881 seconds
[2026-06-02T09:51:55.613+0000] {processor.py:186} INFO - Started process (PID=5222) to work on /opt/airflow/dags/pinot_bootstrap.py
[2026-06-02T09:51:55.615+0000] {processor.py:914} INFO - Processing file /opt/airflow/dags/pinot_bootstrap.py for tasks to queue
[2026-06-02T09:51:55.617+0000] {logging_mixin.py:190} INFO - [2026-06-02T09:51:55.617+0000] {dagbag.py:588} INFO - Filling up the DagBag from /opt/airflow/dags/pinot_bootstrap.py
[2026-06-02T09:51:56.434+0000] {processor.py:925} INFO - DAG(s) 'pinot_bootstrap' retrieved from /opt/airflow/dags/pinot_bootstrap.py
[2026-06-02T09:51:56.471+0000] {logging_mixin.py:190} INFO - [2026-06-02T09:51:56.471+0000] {dag.py:3239} INFO - Sync 1 DAGs
[2026-06-02T09:51:56.489+0000] {logging_mixin.py:190} INFO - [2026-06-02T09:51:56.489+0000] {dag.py:4180} INFO - Setting next_dagrun for pinot_bootstrap to None, run_after=None
[2026-06-02T09:51:56.521+0000] {processor.py:208} INFO - Processing /opt/airflow/dags/pinot_bootstrap.py took 0.917 seconds
[2026-06-02T09:52:27.106+0000] {processor.py:186} INFO - Started process (PID=5357) to work on /opt/airflow/dags/pinot_bootstrap.py
[2026-06-02T09:52:27.107+0000] {processor.py:914} INFO - Processing file /opt/airflow/dags/pinot_bootstrap.py for tasks to queue
[2026-06-02T09:52:27.109+0000] {logging_mixin.py:190} INFO - [2026-06-02T09:52:27.108+0000] {dagbag.py:588} INFO - Filling up the DagBag from /opt/airflow/dags/pinot_bootstrap.py
[2026-06-02T09:52:27.926+0000] {processor.py:925} INFO - DAG(s) 'pinot_bootstrap' retrieved from /opt/airflow/dags/pinot_bootstrap.py
[2026-06-02T09:52:27.958+0000] {logging_mixin.py:190} INFO - [2026-06-02T09:52:27.957+0000] {dag.py:3239} INFO - Sync 1 DAGs
[2026-06-02T09:52:27.975+0000] {logging_mixin.py:190} INFO - [2026-06-02T09:52:27.974+0000] {dag.py:4180} INFO - Setting next_dagrun for pinot_bootstrap to None, run_after=None
[2026-06-02T09:52:28.000+0000] {processor.py:208} INFO - Processing /opt/airflow/dags/pinot_bootstrap.py took 0.904 seconds
[2026-06-02T09:52:58.529+0000] {processor.py:186} INFO - Started process (PID=5492) to work on /opt/airflow/dags/pinot_bootstrap.py
[2026-06-02T09:52:58.531+0000] {processor.py:914} INFO - Processing file /opt/airflow/dags/pinot_bootstrap.py for tasks to queue
[2026-06-02T09:52:58.532+0000] {logging_mixin.py:190} INFO - [2026-06-02T09:52:58.532+0000] {dagbag.py:588} INFO - Filling up the DagBag from /opt/airflow/dags/pinot_bootstrap.py
[2026-06-02T09:52:59.351+0000] {processor.py:925} INFO - DAG(s) 'pinot_bootstrap' retrieved from /opt/airflow/dags/pinot_bootstrap.py
[2026-06-02T09:52:59.382+0000] {logging_mixin.py:190} INFO - [2026-06-02T09:52:59.381+0000] {dag.py:3239} INFO - Sync 1 DAGs
[2026-06-02T09:52:59.397+0000] {logging_mixin.py:190} INFO - [2026-06-02T09:52:59.397+0000] {dag.py:4180} INFO - Setting next_dagrun for pinot_bootstrap to None, run_after=None
[2026-06-02T09:52:59.424+0000] {processor.py:208} INFO - Processing /opt/airflow/dags/pinot_bootstrap.py took 0.904 seconds
[2026-06-02T09:53:30.037+0000] {processor.py:186} INFO - Started process (PID=5627) to work on /opt/airflow/dags/pinot_bootstrap.py
[2026-06-02T09:53:30.039+0000] {processor.py:914} INFO - Processing file /opt/airflow/dags/pinot_bootstrap.py for tasks to queue
[2026-06-02T09:53:30.041+0000] {logging_mixin.py:190} INFO - [2026-06-02T09:53:30.040+0000] {dagbag.py:588} INFO - Filling up the DagBag from /opt/airflow/dags/pinot_bootstrap.py
[2026-06-02T09:53:30.904+0000] {processor.py:925} INFO - DAG(s) 'pinot_bootstrap' retrieved from /opt/airflow/dags/pinot_bootstrap.py
[2026-06-02T09:53:30.940+0000] {logging_mixin.py:190} INFO - [2026-06-02T09:53:30.940+0000] {dag.py:3239} INFO - Sync 1 DAGs
[2026-06-02T09:53:30.957+0000] {logging_mixin.py:190} INFO - [2026-06-02T09:53:30.956+0000] {dag.py:4180} INFO - Setting next_dagrun for pinot_bootstrap to None, run_after=None
[2026-06-02T09:53:30.981+0000] {processor.py:208} INFO - Processing /opt/airflow/dags/pinot_bootstrap.py took 0.954 seconds
[2026-06-02T09:54:01.675+0000] {processor.py:186} INFO - Started process (PID=5762) to work on /opt/airflow/dags/pinot_bootstrap.py
[2026-06-02T09:54:01.676+0000] {processor.py:914} INFO - Processing file /opt/airflow/dags/pinot_bootstrap.py for tasks to queue
[2026-06-02T09:54:01.678+0000] {logging_mixin.py:190} INFO - [2026-06-02T09:54:01.677+0000] {dagbag.py:588} INFO - Filling up the DagBag from /opt/airflow/dags/pinot_bootstrap.py
[2026-06-02T09:54:02.549+0000] {processor.py:925} INFO - DAG(s) 'pinot_bootstrap' retrieved from /opt/airflow/dags/pinot_bootstrap.py
[2026-06-02T09:54:02.578+0000] {logging_mixin.py:190} INFO - [2026-06-02T09:54:02.578+0000] {dag.py:3239} INFO - Sync 1 DAGs
[2026-06-02T09:54:02.594+0000] {logging_mixin.py:190} INFO - [2026-06-02T09:54:02.594+0000] {dag.py:4180} INFO - Setting next_dagrun for pinot_bootstrap to None, run_after=None
[2026-06-02T09:54:02.620+0000] {processor.py:208} INFO - Processing /opt/airflow/dags/pinot_bootstrap.py took 0.954 seconds
[2026-06-02T09:54:33.187+0000] {processor.py:186} INFO - Started process (PID=5897) to work on /opt/airflow/dags/pinot_bootstrap.py
[2026-06-02T09:54:33.189+0000] {processor.py:914} INFO - Processing file /opt/airflow/dags/pinot_bootstrap.py for tasks to queue
[2026-06-02T09:54:33.192+0000] {logging_mixin.py:190} INFO - [2026-06-02T09:54:33.191+0000] {dagbag.py:588} INFO - Filling up the DagBag from /opt/airflow/dags/pinot_bootstrap.py
[2026-06-02T09:54:33.977+0000] {processor.py:925} INFO - DAG(s) 'pinot_bootstrap' retrieved from /opt/airflow/dags/pinot_bootstrap.py
[2026-06-02T09:54:34.010+0000] {logging_mixin.py:190} INFO - [2026-06-02T09:54:34.010+0000] {dag.py:3239} INFO - Sync 1 DAGs
[2026-06-02T09:54:34.030+0000] {logging_mixin.py:190} INFO - [2026-06-02T09:54:34.030+0000] {dag.py:4180} INFO - Setting next_dagrun for pinot_bootstrap to None, run_after=None
[2026-06-02T09:54:34.060+0000] {processor.py:208} INFO - Processing /opt/airflow/dags/pinot_bootstrap.py took 0.882 seconds
[2026-06-02T09:55:04.753+0000] {processor.py:186} INFO - Started process (PID=6032) to work on /opt/airflow/dags/pinot_bootstrap.py
[2026-06-02T09:55:04.754+0000] {processor.py:914} INFO - Processing file /opt/airflow/dags/pinot_bootstrap.py for tasks to queue
[2026-06-02T09:55:04.756+0000] {logging_mixin.py:190} INFO - [2026-06-02T09:55:04.756+0000] {dagbag.py:588} INFO - Filling up the DagBag from /opt/airflow/dags/pinot_bootstrap.py
[2026-06-02T09:55:05.603+0000] {processor.py:925} INFO - DAG(s) 'pinot_bootstrap' retrieved from /opt/airflow/dags/pinot_bootstrap.py
[2026-06-02T09:55:05.634+0000] {logging_mixin.py:190} INFO - [2026-06-02T09:55:05.634+0000] {dag.py:3239} INFO - Sync 1 DAGs
[2026-06-02T09:55:05.649+0000] {logging_mixin.py:190} INFO - [2026-06-02T09:55:05.648+0000] {dag.py:4180} INFO - Setting next_dagrun for pinot_bootstrap to None, run_after=None
[2026-06-02T09:55:05.674+0000] {processor.py:208} INFO - Processing /opt/airflow/dags/pinot_bootstrap.py took 0.930 seconds
[2026-06-02T09:55:36.225+0000] {processor.py:186} INFO - Started process (PID=6167) to work on /opt/airflow/dags/pinot_bootstrap.py
[2026-06-02T09:55:36.226+0000] {processor.py:914} INFO - Processing file /opt/airflow/dags/pinot_bootstrap.py for tasks to queue
[2026-06-02T09:55:36.228+0000] {logging_mixin.py:190} INFO - [2026-06-02T09:55:36.227+0000] {dagbag.py:588} INFO - Filling up the DagBag from /opt/airflow/dags/pinot_bootstrap.py
[2026-06-02T09:55:37.047+0000] {processor.py:925} INFO - DAG(s) 'pinot_bootstrap' retrieved from /opt/airflow/dags/pinot_bootstrap.py
[2026-06-02T09:55:37.075+0000] {logging_mixin.py:190} INFO - [2026-06-02T09:55:37.074+0000] {dag.py:3239} INFO - Sync 1 DAGs
[2026-06-02T09:55:37.089+0000] {logging_mixin.py:190} INFO - [2026-06-02T09:55:37.089+0000] {dag.py:4180} INFO - Setting next_dagrun for pinot_bootstrap to None, run_after=None
[2026-06-02T09:55:37.118+0000] {processor.py:208} INFO - Processing /opt/airflow/dags/pinot_bootstrap.py took 0.903 seconds
[2026-06-02T09:56:07.805+0000] {processor.py:186} INFO - Started process (PID=6302) to work on /opt/airflow/dags/pinot_bootstrap.py
[2026-06-02T09:56:07.807+0000] {processor.py:914} INFO - Processing file /opt/airflow/dags/pinot_bootstrap.py for tasks to queue
[2026-06-02T09:56:07.809+0000] {logging_mixin.py:190} INFO - [2026-06-02T09:56:07.808+0000] {dagbag.py:588} INFO - Filling up the DagBag from /opt/airflow/dags/pinot_bootstrap.py
[2026-06-02T09:56:08.645+0000] {processor.py:925} INFO - DAG(s) 'pinot_bootstrap' retrieved from /opt/airflow/dags/pinot_bootstrap.py
[2026-06-02T09:56:08.675+0000] {logging_mixin.py:190} INFO - [2026-06-02T09:56:08.675+0000] {dag.py:3239} INFO - Sync 1 DAGs
[2026-06-02T09:56:08.691+0000] {logging_mixin.py:190} INFO - [2026-06-02T09:56:08.691+0000] {dag.py:4180} INFO - Setting next_dagrun for pinot_bootstrap to None, run_after=None
[2026-06-02T09:56:08.717+0000] {processor.py:208} INFO - Processing /opt/airflow/dags/pinot_bootstrap.py took 0.921 seconds
[2026-06-02T09:56:39.329+0000] {processor.py:186} INFO - Started process (PID=6437) to work on /opt/airflow/dags/pinot_bootstrap.py
[2026-06-02T09:56:39.330+0000] {processor.py:914} INFO - Processing file /opt/airflow/dags/pinot_bootstrap.py for tasks to queue
[2026-06-02T09:56:39.332+0000] {logging_mixin.py:190} INFO - [2026-06-02T09:56:39.332+0000] {dagbag.py:588} INFO - Filling up the DagBag from /opt/airflow/dags/pinot_bootstrap.py
[2026-06-02T09:56:40.125+0000] {processor.py:925} INFO - DAG(s) 'pinot_bootstrap' retrieved from /opt/airflow/dags/pinot_bootstrap.py
[2026-06-02T09:56:40.157+0000] {logging_mixin.py:190} INFO - [2026-06-02T09:56:40.157+0000] {dag.py:3239} INFO - Sync 1 DAGs
[2026-06-02T09:56:40.173+0000] {logging_mixin.py:190} INFO - [2026-06-02T09:56:40.173+0000] {dag.py:4180} INFO - Setting next_dagrun for pinot_bootstrap to None, run_after=None
[2026-06-02T09:56:40.200+0000] {processor.py:208} INFO - Processing /opt/airflow/dags/pinot_bootstrap.py took 0.880 seconds
[2026-06-02T09:57:10.916+0000] {processor.py:186} INFO - Started process (PID=6571) to work on /opt/airflow/dags/pinot_bootstrap.py
[2026-06-02T09:57:10.918+0000] {processor.py:914} INFO - Processing file /opt/airflow/dags/pinot_bootstrap.py for tasks to queue
[2026-06-02T09:57:10.921+0000] {logging_mixin.py:190} INFO - [2026-06-02T09:57:10.921+0000] {dagbag.py:588} INFO - Filling up the DagBag from /opt/airflow/dags/pinot_bootstrap.py
[2026-06-02T09:57:11.803+0000] {processor.py:925} INFO - DAG(s) 'pinot_bootstrap' retrieved from /opt/airflow/dags/pinot_bootstrap.py
[2026-06-02T09:57:11.834+0000] {logging_mixin.py:190} INFO - [2026-06-02T09:57:11.833+0000] {dag.py:3239} INFO - Sync 1 DAGs
[2026-06-02T09:57:11.851+0000] {logging_mixin.py:190} INFO - [2026-06-02T09:57:11.850+0000] {dag.py:4180} INFO - Setting next_dagrun for pinot_bootstrap to None, run_after=None
[2026-06-02T09:57:11.881+0000] {processor.py:208} INFO - Processing /opt/airflow/dags/pinot_bootstrap.py took 0.975 seconds
[2026-06-02T09:57:42.386+0000] {processor.py:186} INFO - Started process (PID=6698) to work on /opt/airflow/dags/pinot_bootstrap.py
[2026-06-02T09:57:42.388+0000] {processor.py:914} INFO - Processing file /opt/airflow/dags/pinot_bootstrap.py for tasks to queue
[2026-06-02T09:57:42.389+0000] {logging_mixin.py:190} INFO - [2026-06-02T09:57:42.389+0000] {dagbag.py:588} INFO - Filling up the DagBag from /opt/airflow/dags/pinot_bootstrap.py
[2026-06-02T09:57:43.284+0000] {processor.py:925} INFO - DAG(s) 'pinot_bootstrap' retrieved from /opt/airflow/dags/pinot_bootstrap.py
[2026-06-02T09:57:43.317+0000] {logging_mixin.py:190} INFO - [2026-06-02T09:57:43.317+0000] {dag.py:3239} INFO - Sync 1 DAGs
[2026-06-02T09:57:43.336+0000] {logging_mixin.py:190} INFO - [2026-06-02T09:57:43.336+0000] {dag.py:4180} INFO - Setting next_dagrun for pinot_bootstrap to None, run_after=None
[2026-06-02T09:57:43.365+0000] {processor.py:208} INFO - Processing /opt/airflow/dags/pinot_bootstrap.py took 0.989 seconds
[2026-06-02T09:58:13.860+0000] {processor.py:186} INFO - Started process (PID=6833) to work on /opt/airflow/dags/pinot_bootstrap.py
[2026-06-02T09:58:13.861+0000] {processor.py:914} INFO - Processing file /opt/airflow/dags/pinot_bootstrap.py for tasks to queue
[2026-06-02T09:58:13.863+0000] {logging_mixin.py:190} INFO - [2026-06-02T09:58:13.863+0000] {dagbag.py:588} INFO - Filling up the DagBag from /opt/airflow/dags/pinot_bootstrap.py
[2026-06-02T09:58:14.678+0000] {processor.py:925} INFO - DAG(s) 'pinot_bootstrap' retrieved from /opt/airflow/dags/pinot_bootstrap.py
[2026-06-02T09:58:14.711+0000] {logging_mixin.py:190} INFO - [2026-06-02T09:58:14.711+0000] {dag.py:3239} INFO - Sync 1 DAGs
[2026-06-02T09:58:14.728+0000] {logging_mixin.py:190} INFO - [2026-06-02T09:58:14.727+0000] {dag.py:4180} INFO - Setting next_dagrun for pinot_bootstrap to None, run_after=None
[2026-06-02T09:58:14.752+0000] {processor.py:208} INFO - Processing /opt/airflow/dags/pinot_bootstrap.py took 0.902 seconds
[2026-06-02T09:58:45.387+0000] {processor.py:186} INFO - Started process (PID=6968) to work on /opt/airflow/dags/pinot_bootstrap.py
[2026-06-02T09:58:45.388+0000] {processor.py:914} INFO - Processing file /opt/airflow/dags/pinot_bootstrap.py for tasks to queue
[2026-06-02T09:58:45.391+0000] {logging_mixin.py:190} INFO - [2026-06-02T09:58:45.390+0000] {dagbag.py:588} INFO - Filling up the DagBag from /opt/airflow/dags/pinot_bootstrap.py
[2026-06-02T09:58:46.196+0000] {processor.py:925} INFO - DAG(s) 'pinot_bootstrap' retrieved from /opt/airflow/dags/pinot_bootstrap.py
[2026-06-02T09:58:46.229+0000] {logging_mixin.py:190} INFO - [2026-06-02T09:58:46.228+0000] {dag.py:3239} INFO - Sync 1 DAGs
[2026-06-02T09:58:46.245+0000] {logging_mixin.py:190} INFO - [2026-06-02T09:58:46.245+0000] {dag.py:4180} INFO - Setting next_dagrun for pinot_bootstrap to None, run_after=None
[2026-06-02T09:58:46.271+0000] {processor.py:208} INFO - Processing /opt/airflow/dags/pinot_bootstrap.py took 0.894 seconds
[2026-06-02T09:59:16.862+0000] {processor.py:186} INFO - Started process (PID=7103) to work on /opt/airflow/dags/pinot_bootstrap.py
[2026-06-02T09:59:16.863+0000] {processor.py:914} INFO - Processing file /opt/airflow/dags/pinot_bootstrap.py for tasks to queue
[2026-06-02T09:59:16.865+0000] {logging_mixin.py:190} INFO - [2026-06-02T09:59:16.865+0000] {dagbag.py:588} INFO - Filling up the DagBag from /opt/airflow/dags/pinot_bootstrap.py
[2026-06-02T09:59:17.673+0000] {processor.py:925} INFO - DAG(s) 'pinot_bootstrap' retrieved from /opt/airflow/dags/pinot_bootstrap.py
[2026-06-02T09:59:17.707+0000] {logging_mixin.py:190} INFO - [2026-06-02T09:59:17.706+0000] {dag.py:3239} INFO - Sync 1 DAGs
[2026-06-02T09:59:17.722+0000] {logging_mixin.py:190} INFO - [2026-06-02T09:59:17.722+0000] {dag.py:4180} INFO - Setting next_dagrun for pinot_bootstrap to None, run_after=None
[2026-06-02T09:59:17.751+0000] {processor.py:208} INFO - Processing /opt/airflow/dags/pinot_bootstrap.py took 0.899 seconds
[2026-06-02T09:59:48.208+0000] {processor.py:186} INFO - Started process (PID=7238) to work on /opt/airflow/dags/pinot_bootstrap.py
[2026-06-02T09:59:48.209+0000] {processor.py:914} INFO - Processing file /opt/airflow/dags/pinot_bootstrap.py for tasks to queue
[2026-06-02T09:59:48.211+0000] {logging_mixin.py:190} INFO - [2026-06-02T09:59:48.211+0000] {dagbag.py:588} INFO - Filling up the DagBag from /opt/airflow/dags/pinot_bootstrap.py
[2026-06-02T09:59:49.054+0000] {processor.py:925} INFO - DAG(s) 'pinot_bootstrap' retrieved from /opt/airflow/dags/pinot_bootstrap.py
[2026-06-02T09:59:49.088+0000] {logging_mixin.py:190} INFO - [2026-06-02T09:59:49.087+0000] {dag.py:3239} INFO - Sync 1 DAGs
[2026-06-02T09:59:49.105+0000] {logging_mixin.py:190} INFO - [2026-06-02T09:59:49.105+0000] {dag.py:4180} INFO - Setting next_dagrun for pinot_bootstrap to None, run_after=None
[2026-06-02T09:59:49.130+0000] {processor.py:208} INFO - Processing /opt/airflow/dags/pinot_bootstrap.py took 0.932 seconds
[2026-06-02T10:00:19.838+0000] {processor.py:186} INFO - Started process (PID=7373) to work on /opt/airflow/dags/pinot_bootstrap.py
[2026-06-02T10:00:19.840+0000] {processor.py:914} INFO - Processing file /opt/airflow/dags/pinot_bootstrap.py for tasks to queue
[2026-06-02T10:00:19.841+0000] {logging_mixin.py:190} INFO - [2026-06-02T10:00:19.841+0000] {dagbag.py:588} INFO - Filling up the DagBag from /opt/airflow/dags/pinot_bootstrap.py
[2026-06-02T10:00:20.636+0000] {processor.py:925} INFO - DAG(s) 'pinot_bootstrap' retrieved from /opt/airflow/dags/pinot_bootstrap.py
[2026-06-02T10:00:20.669+0000] {logging_mixin.py:190} INFO - [2026-06-02T10:00:20.669+0000] {dag.py:3239} INFO - Sync 1 DAGs
[2026-06-02T10:00:20.687+0000] {logging_mixin.py:190} INFO - [2026-06-02T10:00:20.686+0000] {dag.py:4180} INFO - Setting next_dagrun for pinot_bootstrap to None, run_after=None
[2026-06-02T10:00:20.711+0000] {processor.py:208} INFO - Processing /opt/airflow/dags/pinot_bootstrap.py took 0.883 seconds
[2026-06-02T10:00:51.370+0000] {processor.py:186} INFO - Started process (PID=7508) to work on /opt/airflow/dags/pinot_bootstrap.py
[2026-06-02T10:00:51.372+0000] {processor.py:914} INFO - Processing file /opt/airflow/dags/pinot_bootstrap.py for tasks to queue
[2026-06-02T10:00:51.374+0000] {logging_mixin.py:190} INFO - [2026-06-02T10:00:51.374+0000] {dagbag.py:588} INFO - Filling up the DagBag from /opt/airflow/dags/pinot_bootstrap.py
[2026-06-02T10:00:52.201+0000] {processor.py:925} INFO - DAG(s) 'pinot_bootstrap' retrieved from /opt/airflow/dags/pinot_bootstrap.py
[2026-06-02T10:00:52.234+0000] {logging_mixin.py:190} INFO - [2026-06-02T10:00:52.234+0000] {dag.py:3239} INFO - Sync 1 DAGs
[2026-06-02T10:00:52.250+0000] {logging_mixin.py:190} INFO - [2026-06-02T10:00:52.249+0000] {dag.py:4180} INFO - Setting next_dagrun for pinot_bootstrap to None, run_after=None
[2026-06-02T10:00:52.274+0000] {processor.py:208} INFO - Processing /opt/airflow/dags/pinot_bootstrap.py took 0.914 seconds
[2026-06-02T10:01:22.878+0000] {processor.py:186} INFO - Started process (PID=7643) to work on /opt/airflow/dags/pinot_bootstrap.py
[2026-06-02T10:01:22.880+0000] {processor.py:914} INFO - Processing file /opt/airflow/dags/pinot_bootstrap.py for tasks to queue
[2026-06-02T10:01:22.881+0000] {logging_mixin.py:190} INFO - [2026-06-02T10:01:22.881+0000] {dagbag.py:588} INFO - Filling up the DagBag from /opt/airflow/dags/pinot_bootstrap.py
[2026-06-02T10:01:23.698+0000] {processor.py:925} INFO - DAG(s) 'pinot_bootstrap' retrieved from /opt/airflow/dags/pinot_bootstrap.py
[2026-06-02T10:01:23.727+0000] {logging_mixin.py:190} INFO - [2026-06-02T10:01:23.727+0000] {dag.py:3239} INFO - Sync 1 DAGs
[2026-06-02T10:01:23.743+0000] {logging_mixin.py:190} INFO - [2026-06-02T10:01:23.743+0000] {dag.py:4180} INFO - Setting next_dagrun for pinot_bootstrap to None, run_after=None
[2026-06-02T10:01:23.768+0000] {processor.py:208} INFO - Processing /opt/airflow/dags/pinot_bootstrap.py took 0.899 seconds
[2026-06-02T10:01:54.448+0000] {processor.py:186} INFO - Started process (PID=7778) to work on /opt/airflow/dags/pinot_bootstrap.py
[2026-06-02T10:01:54.450+0000] {processor.py:914} INFO - Processing file /opt/airflow/dags/pinot_bootstrap.py for tasks to queue
[2026-06-02T10:01:54.452+0000] {logging_mixin.py:190} INFO - [2026-06-02T10:01:54.451+0000] {dagbag.py:588} INFO - Filling up the DagBag from /opt/airflow/dags/pinot_bootstrap.py
[2026-06-02T10:01:55.614+0000] {processor.py:925} INFO - DAG(s) 'pinot_bootstrap' retrieved from /opt/airflow/dags/pinot_bootstrap.py
[2026-06-02T10:01:55.643+0000] {logging_mixin.py:190} INFO - [2026-06-02T10:01:55.643+0000] {dag.py:3239} INFO - Sync 1 DAGs
[2026-06-02T10:01:55.659+0000] {logging_mixin.py:190} INFO - [2026-06-02T10:01:55.659+0000] {dag.py:4180} INFO - Setting next_dagrun for pinot_bootstrap to None, run_after=None
[2026-06-02T10:01:55.682+0000] {processor.py:208} INFO - Processing /opt/airflow/dags/pinot_bootstrap.py took 1.244 seconds
[2026-06-02T10:02:26.147+0000] {processor.py:186} INFO - Started process (PID=7913) to work on /opt/airflow/dags/pinot_bootstrap.py
[2026-06-02T10:02:26.148+0000] {processor.py:914} INFO - Processing file /opt/airflow/dags/pinot_bootstrap.py for tasks to queue
[2026-06-02T10:02:26.150+0000] {logging_mixin.py:190} INFO - [2026-06-02T10:02:26.150+0000] {dagbag.py:588} INFO - Filling up the DagBag from /opt/airflow/dags/pinot_bootstrap.py
[2026-06-02T10:02:26.958+0000] {processor.py:925} INFO - DAG(s) 'pinot_bootstrap' retrieved from /opt/airflow/dags/pinot_bootstrap.py
[2026-06-02T10:02:26.988+0000] {logging_mixin.py:190} INFO - [2026-06-02T10:02:26.988+0000] {dag.py:3239} INFO - Sync 1 DAGs
[2026-06-02T10:02:27.005+0000] {logging_mixin.py:190} INFO - [2026-06-02T10:02:27.005+0000] {dag.py:4180} INFO - Setting next_dagrun for pinot_bootstrap to None, run_after=None
[2026-06-02T10:02:27.033+0000] {processor.py:208} INFO - Processing /opt/airflow/dags/pinot_bootstrap.py took 0.896 seconds
[2026-06-02T10:02:57.649+0000] {processor.py:186} INFO - Started process (PID=8048) to work on /opt/airflow/dags/pinot_bootstrap.py
[2026-06-02T10:02:57.650+0000] {processor.py:914} INFO - Processing file /opt/airflow/dags/pinot_bootstrap.py for tasks to queue
[2026-06-02T10:02:57.652+0000] {logging_mixin.py:190} INFO - [2026-06-02T10:02:57.651+0000] {dagbag.py:588} INFO - Filling up the DagBag from /opt/airflow/dags/pinot_bootstrap.py
[2026-06-02T10:02:58.491+0000] {processor.py:925} INFO - DAG(s) 'pinot_bootstrap' retrieved from /opt/airflow/dags/pinot_bootstrap.py
[2026-06-02T10:02:58.524+0000] {logging_mixin.py:190} INFO - [2026-06-02T10:02:58.523+0000] {dag.py:3239} INFO - Sync 1 DAGs
[2026-06-02T10:02:58.541+0000] {logging_mixin.py:190} INFO - [2026-06-02T10:02:58.540+0000] {dag.py:4180} INFO - Setting next_dagrun for pinot_bootstrap to None, run_after=None
[2026-06-02T10:02:58.570+0000] {processor.py:208} INFO - Processing /opt/airflow/dags/pinot_bootstrap.py took 0.931 seconds
[2026-06-02T10:03:29.312+0000] {processor.py:186} INFO - Started process (PID=8183) to work on /opt/airflow/dags/pinot_bootstrap.py
[2026-06-02T10:03:29.313+0000] {processor.py:914} INFO - Processing file /opt/airflow/dags/pinot_bootstrap.py for tasks to queue
[2026-06-02T10:03:29.316+0000] {logging_mixin.py:190} INFO - [2026-06-02T10:03:29.315+0000] {dagbag.py:588} INFO - Filling up the DagBag from /opt/airflow/dags/pinot_bootstrap.py
[2026-06-02T10:03:30.202+0000] {processor.py:925} INFO - DAG(s) 'pinot_bootstrap' retrieved from /opt/airflow/dags/pinot_bootstrap.py
[2026-06-02T10:03:30.238+0000] {logging_mixin.py:190} INFO - [2026-06-02T10:03:30.237+0000] {dag.py:3239} INFO - Sync 1 DAGs
[2026-06-02T10:03:30.256+0000] {logging_mixin.py:190} INFO - [2026-06-02T10:03:30.256+0000] {dag.py:4180} INFO - Setting next_dagrun for pinot_bootstrap to None, run_after=None
[2026-06-02T10:03:30.284+0000] {processor.py:208} INFO - Processing /opt/airflow/dags/pinot_bootstrap.py took 0.981 seconds
