[2026-06-02T06:03:55.072+0000] {manager.py:483} INFO - Processing files using up to 2 processes at a time 
[2026-06-02T06:03:55.073+0000] {manager.py:484} INFO - Process each file at most once every 30 seconds
[2026-06-02T06:03:55.074+0000] {manager.py:485} INFO - Checking for new files in /opt/airflow/dags every 300 seconds
[2026-06-02T06:03:55.074+0000] {manager.py:821} INFO - Searching for files in /opt/airflow/dags
[2026-06-02T06:03:55.131+0000] {manager.py:824} INFO - There are 6 files in /opt/airflow/dags
[2026-06-02T06:03:55.297+0000] {manager.py:997} INFO - 
================================================================================
DAG File Processing Stats

File Path                                      PID  Runtime      # DAGs    # Errors  Last Runtime    Last Run      Last # of DB Queries
-------------------------------------------  -----  ---------  --------  ----------  --------------  ----------  ----------------------
/opt/airflow/dags/datahub_ingestion.py         196  0.04s             0           0                                                   0
/opt/airflow/dags/hourly_batch_lakehouse.py                           0           0                                                   0
/opt/airflow/dags/kafka_topic_bootstrap.py                            0           0                                                   0
/opt/airflow/dags/local_evidence_build.py      193  0.06s             0           0                                                   0
/opt/airflow/dags/pinot_bootstrap.py                                  0           0                                                   0
/opt/airflow/dags/reconciliation_report.py                            0           0                                                   0
================================================================================
[2026-06-02T06:04:25.891+0000] {manager.py:997} INFO - 
================================================================================
DAG File Processing Stats

File Path                                    PID    Runtime      # DAGs    # Errors  Last Runtime    Last Run               Last # of DB Queries
-------------------------------------------  -----  ---------  --------  ----------  --------------  -------------------  ----------------------
/opt/airflow/dags/local_evidence_build.py                             1           0  2.98s           2026-06-02T06:03:58                      43
/opt/airflow/dags/datahub_ingestion.py                                1           0  2.92s           2026-06-02T06:03:58                      43
/opt/airflow/dags/kafka_topic_bootstrap.py                            1           0  2.15s           2026-06-02T06:04:02                      43
/opt/airflow/dags/pinot_bootstrap.py                                  1           0  2.14s           2026-06-02T06:04:02                      43
/opt/airflow/dags/reconciliation_report.py                            1           0  1.97s           2026-06-02T06:04:00                      45
/opt/airflow/dags/hourly_batch_lakehouse.py                           1           0  1.88s           2026-06-02T06:04:00                      45
================================================================================
[2026-06-02T06:04:56.099+0000] {manager.py:997} INFO - 
================================================================================
DAG File Processing Stats

File Path                                    PID    Runtime      # DAGs    # Errors  Last Runtime    Last Run               Last # of DB Queries
-------------------------------------------  -----  ---------  --------  ----------  --------------  -------------------  ----------------------
/opt/airflow/dags/local_evidence_build.py                             1           0  1.64s           2026-06-02T06:04:30                      10
/opt/airflow/dags/datahub_ingestion.py                                1           0  1.62s           2026-06-02T06:04:30                      10
/opt/airflow/dags/reconciliation_report.py                            1           0  1.08s           2026-06-02T06:04:31                      12
/opt/airflow/dags/hourly_batch_lakehouse.py                           1           0  1.07s           2026-06-02T06:04:31                      12
/opt/airflow/dags/kafka_topic_bootstrap.py                            1           0  1.04s           2026-06-02T06:04:33                      10
/opt/airflow/dags/pinot_bootstrap.py                                  1           0  1.03s           2026-06-02T06:04:33                      10
================================================================================
[2026-06-02T06:05:26.237+0000] {manager.py:997} INFO - 
================================================================================
DAG File Processing Stats

File Path                                    PID    Runtime      # DAGs    # Errors  Last Runtime    Last Run               Last # of DB Queries
-------------------------------------------  -----  ---------  --------  ----------  --------------  -------------------  ----------------------
/opt/airflow/dags/local_evidence_build.py                             1           0  1.61s           2026-06-02T06:05:02                      10
/opt/airflow/dags/datahub_ingestion.py                                1           0  1.54s           2026-06-02T06:05:02                      10
/opt/airflow/dags/reconciliation_report.py                            1           0  1.41s           2026-06-02T06:05:04                      12
/opt/airflow/dags/kafka_topic_bootstrap.py                            1           0  1.33s           2026-06-02T06:05:05                      10
/opt/airflow/dags/hourly_batch_lakehouse.py                           1           0  1.30s           2026-06-02T06:05:04                      12
/opt/airflow/dags/pinot_bootstrap.py                                  1           0  1.28s           2026-06-02T06:05:05                      10
================================================================================
[2026-06-02T06:05:56.762+0000] {manager.py:997} INFO - 
================================================================================
DAG File Processing Stats

File Path                                    PID    Runtime      # DAGs    # Errors  Last Runtime    Last Run               Last # of DB Queries
-------------------------------------------  -----  ---------  --------  ----------  --------------  -------------------  ----------------------
/opt/airflow/dags/pinot_bootstrap.py                                  1           0  1.24s           2026-06-02T06:05:37                      10
/opt/airflow/dags/reconciliation_report.py                            1           0  1.21s           2026-06-02T06:05:35                      12
/opt/airflow/dags/kafka_topic_bootstrap.py                            1           0  1.20s           2026-06-02T06:05:36                      10
/opt/airflow/dags/hourly_batch_lakehouse.py                           1           0  1.19s           2026-06-02T06:05:36                      12
/opt/airflow/dags/local_evidence_build.py                             1           0  0.99s           2026-06-02T06:05:33                      10
/opt/airflow/dags/datahub_ingestion.py                                1           0  0.97s           2026-06-02T06:05:33                      10
================================================================================
[2026-06-02T06:06:27.188+0000] {manager.py:997} INFO - 
================================================================================
DAG File Processing Stats

File Path                                    PID    Runtime      # DAGs    # Errors  Last Runtime    Last Run               Last # of DB Queries
-------------------------------------------  -----  ---------  --------  ----------  --------------  -------------------  ----------------------
/opt/airflow/dags/kafka_topic_bootstrap.py                            1           0  2.13s           2026-06-02T06:06:09                      10
/opt/airflow/dags/pinot_bootstrap.py                                  1           0  1.78s           2026-06-02T06:06:10                      10
/opt/airflow/dags/reconciliation_report.py                            1           0  1.30s           2026-06-02T06:06:07                      12
/opt/airflow/dags/hourly_batch_lakehouse.py                           1           0  1.26s           2026-06-02T06:06:07                      12
/opt/airflow/dags/local_evidence_build.py                             1           0  1.07s           2026-06-02T06:06:05                      10
/opt/airflow/dags/datahub_ingestion.py                                1           0  1.04s           2026-06-02T06:06:05                      10
================================================================================
[2026-06-02T06:06:57.982+0000] {manager.py:997} INFO - 
================================================================================
DAG File Processing Stats

File Path                                    PID    Runtime      # DAGs    # Errors  Last Runtime    Last Run               Last # of DB Queries
-------------------------------------------  -----  ---------  --------  ----------  --------------  -------------------  ----------------------
/opt/airflow/dags/hourly_batch_lakehouse.py                           1           0  4.01s           2026-06-02T06:06:41                      12
/opt/airflow/dags/reconciliation_report.py                            1           0  4.00s           2026-06-02T06:06:41                      12
/opt/airflow/dags/local_evidence_build.py                             1           0  1.33s           2026-06-02T06:06:36                      10
/opt/airflow/dags/datahub_ingestion.py                                1           0  1.29s           2026-06-02T06:06:36                      10
/opt/airflow/dags/pinot_bootstrap.py                                  1           0  1.29s           2026-06-02T06:06:43                      10
/opt/airflow/dags/kafka_topic_bootstrap.py                            1           0  1.23s           2026-06-02T06:06:42                      10
================================================================================
[2026-06-02T06:07:28.378+0000] {manager.py:997} INFO - 
================================================================================
DAG File Processing Stats

File Path                                    PID    Runtime      # DAGs    # Errors  Last Runtime    Last Run               Last # of DB Queries
-------------------------------------------  -----  ---------  --------  ----------  --------------  -------------------  ----------------------
/opt/airflow/dags/local_evidence_build.py                             1           0  1.68s           2026-06-02T06:07:08                      10
/opt/airflow/dags/datahub_ingestion.py                                1           0  1.63s           2026-06-02T06:07:08                      10
/opt/airflow/dags/reconciliation_report.py                            1           0  1.41s           2026-06-02T06:07:13                      12
/opt/airflow/dags/kafka_topic_bootstrap.py                            1           0  1.39s           2026-06-02T06:07:14                      10
/opt/airflow/dags/hourly_batch_lakehouse.py                           1           0  1.35s           2026-06-02T06:07:13                      12
/opt/airflow/dags/pinot_bootstrap.py                                  1           0  1.21s           2026-06-02T06:07:15                      10
================================================================================
[2026-06-02T06:07:58.438+0000] {manager.py:997} INFO - 
================================================================================
DAG File Processing Stats

File Path                                    PID    Runtime      # DAGs    # Errors  Last Runtime    Last Run               Last # of DB Queries
-------------------------------------------  -----  ---------  --------  ----------  --------------  -------------------  ----------------------
/opt/airflow/dags/kafka_topic_bootstrap.py                            1           0  1.13s           2026-06-02T06:07:46                      10
/opt/airflow/dags/pinot_bootstrap.py                                  1           0  1.13s           2026-06-02T06:07:46                      10
/opt/airflow/dags/local_evidence_build.py                             1           0  1.04s           2026-06-02T06:07:40                      10
/opt/airflow/dags/reconciliation_report.py                            1           0  1.02s           2026-06-02T06:07:44                      12
/opt/airflow/dags/hourly_batch_lakehouse.py                           1           0  1.01s           2026-06-02T06:07:44                      12
/opt/airflow/dags/datahub_ingestion.py                                1           0  1.00s           2026-06-02T06:07:40                      10
================================================================================
[2026-06-02T06:08:28.719+0000] {manager.py:997} INFO - 
================================================================================
DAG File Processing Stats

File Path                                    PID    Runtime      # DAGs    # Errors  Last Runtime    Last Run               Last # of DB Queries
-------------------------------------------  -----  ---------  --------  ----------  --------------  -------------------  ----------------------
/opt/airflow/dags/local_evidence_build.py                             1           0  1.33s           2026-06-02T06:08:11                      10
/opt/airflow/dags/pinot_bootstrap.py                                  1           0  1.30s           2026-06-02T06:08:18                      10
/opt/airflow/dags/datahub_ingestion.py                                1           0  1.24s           2026-06-02T06:08:11                      10
/opt/airflow/dags/kafka_topic_bootstrap.py                            1           0  1.19s           2026-06-02T06:08:17                      10
/opt/airflow/dags/reconciliation_report.py                            1           0  1.10s           2026-06-02T06:08:16                      12
/opt/airflow/dags/hourly_batch_lakehouse.py                           1           0  1.07s           2026-06-02T06:08:16                      12
================================================================================
[2026-06-02T06:08:55.138+0000] {manager.py:821} INFO - Searching for files in /opt/airflow/dags
[2026-06-02T06:08:55.189+0000] {manager.py:824} INFO - There are 6 files in /opt/airflow/dags
[2026-06-02T06:08:59.280+0000] {manager.py:997} INFO - 
================================================================================
DAG File Processing Stats

File Path                                    PID    Runtime      # DAGs    # Errors  Last Runtime    Last Run               Last # of DB Queries
-------------------------------------------  -----  ---------  --------  ----------  --------------  -------------------  ----------------------
/opt/airflow/dags/local_evidence_build.py                             1           0  1.84s           2026-06-02T06:08:43                      10
/opt/airflow/dags/hourly_batch_lakehouse.py                           1           0  1.78s           2026-06-02T06:08:48                      12
/opt/airflow/dags/reconciliation_report.py                            1           0  1.78s           2026-06-02T06:08:48                      12
/opt/airflow/dags/datahub_ingestion.py                                1           0  1.78s           2026-06-02T06:08:43                      10
/opt/airflow/dags/kafka_topic_bootstrap.py                            1           0  1.35s           2026-06-02T06:08:50                      10
/opt/airflow/dags/pinot_bootstrap.py                                  1           0  1.33s           2026-06-02T06:08:50                      10
================================================================================
[2026-06-02T06:09:29.504+0000] {manager.py:997} INFO - 
================================================================================
DAG File Processing Stats

File Path                                    PID    Runtime      # DAGs    # Errors  Last Runtime    Last Run               Last # of DB Queries
-------------------------------------------  -----  ---------  --------  ----------  --------------  -------------------  ----------------------
/opt/airflow/dags/hourly_batch_lakehouse.py                           1           0  1.82s           2026-06-02T06:09:20                      12
/opt/airflow/dags/reconciliation_report.py                            1           0  1.82s           2026-06-02T06:09:20                      12
/opt/airflow/dags/kafka_topic_bootstrap.py                            1           0  1.50s           2026-06-02T06:09:22                      10
/opt/airflow/dags/datahub_ingestion.py                                1           0  1.49s           2026-06-02T06:09:15                      10
/opt/airflow/dags/local_evidence_build.py                             1           0  1.48s           2026-06-02T06:09:15                      10
/opt/airflow/dags/pinot_bootstrap.py                                  1           0  1.25s           2026-06-02T06:09:22                      10
================================================================================
[2026-06-02T06:10:00.085+0000] {manager.py:997} INFO - 
================================================================================
DAG File Processing Stats

File Path                                    PID    Runtime      # DAGs    # Errors  Last Runtime    Last Run               Last # of DB Queries
-------------------------------------------  -----  ---------  --------  ----------  --------------  -------------------  ----------------------
/opt/airflow/dags/local_evidence_build.py                             1           0  2.06s           2026-06-02T06:09:47                      10
/opt/airflow/dags/datahub_ingestion.py                                1           0  2.03s           2026-06-02T06:09:47                      10
/opt/airflow/dags/reconciliation_report.py                            1           0  1.16s           2026-06-02T06:09:52                      12
/opt/airflow/dags/hourly_batch_lakehouse.py                           1           0  1.11s           2026-06-02T06:09:52                      12
/opt/airflow/dags/kafka_topic_bootstrap.py                            1           0  1.05s           2026-06-02T06:09:54                      10
/opt/airflow/dags/pinot_bootstrap.py                                  1           0  1.04s           2026-06-02T06:09:54                      10
================================================================================
[2026-06-02T06:10:30.838+0000] {manager.py:997} INFO - 
================================================================================
DAG File Processing Stats

File Path                                    PID    Runtime      # DAGs    # Errors  Last Runtime    Last Run               Last # of DB Queries
-------------------------------------------  -----  ---------  --------  ----------  --------------  -------------------  ----------------------
/opt/airflow/dags/reconciliation_report.py                            1           0  1.26s           2026-06-02T06:10:23                      12
/opt/airflow/dags/local_evidence_build.py                             1           0  1.24s           2026-06-02T06:10:19                      10
/opt/airflow/dags/hourly_batch_lakehouse.py                           1           0  1.23s           2026-06-02T06:10:23                      12
/opt/airflow/dags/datahub_ingestion.py                                1           0  1.21s           2026-06-02T06:10:19                      10
/opt/airflow/dags/kafka_topic_bootstrap.py                            1           0  1.04s           2026-06-02T06:10:25                      10
/opt/airflow/dags/pinot_bootstrap.py                                  1           0  1.02s           2026-06-02T06:10:25                      10
================================================================================
[2026-06-02T06:11:01.391+0000] {manager.py:997} INFO - 
================================================================================
DAG File Processing Stats

File Path                                    PID    Runtime      # DAGs    # Errors  Last Runtime    Last Run               Last # of DB Queries
-------------------------------------------  -----  ---------  --------  ----------  --------------  -------------------  ----------------------
/opt/airflow/dags/datahub_ingestion.py                                1           0  1.41s           2026-06-02T06:10:51                      10
/opt/airflow/dags/local_evidence_build.py                             1           0  1.41s           2026-06-02T06:10:51                      10
/opt/airflow/dags/reconciliation_report.py                            1           0  1.23s           2026-06-02T06:10:55                      12
/opt/airflow/dags/hourly_batch_lakehouse.py                           1           0  1.20s           2026-06-02T06:10:55                      12
/opt/airflow/dags/kafka_topic_bootstrap.py                            1           0  1.07s           2026-06-02T06:10:57                      10
/opt/airflow/dags/pinot_bootstrap.py                                  1           0  1.04s           2026-06-02T06:10:57                      10
================================================================================
[2026-06-02T06:11:32.203+0000] {manager.py:997} INFO - 
================================================================================
DAG File Processing Stats

File Path                                    PID    Runtime      # DAGs    # Errors  Last Runtime    Last Run               Last # of DB Queries
-------------------------------------------  -----  ---------  --------  ----------  --------------  -------------------  ----------------------
/opt/airflow/dags/local_evidence_build.py                             1           0  1.57s           2026-06-02T06:11:23                      10
/opt/airflow/dags/datahub_ingestion.py                                1           0  1.55s           2026-06-02T06:11:23                      10
/opt/airflow/dags/reconciliation_report.py                            1           0  1.25s           2026-06-02T06:11:27                      12
/opt/airflow/dags/kafka_topic_bootstrap.py                            1           0  1.24s           2026-06-02T06:11:29                      10
/opt/airflow/dags/pinot_bootstrap.py                                  1           0  1.24s           2026-06-02T06:11:29                      10
/opt/airflow/dags/hourly_batch_lakehouse.py                           1           0  1.21s           2026-06-02T06:11:27                      12
================================================================================
[2026-06-02T06:12:02.356+0000] {manager.py:997} INFO - 
================================================================================
DAG File Processing Stats

File Path                                      PID  Runtime      # DAGs    # Errors  Last Runtime    Last Run               Last # of DB Queries
-------------------------------------------  -----  ---------  --------  ----------  --------------  -------------------  ----------------------
/opt/airflow/dags/local_evidence_build.py                             1           0  3.16s           2026-06-02T06:11:56                      10
/opt/airflow/dags/datahub_ingestion.py                                1           0  3.14s           2026-06-02T06:11:56                      10
/opt/airflow/dags/hourly_batch_lakehouse.py                           1           0  3.05s           2026-06-02T06:12:01                      12
/opt/airflow/dags/reconciliation_report.py                            1           0  3.01s           2026-06-02T06:12:01                      12
/opt/airflow/dags/kafka_topic_bootstrap.py    2293  1.03s             1           0  1.24s           2026-06-02T06:11:29                      10
/opt/airflow/dags/pinot_bootstrap.py          2296  0.85s             1           0  1.24s           2026-06-02T06:11:29                      10
================================================================================
[2026-06-02T06:12:33.049+0000] {manager.py:997} INFO - 
================================================================================
DAG File Processing Stats

File Path                                      PID  Runtime      # DAGs    # Errors  Last Runtime    Last Run               Last # of DB Queries
-------------------------------------------  -----  ---------  --------  ----------  --------------  -------------------  ----------------------
/opt/airflow/dags/hourly_batch_lakehouse.py   2381  1.06s             1           0  3.05s           2026-06-02T06:12:01                      12
/opt/airflow/dags/reconciliation_report.py    2378  1.09s             1           0  3.01s           2026-06-02T06:12:01                      12
/opt/airflow/dags/kafka_topic_bootstrap.py                            1           0  1.79s           2026-06-02T06:12:03                      10
/opt/airflow/dags/pinot_bootstrap.py                                  1           0  1.63s           2026-06-02T06:12:03                      10
/opt/airflow/dags/local_evidence_build.py                             1           0  1.34s           2026-06-02T06:12:28                      10
/opt/airflow/dags/datahub_ingestion.py                                1           0  1.29s           2026-06-02T06:12:28                      10
================================================================================
[2026-06-02T06:13:03.197+0000] {manager.py:997} INFO - 
================================================================================
DAG File Processing Stats

File Path                                    PID    Runtime      # DAGs    # Errors  Last Runtime    Last Run               Last # of DB Queries
-------------------------------------------  -----  ---------  --------  ----------  --------------  -------------------  ----------------------
/opt/airflow/dags/hourly_batch_lakehouse.py                           1           0  3.00s           2026-06-02T06:12:34                      12
/opt/airflow/dags/reconciliation_report.py                            1           0  2.96s           2026-06-02T06:12:34                      12
/opt/airflow/dags/kafka_topic_bootstrap.py                            1           0  1.96s           2026-06-02T06:12:36                      10
/opt/airflow/dags/local_evidence_build.py                             1           0  1.83s           2026-06-02T06:13:01                      10
/opt/airflow/dags/datahub_ingestion.py                                1           0  1.82s           2026-06-02T06:13:01                      10
/opt/airflow/dags/pinot_bootstrap.py                                  1           0  1.69s           2026-06-02T06:12:37                      10
================================================================================
[2026-06-02T06:13:33.253+0000] {manager.py:997} INFO - 
================================================================================
DAG File Processing Stats

File Path                                    PID    Runtime      # DAGs    # Errors  Last Runtime    Last Run               Last # of DB Queries
-------------------------------------------  -----  ---------  --------  ----------  --------------  -------------------  ----------------------
/opt/airflow/dags/datahub_ingestion.py                                1           0  1.32s           2026-06-02T06:13:33                      10
/opt/airflow/dags/local_evidence_build.py                             1           0  1.31s           2026-06-02T06:13:33                      10
/opt/airflow/dags/reconciliation_report.py                            1           0  1.19s           2026-06-02T06:13:06                      12
/opt/airflow/dags/kafka_topic_bootstrap.py                            1           0  1.16s           2026-06-02T06:13:08                      10
/opt/airflow/dags/hourly_batch_lakehouse.py                           1           0  1.16s           2026-06-02T06:13:06                      12
/opt/airflow/dags/pinot_bootstrap.py                                  1           0  1.14s           2026-06-02T06:13:08                      10
================================================================================
[2026-06-02T06:13:55.406+0000] {manager.py:821} INFO - Searching for files in /opt/airflow/dags
[2026-06-02T06:13:55.520+0000] {manager.py:824} INFO - There are 6 files in /opt/airflow/dags
[2026-06-02T06:14:03.754+0000] {manager.py:997} INFO - 
================================================================================
DAG File Processing Stats

File Path                                      PID  Runtime      # DAGs    # Errors  Last Runtime    Last Run               Last # of DB Queries
-------------------------------------------  -----  ---------  --------  ----------  --------------  -------------------  ----------------------
/opt/airflow/dags/pinot_bootstrap.py                                  1           0  1.82s           2026-06-02T06:13:41                      10
/opt/airflow/dags/kafka_topic_bootstrap.py                            1           0  1.61s           2026-06-02T06:13:40                      10
/opt/airflow/dags/reconciliation_report.py                            1           0  1.58s           2026-06-02T06:13:38                      12
/opt/airflow/dags/hourly_batch_lakehouse.py                           1           0  1.53s           2026-06-02T06:13:38                      12
/opt/airflow/dags/datahub_ingestion.py        2744  0.01s             1           0  1.32s           2026-06-02T06:13:33                      10
/opt/airflow/dags/local_evidence_build.py     2741  0.03s             1           0  1.31s           2026-06-02T06:13:33                      10
================================================================================
[2026-06-02T06:14:33.809+0000] {manager.py:997} INFO - 
================================================================================
DAG File Processing Stats

File Path                                    PID    Runtime      # DAGs    # Errors  Last Runtime    Last Run               Last # of DB Queries
-------------------------------------------  -----  ---------  --------  ----------  --------------  -------------------  ----------------------
/opt/airflow/dags/local_evidence_build.py                             1           0  2.36s           2026-06-02T06:14:06                      10
/opt/airflow/dags/datahub_ingestion.py                                1           0  2.34s           2026-06-02T06:14:06                      10
/opt/airflow/dags/kafka_topic_bootstrap.py                            1           0  1.64s           2026-06-02T06:14:12                      10
/opt/airflow/dags/reconciliation_report.py                            1           0  1.53s           2026-06-02T06:14:10                      12
/opt/airflow/dags/hourly_batch_lakehouse.py                           1           0  1.46s           2026-06-02T06:14:10                      12
/opt/airflow/dags/pinot_bootstrap.py                                  1           0  1.43s           2026-06-02T06:14:12                      10
================================================================================
[2026-06-02T06:15:03.844+0000] {manager.py:997} INFO - 
================================================================================
DAG File Processing Stats

File Path                                    PID    Runtime      # DAGs    # Errors  Last Runtime    Last Run               Last # of DB Queries
-------------------------------------------  -----  ---------  --------  ----------  --------------  -------------------  ----------------------
/opt/airflow/dags/local_evidence_build.py                             1           0  6.27s           2026-06-02T06:14:42                      10
/opt/airflow/dags/datahub_ingestion.py                                1           0  6.22s           2026-06-02T06:14:42                      10
/opt/airflow/dags/hourly_batch_lakehouse.py                           1           0  1.80s           2026-06-02T06:14:44                      12
/opt/airflow/dags/reconciliation_report.py                            1           0  1.61s           2026-06-02T06:14:45                      12
/opt/airflow/dags/kafka_topic_bootstrap.py                            1           0  1.50s           2026-06-02T06:14:45                      10
/opt/airflow/dags/pinot_bootstrap.py                                  1           0  1.38s           2026-06-02T06:14:46                      10
================================================================================
[2026-06-02T06:15:34.369+0000] {manager.py:997} INFO - 
================================================================================
DAG File Processing Stats

File Path                                    PID    Runtime      # DAGs    # Errors  Last Runtime    Last Run               Last # of DB Queries
-------------------------------------------  -----  ---------  --------  ----------  --------------  -------------------  ----------------------
/opt/airflow/dags/local_evidence_build.py                             1           0  2.25s           2026-06-02T06:15:15                      10
/opt/airflow/dags/datahub_ingestion.py                                1           0  2.22s           2026-06-02T06:15:15                      10
/opt/airflow/dags/hourly_batch_lakehouse.py                           1           0  1.73s           2026-06-02T06:15:17                      12
/opt/airflow/dags/reconciliation_report.py                            1           0  1.50s           2026-06-02T06:15:17                      12
/opt/airflow/dags/kafka_topic_bootstrap.py                            1           0  1.44s           2026-06-02T06:15:18                      10
/opt/airflow/dags/pinot_bootstrap.py                                  1           0  1.42s           2026-06-02T06:15:19                      10
================================================================================
[2026-06-02T06:16:04.913+0000] {manager.py:997} INFO - 
================================================================================
DAG File Processing Stats

File Path                                    PID    Runtime      # DAGs    # Errors  Last Runtime    Last Run               Last # of DB Queries
-------------------------------------------  -----  ---------  --------  ----------  --------------  -------------------  ----------------------
/opt/airflow/dags/kafka_topic_bootstrap.py                            1           0  1.60s           2026-06-02T06:15:50                      10
/opt/airflow/dags/pinot_bootstrap.py                                  1           0  1.52s           2026-06-02T06:15:50                      10
/opt/airflow/dags/reconciliation_report.py                            1           0  1.51s           2026-06-02T06:15:49                      12
/opt/airflow/dags/hourly_batch_lakehouse.py                           1           0  1.47s           2026-06-02T06:15:49                      12
/opt/airflow/dags/local_evidence_build.py                             1           0  1.21s           2026-06-02T06:15:46                      10
/opt/airflow/dags/datahub_ingestion.py                                1           0  1.20s           2026-06-02T06:15:46                      10
================================================================================
[2026-06-02T06:16:34.913+0000] {manager.py:997} INFO - 
================================================================================
DAG File Processing Stats

File Path                                    PID    Runtime      # DAGs    # Errors  Last Runtime    Last Run               Last # of DB Queries
-------------------------------------------  -----  ---------  --------  ----------  --------------  -------------------  ----------------------
/opt/airflow/dags/hourly_batch_lakehouse.py                           1           0  1.31s           2026-06-02T06:16:20                      12
/opt/airflow/dags/local_evidence_build.py                             1           0  1.29s           2026-06-02T06:16:18                      10
/opt/airflow/dags/datahub_ingestion.py                                1           0  1.29s           2026-06-02T06:16:18                      10
/opt/airflow/dags/reconciliation_report.py                            1           0  1.19s           2026-06-02T06:16:20                      12
/opt/airflow/dags/kafka_topic_bootstrap.py                            1           0  1.11s           2026-06-02T06:16:22                      10
/opt/airflow/dags/pinot_bootstrap.py                                  1           0  1.08s           2026-06-02T06:16:22                      10
================================================================================
[2026-06-02T06:17:05.086+0000] {manager.py:997} INFO - 
================================================================================
DAG File Processing Stats

File Path                                    PID    Runtime      # DAGs    # Errors  Last Runtime    Last Run               Last # of DB Queries
-------------------------------------------  -----  ---------  --------  ----------  --------------  -------------------  ----------------------
/opt/airflow/dags/local_evidence_build.py                             1           0  1.16s           2026-06-02T06:16:50                      10
/opt/airflow/dags/kafka_topic_bootstrap.py                            1           0  1.14s           2026-06-02T06:16:54                      10
/opt/airflow/dags/datahub_ingestion.py                                1           0  1.13s           2026-06-02T06:16:50                      10
/opt/airflow/dags/hourly_batch_lakehouse.py                           1           0  1.13s           2026-06-02T06:16:52                      12
/opt/airflow/dags/reconciliation_report.py                            1           0  1.13s           2026-06-02T06:16:52                      12
/opt/airflow/dags/pinot_bootstrap.py                                  1           0  1.10s           2026-06-02T06:16:54                      10
================================================================================
[2026-06-02T06:17:35.597+0000] {manager.py:997} INFO - 
================================================================================
DAG File Processing Stats

File Path                                    PID    Runtime      # DAGs    # Errors  Last Runtime    Last Run               Last # of DB Queries
-------------------------------------------  -----  ---------  --------  ----------  --------------  -------------------  ----------------------
/opt/airflow/dags/kafka_topic_bootstrap.py                            1           0  1.60s           2026-06-02T06:17:26                      10
/opt/airflow/dags/pinot_bootstrap.py                                  1           0  1.55s           2026-06-02T06:17:26                      10
/opt/airflow/dags/reconciliation_report.py                            1           0  1.37s           2026-06-02T06:17:23                      12
/opt/airflow/dags/hourly_batch_lakehouse.py                           1           0  1.33s           2026-06-02T06:17:23                      12
/opt/airflow/dags/datahub_ingestion.py                                1           0  1.15s           2026-06-02T06:17:21                      10
/opt/airflow/dags/local_evidence_build.py                             1           0  1.15s           2026-06-02T06:17:21                      10
================================================================================
[2026-06-02T06:18:06.284+0000] {manager.py:997} INFO - 
================================================================================
DAG File Processing Stats

File Path                                    PID    Runtime      # DAGs    # Errors  Last Runtime    Last Run               Last # of DB Queries
-------------------------------------------  -----  ---------  --------  ----------  --------------  -------------------  ----------------------
/opt/airflow/dags/local_evidence_build.py                             1           0  1.30s           2026-06-02T06:17:53                      10
/opt/airflow/dags/kafka_topic_bootstrap.py                            1           0  1.28s           2026-06-02T06:17:58                      10
/opt/airflow/dags/datahub_ingestion.py                                1           0  1.26s           2026-06-02T06:17:53                      10
/opt/airflow/dags/pinot_bootstrap.py                                  1           0  1.25s           2026-06-02T06:17:58                      10
/opt/airflow/dags/reconciliation_report.py                            1           0  1.17s           2026-06-02T06:17:55                      12
/opt/airflow/dags/hourly_batch_lakehouse.py                           1           0  1.13s           2026-06-02T06:17:55                      12
================================================================================
[2026-06-02T06:18:36.553+0000] {manager.py:997} INFO - 
================================================================================
DAG File Processing Stats

File Path                                    PID    Runtime      # DAGs    # Errors  Last Runtime    Last Run               Last # of DB Queries
-------------------------------------------  -----  ---------  --------  ----------  --------------  -------------------  ----------------------
/opt/airflow/dags/kafka_topic_bootstrap.py                            1           0  1.36s           2026-06-02T06:18:31                      10
/opt/airflow/dags/reconciliation_report.py                            1           0  1.26s           2026-06-02T06:18:30                      34
/opt/airflow/dags/hourly_batch_lakehouse.py                           1           0  1.23s           2026-06-02T06:18:30                      34
/opt/airflow/dags/pinot_bootstrap.py                                  1           0  1.20s           2026-06-02T06:18:32                      10
/opt/airflow/dags/local_evidence_build.py                             1           0  1.20s           2026-06-02T06:18:24                      10
/opt/airflow/dags/datahub_ingestion.py                                1           0  1.18s           2026-06-02T06:18:24                      10
================================================================================
[2026-06-02T06:18:55.449+0000] {manager.py:821} INFO - Searching for files in /opt/airflow/dags
[2026-06-02T06:18:55.501+0000] {manager.py:824} INFO - There are 6 files in /opt/airflow/dags
[2026-06-02T06:19:06.053+0000] {manager.py:465} INFO - Exiting gracefully upon receiving signal 15
[2026-06-02T06:20:01.248+0000] {manager.py:483} INFO - Processing files using up to 2 processes at a time 
[2026-06-02T06:20:01.249+0000] {manager.py:484} INFO - Process each file at most once every 30 seconds
[2026-06-02T06:20:01.249+0000] {manager.py:485} INFO - Checking for new files in /opt/airflow/dags every 300 seconds
[2026-06-02T06:20:01.250+0000] {manager.py:821} INFO - Searching for files in /opt/airflow/dags
[2026-06-02T06:20:01.299+0000] {manager.py:824} INFO - There are 6 files in /opt/airflow/dags
[2026-06-02T06:20:01.450+0000] {manager.py:997} INFO - 
================================================================================
DAG File Processing Stats

File Path                                      PID  Runtime      # DAGs    # Errors  Last Runtime    Last Run      Last # of DB Queries
-------------------------------------------  -----  ---------  --------  ----------  --------------  ----------  ----------------------
/opt/airflow/dags/datahub_ingestion.py                                0           0                                                   0
/opt/airflow/dags/hourly_batch_lakehouse.py    197  0.03s             0           0                                                   0
/opt/airflow/dags/kafka_topic_bootstrap.py                            0           0                                                   0
/opt/airflow/dags/local_evidence_build.py                             0           0                                                   0
/opt/airflow/dags/pinot_bootstrap.py                                  0           0                                                   0
/opt/airflow/dags/reconciliation_report.py     194  0.04s             0           0                                                   0
================================================================================
[2026-06-02T06:20:31.908+0000] {manager.py:997} INFO - 
================================================================================
DAG File Processing Stats

File Path                                    PID    Runtime      # DAGs    # Errors  Last Runtime    Last Run               Last # of DB Queries
-------------------------------------------  -----  ---------  --------  ----------  --------------  -------------------  ----------------------
/opt/airflow/dags/local_evidence_build.py                             1           0  1.54s           2026-06-02T06:20:04                      10
/opt/airflow/dags/pinot_bootstrap.py                                  1           0  1.52s           2026-06-02T06:20:06                      10
/opt/airflow/dags/datahub_ingestion.py                                1           0  1.49s           2026-06-02T06:20:04                      10
/opt/airflow/dags/reconciliation_report.py                            1           0  1.47s           2026-06-02T06:20:02                      12
/opt/airflow/dags/hourly_batch_lakehouse.py                           1           0  1.43s           2026-06-02T06:20:02                      12
/opt/airflow/dags/kafka_topic_bootstrap.py                            1           0  1.39s           2026-06-02T06:20:05                      10
================================================================================
[2026-06-02T06:21:02.803+0000] {manager.py:997} INFO - 
================================================================================
DAG File Processing Stats

File Path                                    PID    Runtime      # DAGs    # Errors  Last Runtime    Last Run               Last # of DB Queries
-------------------------------------------  -----  ---------  --------  ----------  --------------  -------------------  ----------------------
/opt/airflow/dags/pinot_bootstrap.py                                  1           0  1.25s           2026-06-02T06:20:38                      10
/opt/airflow/dags/kafka_topic_bootstrap.py                            1           0  1.24s           2026-06-02T06:20:37                      10
/opt/airflow/dags/local_evidence_build.py                             1           0  1.13s           2026-06-02T06:20:36                      10
/opt/airflow/dags/datahub_ingestion.py                                1           0  1.09s           2026-06-02T06:20:36                      10
/opt/airflow/dags/reconciliation_report.py                            1           0  1.09s           2026-06-02T06:20:34                      12
/opt/airflow/dags/hourly_batch_lakehouse.py                           1           0  1.07s           2026-06-02T06:20:34                      12
================================================================================
[2026-06-02T06:21:32.843+0000] {manager.py:997} INFO - 
================================================================================
DAG File Processing Stats

File Path                                    PID    Runtime      # DAGs    # Errors  Last Runtime    Last Run               Last # of DB Queries
-------------------------------------------  -----  ---------  --------  ----------  --------------  -------------------  ----------------------
/opt/airflow/dags/pinot_bootstrap.py                                  1           0  1.60s           2026-06-02T06:21:10                      10
/opt/airflow/dags/kafka_topic_bootstrap.py                            1           0  1.38s           2026-06-02T06:21:09                      10
/opt/airflow/dags/reconciliation_report.py                            1           0  1.22s           2026-06-02T06:21:06                      12
/opt/airflow/dags/hourly_batch_lakehouse.py                           1           0  1.18s           2026-06-02T06:21:06                      12
/opt/airflow/dags/datahub_ingestion.py                                1           0  1.14s           2026-06-02T06:21:08                      10
/opt/airflow/dags/local_evidence_build.py                             1           0  1.13s           2026-06-02T06:21:08                      10
================================================================================
[2026-06-02T06:22:03.539+0000] {manager.py:997} INFO - 
================================================================================
DAG File Processing Stats

File Path                                    PID    Runtime      # DAGs    # Errors  Last Runtime    Last Run               Last # of DB Queries
-------------------------------------------  -----  ---------  --------  ----------  --------------  -------------------  ----------------------
/opt/airflow/dags/pinot_bootstrap.py                                  1           0  1.18s           2026-06-02T06:21:42                      10
/opt/airflow/dags/kafka_topic_bootstrap.py                            1           0  1.18s           2026-06-02T06:21:41                      10
/opt/airflow/dags/datahub_ingestion.py                                1           0  1.05s           2026-06-02T06:21:40                      10
/opt/airflow/dags/local_evidence_build.py                             1           0  1.02s           2026-06-02T06:21:39                      10
/opt/airflow/dags/reconciliation_report.py                            1           0  1.01s           2026-06-02T06:21:37                      12
/opt/airflow/dags/hourly_batch_lakehouse.py                           1           0  1.00s           2026-06-02T06:21:37                      12
================================================================================
[2026-06-02T06:22:34.187+0000] {manager.py:997} INFO - 
================================================================================
DAG File Processing Stats

File Path                                    PID    Runtime      # DAGs    # Errors  Last Runtime    Last Run               Last # of DB Queries
-------------------------------------------  -----  ---------  --------  ----------  --------------  -------------------  ----------------------
/opt/airflow/dags/reconciliation_report.py                            1           0  1.65s           2026-06-02T06:22:10                      12
/opt/airflow/dags/hourly_batch_lakehouse.py                           1           0  1.56s           2026-06-02T06:22:10                      12
/opt/airflow/dags/local_evidence_build.py                             1           0  1.34s           2026-06-02T06:22:11                      10
/opt/airflow/dags/pinot_bootstrap.py                                  1           0  1.33s           2026-06-02T06:22:14                      10
/opt/airflow/dags/datahub_ingestion.py                                1           0  1.27s           2026-06-02T06:22:12                      10
/opt/airflow/dags/kafka_topic_bootstrap.py                            1           0  1.19s           2026-06-02T06:22:12                      10
================================================================================
[2026-06-02T06:23:04.263+0000] {manager.py:997} INFO - 
================================================================================
DAG File Processing Stats

File Path                                    PID    Runtime      # DAGs    # Errors  Last Runtime    Last Run               Last # of DB Queries
-------------------------------------------  -----  ---------  --------  ----------  --------------  -------------------  ----------------------
/opt/airflow/dags/pinot_bootstrap.py                                  1           0  1.94s           2026-06-02T06:22:46                      10
/opt/airflow/dags/kafka_topic_bootstrap.py                            1           0  1.84s           2026-06-02T06:22:45                      10
/opt/airflow/dags/hourly_batch_lakehouse.py                           1           0  1.80s           2026-06-02T06:22:42                      12
/opt/airflow/dags/local_evidence_build.py                             1           0  1.76s           2026-06-02T06:22:43                      10
/opt/airflow/dags/datahub_ingestion.py                                1           0  1.75s           2026-06-02T06:22:44                      10
/opt/airflow/dags/reconciliation_report.py                            1           0  1.73s           2026-06-02T06:22:42                      12
================================================================================
[2026-06-02T06:23:34.605+0000] {manager.py:997} INFO - 
================================================================================
DAG File Processing Stats

File Path                                    PID    Runtime      # DAGs    # Errors  Last Runtime    Last Run               Last # of DB Queries
-------------------------------------------  -----  ---------  --------  ----------  --------------  -------------------  ----------------------
/opt/airflow/dags/local_evidence_build.py                             1           0  5.38s           2026-06-02T06:23:20                      10
/opt/airflow/dags/datahub_ingestion.py                                1           0  4.94s           2026-06-02T06:23:20                      10
/opt/airflow/dags/hourly_batch_lakehouse.py                           1           0  2.85s           2026-06-02T06:23:15                      12
/opt/airflow/dags/reconciliation_report.py                            1           0  2.82s           2026-06-02T06:23:15                      12
/opt/airflow/dags/pinot_bootstrap.py                                  1           0  1.94s           2026-06-02T06:23:22                      10
/opt/airflow/dags/kafka_topic_bootstrap.py                            1           0  1.93s           2026-06-02T06:23:22                      10
================================================================================
[2026-06-02T06:24:04.849+0000] {manager.py:997} INFO - 
================================================================================
DAG File Processing Stats

File Path                                    PID    Runtime      # DAGs    # Errors  Last Runtime    Last Run               Last # of DB Queries
-------------------------------------------  -----  ---------  --------  ----------  --------------  -------------------  ----------------------
/opt/airflow/dags/hourly_batch_lakehouse.py                           1           0  1.49s           2026-06-02T06:23:47                      12
/opt/airflow/dags/reconciliation_report.py                            1           0  1.46s           2026-06-02T06:23:47                      12
/opt/airflow/dags/local_evidence_build.py                             1           0  1.33s           2026-06-02T06:23:52                      10
/opt/airflow/dags/datahub_ingestion.py                                1           0  1.33s           2026-06-02T06:23:52                      10
/opt/airflow/dags/pinot_bootstrap.py                                  1           0  1.31s           2026-06-02T06:23:54                      10
/opt/airflow/dags/kafka_topic_bootstrap.py                            1           0  1.30s           2026-06-02T06:23:54                      10
================================================================================
[2026-06-02T06:24:35.535+0000] {manager.py:997} INFO - 
================================================================================
DAG File Processing Stats

File Path                                    PID    Runtime      # DAGs    # Errors  Last Runtime    Last Run               Last # of DB Queries
-------------------------------------------  -----  ---------  --------  ----------  --------------  -------------------  ----------------------
/opt/airflow/dags/kafka_topic_bootstrap.py                            1           0  1.22s           2026-06-02T06:24:26                      10
/opt/airflow/dags/pinot_bootstrap.py                                  1           0  1.21s           2026-06-02T06:24:26                      10
/opt/airflow/dags/datahub_ingestion.py                                1           0  1.18s           2026-06-02T06:24:24                      10
/opt/airflow/dags/local_evidence_build.py                             1           0  1.17s           2026-06-02T06:24:24                      10
/opt/airflow/dags/reconciliation_report.py                            1           0  1.13s           2026-06-02T06:24:19                      12
/opt/airflow/dags/hourly_batch_lakehouse.py                           1           0  1.12s           2026-06-02T06:24:19                      12
================================================================================
[2026-06-02T06:25:01.460+0000] {manager.py:821} INFO - Searching for files in /opt/airflow/dags
[2026-06-02T06:25:01.517+0000] {manager.py:824} INFO - There are 6 files in /opt/airflow/dags
[2026-06-02T06:25:05.610+0000] {manager.py:997} INFO - 
================================================================================
DAG File Processing Stats

File Path                                    PID    Runtime      # DAGs    # Errors  Last Runtime    Last Run               Last # of DB Queries
-------------------------------------------  -----  ---------  --------  ----------  --------------  -------------------  ----------------------
/opt/airflow/dags/pinot_bootstrap.py                                  1           0  1.55s           2026-06-02T06:24:58                      10
/opt/airflow/dags/kafka_topic_bootstrap.py                            1           0  1.52s           2026-06-02T06:24:58                      10
/opt/airflow/dags/local_evidence_build.py                             1           0  1.37s           2026-06-02T06:24:56                      10
/opt/airflow/dags/datahub_ingestion.py                                1           0  1.33s           2026-06-02T06:24:56                      10
/opt/airflow/dags/reconciliation_report.py                            1           0  1.25s           2026-06-02T06:24:51                      12
/opt/airflow/dags/hourly_batch_lakehouse.py                           1           0  1.25s           2026-06-02T06:24:51                      12
================================================================================
[2026-06-02T06:25:36.198+0000] {manager.py:997} INFO - 
================================================================================
DAG File Processing Stats

File Path                                    PID    Runtime      # DAGs    # Errors  Last Runtime    Last Run               Last # of DB Queries
-------------------------------------------  -----  ---------  --------  ----------  --------------  -------------------  ----------------------
/opt/airflow/dags/reconciliation_report.py                            1           0  1.60s           2026-06-02T06:25:22                      12
/opt/airflow/dags/hourly_batch_lakehouse.py                           1           0  1.55s           2026-06-02T06:25:22                      12
/opt/airflow/dags/local_evidence_build.py                             1           0  1.36s           2026-06-02T06:25:28                      10
/opt/airflow/dags/datahub_ingestion.py                                1           0  1.34s           2026-06-02T06:25:28                      10
/opt/airflow/dags/kafka_topic_bootstrap.py                            1           0  1.33s           2026-06-02T06:25:30                      10
/opt/airflow/dags/pinot_bootstrap.py                                  1           0  1.31s           2026-06-02T06:25:30                      10
================================================================================
[2026-06-02T06:26:06.295+0000] {manager.py:997} INFO - 
================================================================================
DAG File Processing Stats

File Path                                    PID    Runtime      # DAGs    # Errors  Last Runtime    Last Run               Last # of DB Queries
-------------------------------------------  -----  ---------  --------  ----------  --------------  -------------------  ----------------------
/opt/airflow/dags/reconciliation_report.py                            1           0  1.42s           2026-06-02T06:25:54                      12
/opt/airflow/dags/hourly_batch_lakehouse.py                           1           0  1.39s           2026-06-02T06:25:54                      12
/opt/airflow/dags/pinot_bootstrap.py                                  1           0  1.32s           2026-06-02T06:26:02                      10
/opt/airflow/dags/kafka_topic_bootstrap.py                            1           0  1.32s           2026-06-02T06:26:02                      10
/opt/airflow/dags/local_evidence_build.py                             1           0  1.27s           2026-06-02T06:26:00                      10
/opt/airflow/dags/datahub_ingestion.py                                1           0  1.26s           2026-06-02T06:26:00                      10
================================================================================
[2026-06-02T06:26:36.780+0000] {manager.py:997} INFO - 
================================================================================
DAG File Processing Stats

File Path                                    PID    Runtime      # DAGs    # Errors  Last Runtime    Last Run               Last # of DB Queries
-------------------------------------------  -----  ---------  --------  ----------  --------------  -------------------  ----------------------
/opt/airflow/dags/reconciliation_report.py                            1           0  1.11s           2026-06-02T06:26:26                      12
/opt/airflow/dags/hourly_batch_lakehouse.py                           1           0  1.09s           2026-06-02T06:26:26                      12
/opt/airflow/dags/kafka_topic_bootstrap.py                            1           0  1.04s           2026-06-02T06:26:33                      10
/opt/airflow/dags/pinot_bootstrap.py                                  1           0  1.02s           2026-06-02T06:26:33                      10
/opt/airflow/dags/local_evidence_build.py                             1           0  1.00s           2026-06-02T06:26:31                      10
/opt/airflow/dags/datahub_ingestion.py                                1           0  0.97s           2026-06-02T06:26:31                      10
================================================================================
[2026-06-02T06:27:07.407+0000] {manager.py:997} INFO - 
================================================================================
DAG File Processing Stats

File Path                                    PID    Runtime      # DAGs    # Errors  Last Runtime    Last Run               Last # of DB Queries
-------------------------------------------  -----  ---------  --------  ----------  --------------  -------------------  ----------------------
/opt/airflow/dags/reconciliation_report.py                            1           0  1.23s           2026-06-02T06:26:58                      12
/opt/airflow/dags/hourly_batch_lakehouse.py                           1           0  1.20s           2026-06-02T06:26:58                      12
/opt/airflow/dags/kafka_topic_bootstrap.py                            1           0  1.14s           2026-06-02T06:27:05                      10
/opt/airflow/dags/local_evidence_build.py                             1           0  1.10s           2026-06-02T06:27:03                      10
/opt/airflow/dags/pinot_bootstrap.py                                  1           0  1.10s           2026-06-02T06:27:05                      10
/opt/airflow/dags/datahub_ingestion.py                                1           0  1.07s           2026-06-02T06:27:03                      10
================================================================================
[2026-06-02T06:27:37.999+0000] {manager.py:997} INFO - 
================================================================================
DAG File Processing Stats

File Path                                    PID    Runtime      # DAGs    # Errors  Last Runtime    Last Run               Last # of DB Queries
-------------------------------------------  -----  ---------  --------  ----------  --------------  -------------------  ----------------------
/opt/airflow/dags/kafka_topic_bootstrap.py                            1           0  1.81s           2026-06-02T06:27:37                      10
/opt/airflow/dags/pinot_bootstrap.py                                  1           0  1.74s           2026-06-02T06:27:37                      10
/opt/airflow/dags/local_evidence_build.py                             1           0  1.25s           2026-06-02T06:27:35                      10
/opt/airflow/dags/datahub_ingestion.py                                1           0  1.20s           2026-06-02T06:27:35                      10
/opt/airflow/dags/reconciliation_report.py                            1           0  1.17s           2026-06-02T06:27:29                      12
/opt/airflow/dags/hourly_batch_lakehouse.py                           1           0  1.17s           2026-06-02T06:27:29                      12
================================================================================
[2026-06-02T06:28:08.559+0000] {manager.py:997} INFO - 
================================================================================
DAG File Processing Stats

File Path                                      PID  Runtime      # DAGs    # Errors  Last Runtime    Last Run               Last # of DB Queries
-------------------------------------------  -----  ---------  --------  ----------  --------------  -------------------  ----------------------
/opt/airflow/dags/kafka_topic_bootstrap.py    2294  0.03s             1           0  1.81s           2026-06-02T06:27:37                      10
/opt/airflow/dags/datahub_ingestion.py                                1           0  1.78s           2026-06-02T06:28:07                      10
/opt/airflow/dags/local_evidence_build.py                             1           0  1.75s           2026-06-02T06:28:07                      10
/opt/airflow/dags/pinot_bootstrap.py          2297  0.01s             1           0  1.74s           2026-06-02T06:27:37                      10
/opt/airflow/dags/reconciliation_report.py                            1           0  1.41s           2026-06-02T06:28:01                      12
/opt/airflow/dags/hourly_batch_lakehouse.py                           1           0  1.37s           2026-06-02T06:28:01                      12
================================================================================
[2026-06-02T06:28:38.759+0000] {manager.py:997} INFO - 
================================================================================
DAG File Processing Stats

File Path                                      PID  Runtime      # DAGs    # Errors  Last Runtime    Last Run               Last # of DB Queries
-------------------------------------------  -----  ---------  --------  ----------  --------------  -------------------  ----------------------
/opt/airflow/dags/datahub_ingestion.py        2391  0.33s             1           0  1.78s           2026-06-02T06:28:07                      10
/opt/airflow/dags/kafka_topic_bootstrap.py                            1           0  1.61s           2026-06-02T06:28:10                      10
/opt/airflow/dags/pinot_bootstrap.py                                  1           0  1.57s           2026-06-02T06:28:10                      10
/opt/airflow/dags/local_evidence_build.py                             1           0  1.27s           2026-06-02T06:28:38                      10
/opt/airflow/dags/reconciliation_report.py                            1           0  1.12s           2026-06-02T06:28:33                      12
/opt/airflow/dags/hourly_batch_lakehouse.py                           1           0  1.09s           2026-06-02T06:28:33                      12
================================================================================
[2026-06-02T06:29:09.314+0000] {manager.py:997} INFO - 
================================================================================
DAG File Processing Stats

File Path                                      PID  Runtime      # DAGs    # Errors  Last Runtime    Last Run               Last # of DB Queries
-------------------------------------------  -----  ---------  --------  ----------  --------------  -------------------  ----------------------
/opt/airflow/dags/datahub_ingestion.py                                1           0  1.51s           2026-06-02T06:28:39                      10
/opt/airflow/dags/local_evidence_build.py     2522  0.01s             1           0  1.27s           2026-06-02T06:28:38                      10
/opt/airflow/dags/kafka_topic_bootstrap.py                            1           0  1.17s           2026-06-02T06:28:41                      10
/opt/airflow/dags/pinot_bootstrap.py                                  1           0  1.13s           2026-06-02T06:28:41                      10
/opt/airflow/dags/reconciliation_report.py                            1           0  1.07s           2026-06-02T06:29:05                      12
/opt/airflow/dags/hourly_batch_lakehouse.py                           1           0  1.03s           2026-06-02T06:29:05                      12
================================================================================
[2026-06-02T06:29:39.717+0000] {manager.py:997} INFO - 
================================================================================
DAG File Processing Stats

File Path                                    PID    Runtime      # DAGs    # Errors  Last Runtime    Last Run               Last # of DB Queries
-------------------------------------------  -----  ---------  --------  ----------  --------------  -------------------  ----------------------
/opt/airflow/dags/reconciliation_report.py                            1           0  1.49s           2026-06-02T06:29:37                      12
/opt/airflow/dags/hourly_batch_lakehouse.py                           1           0  1.47s           2026-06-02T06:29:37                      12
/opt/airflow/dags/datahub_ingestion.py                                1           0  1.29s           2026-06-02T06:29:11                      10
/opt/airflow/dags/local_evidence_build.py                             1           0  1.23s           2026-06-02T06:29:10                      10
/opt/airflow/dags/pinot_bootstrap.py                                  1           0  1.22s           2026-06-02T06:29:13                      10
/opt/airflow/dags/kafka_topic_bootstrap.py                            1           0  1.19s           2026-06-02T06:29:13                      10
================================================================================
[2026-06-02T06:30:01.526+0000] {manager.py:821} INFO - Searching for files in /opt/airflow/dags
[2026-06-02T06:30:01.590+0000] {manager.py:824} INFO - There are 6 files in /opt/airflow/dags
[2026-06-02T06:30:09.839+0000] {manager.py:997} INFO - 
================================================================================
DAG File Processing Stats

File Path                                    PID    Runtime      # DAGs    # Errors  Last Runtime    Last Run               Last # of DB Queries
-------------------------------------------  -----  ---------  --------  ----------  --------------  -------------------  ----------------------
/opt/airflow/dags/reconciliation_report.py                            1           0  1.60s           2026-06-02T06:30:09                      12
/opt/airflow/dags/hourly_batch_lakehouse.py                           1           0  1.60s           2026-06-02T06:30:09                      12
/opt/airflow/dags/kafka_topic_bootstrap.py                            1           0  1.41s           2026-06-02T06:29:45                      10
/opt/airflow/dags/pinot_bootstrap.py                                  1           0  1.35s           2026-06-02T06:29:45                      10
/opt/airflow/dags/datahub_ingestion.py                                1           0  1.27s           2026-06-02T06:29:43                      10
/opt/airflow/dags/local_evidence_build.py                             1           0  1.26s           2026-06-02T06:29:42                      10
================================================================================
[2026-06-02T06:30:39.949+0000] {manager.py:997} INFO - 
================================================================================
DAG File Processing Stats

File Path                                      PID  Runtime      # DAGs    # Errors  Last Runtime    Last Run               Last # of DB Queries
-------------------------------------------  -----  ---------  --------  ----------  --------------  -------------------  ----------------------
/opt/airflow/dags/reconciliation_report.py    2876  0.02s             1           0  1.60s           2026-06-02T06:30:09                      12
/opt/airflow/dags/hourly_batch_lakehouse.py   2879  0.01s             1           0  1.60s           2026-06-02T06:30:09                      12
/opt/airflow/dags/local_evidence_build.py                             1           0  1.46s           2026-06-02T06:30:13                      10
/opt/airflow/dags/datahub_ingestion.py                                1           0  1.37s           2026-06-02T06:30:14                      10
/opt/airflow/dags/kafka_topic_bootstrap.py                            1           0  1.35s           2026-06-02T06:30:16                      10
/opt/airflow/dags/pinot_bootstrap.py                                  1           0  1.29s           2026-06-02T06:30:16                      10
================================================================================
[2026-06-02T06:31:10.143+0000] {manager.py:997} INFO - 
================================================================================
DAG File Processing Stats

File Path                                    PID    Runtime      # DAGs    # Errors  Last Runtime    Last Run               Last # of DB Queries
-------------------------------------------  -----  ---------  --------  ----------  --------------  -------------------  ----------------------
/opt/airflow/dags/reconciliation_report.py                            1           0  1.70s           2026-06-02T06:30:41                      12
/opt/airflow/dags/hourly_batch_lakehouse.py                           1           0  1.67s           2026-06-02T06:30:41                      12
/opt/airflow/dags/local_evidence_build.py                             1           0  1.44s           2026-06-02T06:30:45                      10
/opt/airflow/dags/datahub_ingestion.py                                1           0  1.35s           2026-06-02T06:30:46                      10
/opt/airflow/dags/kafka_topic_bootstrap.py                            1           0  1.26s           2026-06-02T06:30:48                      10
/opt/airflow/dags/pinot_bootstrap.py                                  1           0  1.22s           2026-06-02T06:30:48                      10
================================================================================
[2026-06-02T06:31:40.879+0000] {manager.py:997} INFO - 
================================================================================
DAG File Processing Stats

File Path                                    PID    Runtime      # DAGs    # Errors  Last Runtime    Last Run               Last # of DB Queries
-------------------------------------------  -----  ---------  --------  ----------  --------------  -------------------  ----------------------
/opt/airflow/dags/local_evidence_build.py                             1           0  1.38s           2026-06-02T06:31:17                      10
/opt/airflow/dags/datahub_ingestion.py                                1           0  1.26s           2026-06-02T06:31:18                      10
/opt/airflow/dags/reconciliation_report.py                            1           0  1.22s           2026-06-02T06:31:13                      12
/opt/airflow/dags/hourly_batch_lakehouse.py                           1           0  1.21s           2026-06-02T06:31:13                      12
/opt/airflow/dags/kafka_topic_bootstrap.py                            1           0  1.09s           2026-06-02T06:31:20                      10
/opt/airflow/dags/pinot_bootstrap.py                                  1           0  1.09s           2026-06-02T06:31:20                      10
================================================================================
[2026-06-02T06:32:11.016+0000] {manager.py:997} INFO - 
================================================================================
DAG File Processing Stats

File Path                                    PID    Runtime      # DAGs    # Errors  Last Runtime    Last Run               Last # of DB Queries
-------------------------------------------  -----  ---------  --------  ----------  --------------  -------------------  ----------------------
/opt/airflow/dags/kafka_topic_bootstrap.py                            1           0  1.58s           2026-06-02T06:31:52                      10
/opt/airflow/dags/pinot_bootstrap.py                                  1           0  1.54s           2026-06-02T06:31:52                      10
/opt/airflow/dags/local_evidence_build.py                             1           0  1.53s           2026-06-02T06:31:49                      10
/opt/airflow/dags/datahub_ingestion.py                                1           0  1.26s           2026-06-02T06:31:50                      10
/opt/airflow/dags/reconciliation_report.py                            1           0  1.02s           2026-06-02T06:31:44                      12
/opt/airflow/dags/hourly_batch_lakehouse.py                           1           0  1.02s           2026-06-02T06:31:44                      12
================================================================================
[2026-06-02T06:32:41.690+0000] {manager.py:997} INFO - 
================================================================================
DAG File Processing Stats

File Path                                    PID    Runtime      # DAGs    # Errors  Last Runtime    Last Run               Last # of DB Queries
-------------------------------------------  -----  ---------  --------  ----------  --------------  -------------------  ----------------------
/opt/airflow/dags/reconciliation_report.py                            1           0  1.27s           2026-06-02T06:32:16                      12
/opt/airflow/dags/hourly_batch_lakehouse.py                           1           0  1.26s           2026-06-02T06:32:16                      12
/opt/airflow/dags/datahub_ingestion.py                                1           0  1.22s           2026-06-02T06:32:21                      10
/opt/airflow/dags/kafka_topic_bootstrap.py                            1           0  1.20s           2026-06-02T06:32:24                      10
/opt/airflow/dags/local_evidence_build.py                             1           0  1.18s           2026-06-02T06:32:21                      10
/opt/airflow/dags/pinot_bootstrap.py                                  1           0  1.17s           2026-06-02T06:32:24                      10
================================================================================
[2026-06-02T06:33:12.440+0000] {manager.py:997} INFO - 
================================================================================
DAG File Processing Stats

File Path                                    PID    Runtime      # DAGs    # Errors  Last Runtime    Last Run               Last # of DB Queries
-------------------------------------------  -----  ---------  --------  ----------  --------------  -------------------  ----------------------
/opt/airflow/dags/reconciliation_report.py                            1           0  1.34s           2026-06-02T06:32:48                      12
/opt/airflow/dags/hourly_batch_lakehouse.py                           1           0  1.34s           2026-06-02T06:32:48                      12
/opt/airflow/dags/pinot_bootstrap.py                                  1           0  1.10s           2026-06-02T06:32:56                      10
/opt/airflow/dags/kafka_topic_bootstrap.py                            1           0  1.09s           2026-06-02T06:32:56                      10
/opt/airflow/dags/local_evidence_build.py                             1           0  1.04s           2026-06-02T06:32:53                      10
/opt/airflow/dags/datahub_ingestion.py                                1           0  1.03s           2026-06-02T06:32:53                      10
================================================================================
[2026-06-02T06:33:42.791+0000] {manager.py:997} INFO - 
================================================================================
DAG File Processing Stats

File Path                                    PID    Runtime      # DAGs    # Errors  Last Runtime    Last Run               Last # of DB Queries
-------------------------------------------  -----  ---------  --------  ----------  --------------  -------------------  ----------------------
/opt/airflow/dags/reconciliation_report.py                            1           0  1.57s           2026-06-02T06:33:20                      12
/opt/airflow/dags/hourly_batch_lakehouse.py                           1           0  1.50s           2026-06-02T06:33:20                      12
/opt/airflow/dags/local_evidence_build.py                             1           0  1.28s           2026-06-02T06:33:24                      10
/opt/airflow/dags/datahub_ingestion.py                                1           0  1.25s           2026-06-02T06:33:24                      10
/opt/airflow/dags/kafka_topic_bootstrap.py                            1           0  1.18s           2026-06-02T06:33:27                      10
/opt/airflow/dags/pinot_bootstrap.py                                  1           0  1.11s           2026-06-02T06:33:27                      10
================================================================================
[2026-06-02T06:34:13.465+0000] {manager.py:997} INFO - 
================================================================================
DAG File Processing Stats

File Path                                    PID    Runtime      # DAGs    # Errors  Last Runtime    Last Run               Last # of DB Queries
-------------------------------------------  -----  ---------  --------  ----------  --------------  -------------------  ----------------------
/opt/airflow/dags/kafka_topic_bootstrap.py                            1           0  1.24s           2026-06-02T06:33:59                      10
/opt/airflow/dags/pinot_bootstrap.py                                  1           0  1.19s           2026-06-02T06:33:59                      10
/opt/airflow/dags/reconciliation_report.py                            1           0  1.12s           2026-06-02T06:33:52                      12
/opt/airflow/dags/hourly_batch_lakehouse.py                           1           0  1.12s           2026-06-02T06:33:52                      12
/opt/airflow/dags/local_evidence_build.py                             1           0  1.04s           2026-06-02T06:33:56                      10
/opt/airflow/dags/datahub_ingestion.py                                1           0  1.02s           2026-06-02T06:33:56                      10
================================================================================
[2026-06-02T06:34:44.024+0000] {manager.py:997} INFO - 
================================================================================
DAG File Processing Stats

File Path                                    PID    Runtime      # DAGs    # Errors  Last Runtime    Last Run               Last # of DB Queries
-------------------------------------------  -----  ---------  --------  ----------  --------------  -------------------  ----------------------
/opt/airflow/dags/local_evidence_build.py                             1           0  1.12s           2026-06-02T06:34:27                      10
/opt/airflow/dags/reconciliation_report.py                            1           0  1.09s           2026-06-02T06:34:23                      12
/opt/airflow/dags/datahub_ingestion.py                                1           0  1.07s           2026-06-02T06:34:27                      10
/opt/airflow/dags/hourly_batch_lakehouse.py                           1           0  1.06s           2026-06-02T06:34:23                      12
/opt/airflow/dags/kafka_topic_bootstrap.py                            1           0  1.04s           2026-06-02T06:34:30                      10
/opt/airflow/dags/pinot_bootstrap.py                                  1           0  1.02s           2026-06-02T06:34:30                      10
================================================================================
[2026-06-02T06:35:02.394+0000] {manager.py:821} INFO - Searching for files in /opt/airflow/dags
[2026-06-02T06:35:02.463+0000] {manager.py:824} INFO - There are 6 files in /opt/airflow/dags
[2026-06-02T06:35:14.681+0000] {manager.py:997} INFO - 
================================================================================
DAG File Processing Stats

File Path                                    PID    Runtime      # DAGs    # Errors  Last Runtime    Last Run               Last # of DB Queries
-------------------------------------------  -----  ---------  --------  ----------  --------------  -------------------  ----------------------
/opt/airflow/dags/kafka_topic_bootstrap.py                            1           0  1.17s           2026-06-02T06:35:02                      10
/opt/airflow/dags/pinot_bootstrap.py                                  1           0  1.17s           2026-06-02T06:35:02                      10
/opt/airflow/dags/reconciliation_report.py                            1           0  1.15s           2026-06-02T06:34:55                      12
/opt/airflow/dags/hourly_batch_lakehouse.py                           1           0  1.12s           2026-06-02T06:34:55                      12
/opt/airflow/dags/local_evidence_build.py                             1           0  1.08s           2026-06-02T06:34:59                      10
/opt/airflow/dags/datahub_ingestion.py                                1           0  1.07s           2026-06-02T06:34:59                      10
================================================================================
[2026-06-02T06:35:44.765+0000] {manager.py:997} INFO - 
================================================================================
DAG File Processing Stats

File Path                                    PID    Runtime      # DAGs    # Errors  Last Runtime    Last Run               Last # of DB Queries
-------------------------------------------  -----  ---------  --------  ----------  --------------  -------------------  ----------------------
/opt/airflow/dags/kafka_topic_bootstrap.py                            1           0  1.52s           2026-06-02T06:35:34                      10
/opt/airflow/dags/pinot_bootstrap.py                                  1           0  1.49s           2026-06-02T06:35:34                      10
/opt/airflow/dags/reconciliation_report.py                            1           0  1.28s           2026-06-02T06:35:27                      12
/opt/airflow/dags/hourly_batch_lakehouse.py                           1           0  1.24s           2026-06-02T06:35:27                      12
/opt/airflow/dags/local_evidence_build.py                             1           0  1.12s           2026-06-02T06:35:31                      10
/opt/airflow/dags/datahub_ingestion.py                                1           0  1.08s           2026-06-02T06:35:31                      10
================================================================================
[2026-06-02T06:36:14.997+0000] {manager.py:997} INFO - 
================================================================================
DAG File Processing Stats

File Path                                    PID    Runtime      # DAGs    # Errors  Last Runtime    Last Run               Last # of DB Queries
-------------------------------------------  -----  ---------  --------  ----------  --------------  -------------------  ----------------------
/opt/airflow/dags/reconciliation_report.py                            1           0  1.24s           2026-06-02T06:35:58                      12
/opt/airflow/dags/hourly_batch_lakehouse.py                           1           0  1.21s           2026-06-02T06:35:58                      12
/opt/airflow/dags/pinot_bootstrap.py                                  1           0  1.20s           2026-06-02T06:36:06                      10
/opt/airflow/dags/kafka_topic_bootstrap.py                            1           0  1.20s           2026-06-02T06:36:05                      10
/opt/airflow/dags/local_evidence_build.py                             1           0  1.11s           2026-06-02T06:36:02                      10
/opt/airflow/dags/datahub_ingestion.py                                1           0  1.08s           2026-06-02T06:36:02                      10
================================================================================
[2026-06-02T06:36:45.100+0000] {manager.py:997} INFO - 
================================================================================
DAG File Processing Stats

File Path                                    PID    Runtime      # DAGs    # Errors  Last Runtime    Last Run               Last # of DB Queries
-------------------------------------------  -----  ---------  --------  ----------  --------------  -------------------  ----------------------
/opt/airflow/dags/local_evidence_build.py                             1           0  1.90s           2026-06-02T06:36:34                      10
/opt/airflow/dags/datahub_ingestion.py                                1           0  1.87s           2026-06-02T06:36:34                      10
/opt/airflow/dags/reconciliation_report.py                            1           0  1.63s           2026-06-02T06:36:30                      12
/opt/airflow/dags/hourly_batch_lakehouse.py                           1           0  1.62s           2026-06-02T06:36:31                      12
/opt/airflow/dags/pinot_bootstrap.py                                  1           0  1.35s           2026-06-02T06:36:37                      10
/opt/airflow/dags/kafka_topic_bootstrap.py                            1           0  1.35s           2026-06-02T06:36:37                      10
================================================================================
[2026-06-02T06:37:15.262+0000] {manager.py:997} INFO - 
================================================================================
DAG File Processing Stats

File Path                                    PID    Runtime      # DAGs    # Errors  Last Runtime    Last Run               Last # of DB Queries
-------------------------------------------  -----  ---------  --------  ----------  --------------  -------------------  ----------------------
/opt/airflow/dags/kafka_topic_bootstrap.py                            1           0  1.52s           2026-06-02T06:37:10                      10
/opt/airflow/dags/pinot_bootstrap.py                                  1           0  1.48s           2026-06-02T06:37:10                      10
/opt/airflow/dags/reconciliation_report.py                            1           0  1.44s           2026-06-02T06:37:02                      12
/opt/airflow/dags/hourly_batch_lakehouse.py                           1           0  1.42s           2026-06-02T06:37:02                      12
/opt/airflow/dags/datahub_ingestion.py                                1           0  1.33s           2026-06-02T06:37:06                      10
/opt/airflow/dags/local_evidence_build.py                             1           0  1.32s           2026-06-02T06:37:06                      10
================================================================================
[2026-06-02T06:37:45.440+0000] {manager.py:997} INFO - 
================================================================================
DAG File Processing Stats

File Path                                    PID    Runtime      # DAGs    # Errors  Last Runtime    Last Run               Last # of DB Queries
-------------------------------------------  -----  ---------  --------  ----------  --------------  -------------------  ----------------------
/opt/airflow/dags/reconciliation_report.py                            1           0  1.63s           2026-06-02T06:37:34                      12
/opt/airflow/dags/hourly_batch_lakehouse.py                           1           0  1.59s           2026-06-02T06:37:34                      12
/opt/airflow/dags/local_evidence_build.py                             1           0  1.42s           2026-06-02T06:37:38                      10
/opt/airflow/dags/datahub_ingestion.py                                1           0  1.39s           2026-06-02T06:37:38                      10
/opt/airflow/dags/kafka_topic_bootstrap.py                            1           0  1.13s           2026-06-02T06:37:41                      10
/opt/airflow/dags/pinot_bootstrap.py                                  1           0  1.10s           2026-06-02T06:37:41                      10
================================================================================
[2026-06-02T06:38:15.942+0000] {manager.py:997} INFO - 
================================================================================
DAG File Processing Stats

File Path                                    PID    Runtime      # DAGs    # Errors  Last Runtime    Last Run               Last # of DB Queries
-------------------------------------------  -----  ---------  --------  ----------  --------------  -------------------  ----------------------
/opt/airflow/dags/datahub_ingestion.py                                1           0  1.13s           2026-06-02T06:38:09                      10
/opt/airflow/dags/local_evidence_build.py                             1           0  1.13s           2026-06-02T06:38:09                      10
/opt/airflow/dags/reconciliation_report.py                            1           0  1.08s           2026-06-02T06:38:06                      12
/opt/airflow/dags/hourly_batch_lakehouse.py                           1           0  1.06s           2026-06-02T06:38:06                      12
/opt/airflow/dags/pinot_bootstrap.py                                  1           0  0.97s           2026-06-02T06:38:12                      10
/opt/airflow/dags/kafka_topic_bootstrap.py                            1           0  0.97s           2026-06-02T06:38:12                      10
================================================================================
[2026-06-02T06:38:46.566+0000] {manager.py:997} INFO - 
================================================================================
DAG File Processing Stats

File Path                                    PID    Runtime      # DAGs    # Errors  Last Runtime    Last Run               Last # of DB Queries
-------------------------------------------  -----  ---------  --------  ----------  --------------  -------------------  ----------------------
/opt/airflow/dags/pinot_bootstrap.py                                  1           0  1.39s           2026-06-02T06:38:44                      10
/opt/airflow/dags/kafka_topic_bootstrap.py                            1           0  1.35s           2026-06-02T06:38:44                      10
/opt/airflow/dags/local_evidence_build.py                             1           0  1.09s           2026-06-02T06:38:41                      10
/opt/airflow/dags/datahub_ingestion.py                                1           0  1.06s           2026-06-02T06:38:41                      10
/opt/airflow/dags/reconciliation_report.py                            1           0  1.01s           2026-06-02T06:38:38                      12
/opt/airflow/dags/hourly_batch_lakehouse.py                           1           0  1.01s           2026-06-02T06:38:38                      12
================================================================================
[2026-06-02T06:39:16.994+0000] {manager.py:997} INFO - 
================================================================================
DAG File Processing Stats

File Path                                    PID    Runtime      # DAGs    # Errors  Last Runtime    Last Run               Last # of DB Queries
-------------------------------------------  -----  ---------  --------  ----------  --------------  -------------------  ----------------------
/opt/airflow/dags/reconciliation_report.py                            1           0  1.10s           2026-06-02T06:39:09                      12
/opt/airflow/dags/hourly_batch_lakehouse.py                           1           0  1.09s           2026-06-02T06:39:10                      12
/opt/airflow/dags/pinot_bootstrap.py                                  1           0  0.98s           2026-06-02T06:39:15                      10
/opt/airflow/dags/kafka_topic_bootstrap.py                            1           0  0.98s           2026-06-02T06:39:15                      10
/opt/airflow/dags/local_evidence_build.py                             1           0  0.98s           2026-06-02T06:39:12                      10
/opt/airflow/dags/datahub_ingestion.py                                1           0  0.97s           2026-06-02T06:39:12                      10
================================================================================
[2026-06-02T06:39:47.620+0000] {manager.py:997} INFO - 
================================================================================
DAG File Processing Stats

File Path                                      PID  Runtime      # DAGs    # Errors  Last Runtime    Last Run               Last # of DB Queries
-------------------------------------------  -----  ---------  --------  ----------  --------------  -------------------  ----------------------
/opt/airflow/dags/datahub_ingestion.py                                1           0  1.46s           2026-06-02T06:39:44                      10
/opt/airflow/dags/local_evidence_build.py                             1           0  1.45s           2026-06-02T06:39:44                      10
/opt/airflow/dags/reconciliation_report.py                            1           0  1.04s           2026-06-02T06:39:41                      12
/opt/airflow/dags/hourly_batch_lakehouse.py                           1           0  1.04s           2026-06-02T06:39:41                      12
/opt/airflow/dags/pinot_bootstrap.py          5251  1.02s             1           0  0.98s           2026-06-02T06:39:15                      10
/opt/airflow/dags/kafka_topic_bootstrap.py    5248  1.04s             1           0  0.98s           2026-06-02T06:39:15                      10
================================================================================
[2026-06-02T06:40:02.832+0000] {manager.py:821} INFO - Searching for files in /opt/airflow/dags
[2026-06-02T06:40:02.888+0000] {manager.py:824} INFO - There are 6 files in /opt/airflow/dags
[2026-06-02T06:40:18.343+0000] {manager.py:997} INFO - 
================================================================================
DAG File Processing Stats

File Path                                      PID  Runtime      # DAGs    # Errors  Last Runtime    Last Run               Last # of DB Queries
-------------------------------------------  -----  ---------  --------  ----------  --------------  -------------------  ----------------------
/opt/airflow/dags/local_evidence_build.py                             1           0  1.35s           2026-06-02T06:40:16                      10
/opt/airflow/dags/datahub_ingestion.py                                1           0  1.31s           2026-06-02T06:40:16                      10
/opt/airflow/dags/kafka_topic_bootstrap.py    5383  0.03s             1           0  1.16s           2026-06-02T06:39:47                      10
/opt/airflow/dags/pinot_bootstrap.py          5386  0.01s             1           0  1.14s           2026-06-02T06:39:47                      10
/opt/airflow/dags/reconciliation_report.py                            1           0  1.14s           2026-06-02T06:40:13                      12
/opt/airflow/dags/hourly_batch_lakehouse.py                           1           0  1.14s           2026-06-02T06:40:13                      12
================================================================================
[2026-06-02T06:40:48.698+0000] {manager.py:997} INFO - 
================================================================================
DAG File Processing Stats

File Path                                    PID    Runtime      # DAGs    # Errors  Last Runtime    Last Run               Last # of DB Queries
-------------------------------------------  -----  ---------  --------  ----------  --------------  -------------------  ----------------------
/opt/airflow/dags/reconciliation_report.py                            1           0  1.72s           2026-06-02T06:40:45                      12
/opt/airflow/dags/hourly_batch_lakehouse.py                           1           0  1.71s           2026-06-02T06:40:45                      12
/opt/airflow/dags/local_evidence_build.py                             1           0  1.25s           2026-06-02T06:40:47                      10
/opt/airflow/dags/datahub_ingestion.py                                1           0  1.25s           2026-06-02T06:40:47                      10
/opt/airflow/dags/kafka_topic_bootstrap.py                            1           0  1.18s           2026-06-02T06:40:19                      10
/opt/airflow/dags/pinot_bootstrap.py                                  1           0  1.11s           2026-06-02T06:40:19                      10
================================================================================
[2026-06-02T06:41:19.031+0000] {manager.py:997} INFO - 
================================================================================
DAG File Processing Stats

File Path                                      PID  Runtime      # DAGs    # Errors  Last Runtime    Last Run               Last # of DB Queries
-------------------------------------------  -----  ---------  --------  ----------  --------------  -------------------  ----------------------
/opt/airflow/dags/reconciliation_report.py                            1           0  1.57s           2026-06-02T06:41:17                      12
/opt/airflow/dags/hourly_batch_lakehouse.py                           1           0  1.56s           2026-06-02T06:41:17                      12
/opt/airflow/dags/kafka_topic_bootstrap.py                            1           0  1.43s           2026-06-02T06:40:51                      10
/opt/airflow/dags/pinot_bootstrap.py                                  1           0  1.38s           2026-06-02T06:40:51                      10
/opt/airflow/dags/local_evidence_build.py     5610  1.04s             1           0  1.25s           2026-06-02T06:40:47                      10
/opt/airflow/dags/datahub_ingestion.py        5613  1.02s             1           0  1.25s           2026-06-02T06:40:47                      10
================================================================================
[2026-06-02T06:41:49.155+0000] {manager.py:997} INFO - 
================================================================================
DAG File Processing Stats

File Path                                      PID  Runtime      # DAGs    # Errors  Last Runtime    Last Run               Last # of DB Queries
-------------------------------------------  -----  ---------  --------  ----------  --------------  -------------------  ----------------------
/opt/airflow/dags/reconciliation_report.py    5695  1.04s             1           0  1.57s           2026-06-02T06:41:17                      12
/opt/airflow/dags/hourly_batch_lakehouse.py   5698  1.02s             1           0  1.56s           2026-06-02T06:41:17                      12
/opt/airflow/dags/kafka_topic_bootstrap.py                            1           0  1.42s           2026-06-02T06:41:22                      10
/opt/airflow/dags/pinot_bootstrap.py                                  1           0  1.40s           2026-06-02T06:41:22                      10
/opt/airflow/dags/local_evidence_build.py                             1           0  1.26s           2026-06-02T06:41:19                      10
/opt/airflow/dags/datahub_ingestion.py                                1           0  1.23s           2026-06-02T06:41:19                      10
================================================================================
[2026-06-02T06:42:19.543+0000] {manager.py:997} INFO - 
================================================================================
DAG File Processing Stats

File Path                                    PID    Runtime      # DAGs    # Errors  Last Runtime    Last Run               Last # of DB Queries
-------------------------------------------  -----  ---------  --------  ----------  --------------  -------------------  ----------------------
/opt/airflow/dags/hourly_batch_lakehouse.py                           1           0  1.59s           2026-06-02T06:41:49                      12
/opt/airflow/dags/reconciliation_report.py                            1           0  1.57s           2026-06-02T06:41:49                      12
/opt/airflow/dags/local_evidence_build.py                             1           0  1.35s           2026-06-02T06:41:51                      10
/opt/airflow/dags/datahub_ingestion.py                                1           0  1.30s           2026-06-02T06:41:51                      10
/opt/airflow/dags/kafka_topic_bootstrap.py                            1           0  1.19s           2026-06-02T06:41:54                      10
/opt/airflow/dags/pinot_bootstrap.py                                  1           0  1.17s           2026-06-02T06:41:54                      10
================================================================================
[2026-06-02T06:42:49.992+0000] {manager.py:997} INFO - 
================================================================================
DAG File Processing Stats

File Path                                    PID    Runtime      # DAGs    # Errors  Last Runtime    Last Run               Last # of DB Queries
-------------------------------------------  -----  ---------  --------  ----------  --------------  -------------------  ----------------------
/opt/airflow/dags/pinot_bootstrap.py                                  1           0  1.61s           2026-06-02T06:42:26                      10
/opt/airflow/dags/kafka_topic_bootstrap.py                            1           0  1.60s           2026-06-02T06:42:26                      10
/opt/airflow/dags/datahub_ingestion.py                                1           0  1.29s           2026-06-02T06:42:23                      10
/opt/airflow/dags/local_evidence_build.py                             1           0  1.16s           2026-06-02T06:42:22                      10
/opt/airflow/dags/reconciliation_report.py                            1           0  1.13s           2026-06-02T06:42:21                      12
/opt/airflow/dags/hourly_batch_lakehouse.py                           1           0  1.07s           2026-06-02T06:42:21                      12
================================================================================
[2026-06-02T06:43:20.159+0000] {manager.py:997} INFO - 
================================================================================
DAG File Processing Stats

File Path                                    PID    Runtime      # DAGs    # Errors  Last Runtime    Last Run               Last # of DB Queries
-------------------------------------------  -----  ---------  --------  ----------  --------------  -------------------  ----------------------
/opt/airflow/dags/pinot_bootstrap.py                                  1           0  1.54s           2026-06-02T06:42:58                      10
/opt/airflow/dags/kafka_topic_bootstrap.py                            1           0  1.52s           2026-06-02T06:42:58                      10
/opt/airflow/dags/datahub_ingestion.py                                1           0  1.17s           2026-06-02T06:42:55                      10
/opt/airflow/dags/local_evidence_build.py                             1           0  1.15s           2026-06-02T06:42:54                      10
/opt/airflow/dags/hourly_batch_lakehouse.py                           1           0  1.00s           2026-06-02T06:42:53                      12
/opt/airflow/dags/reconciliation_report.py                            1           0  0.99s           2026-06-02T06:42:53                      12
================================================================================
[2026-06-02T06:43:50.820+0000] {manager.py:997} INFO - 
================================================================================
DAG File Processing Stats

File Path                                    PID    Runtime      # DAGs    # Errors  Last Runtime    Last Run               Last # of DB Queries
-------------------------------------------  -----  ---------  --------  ----------  --------------  -------------------  ----------------------
/opt/airflow/dags/local_evidence_build.py                             1           0  1.28s           2026-06-02T06:43:25                      10
/opt/airflow/dags/reconciliation_report.py                            1           0  1.14s           2026-06-02T06:43:24                      12
/opt/airflow/dags/datahub_ingestion.py                                1           0  1.11s           2026-06-02T06:43:26                      10
/opt/airflow/dags/kafka_topic_bootstrap.py                            1           0  1.11s           2026-06-02T06:43:30                      10
/opt/airflow/dags/pinot_bootstrap.py                                  1           0  1.10s           2026-06-02T06:43:30                      10
/opt/airflow/dags/hourly_batch_lakehouse.py                           1           0  1.09s           2026-06-02T06:43:24                      12
================================================================================
[2026-06-02T06:44:21.471+0000] {manager.py:997} INFO - 
================================================================================
DAG File Processing Stats

File Path                                    PID    Runtime      # DAGs    # Errors  Last Runtime    Last Run               Last # of DB Queries
-------------------------------------------  -----  ---------  --------  ----------  --------------  -------------------  ----------------------
/opt/airflow/dags/local_evidence_build.py                             1           0  1.26s           2026-06-02T06:43:57                      10
/opt/airflow/dags/hourly_batch_lakehouse.py                           1           0  1.18s           2026-06-02T06:43:56                      12
/opt/airflow/dags/datahub_ingestion.py                                1           0  1.17s           2026-06-02T06:43:58                      10
/opt/airflow/dags/reconciliation_report.py                            1           0  1.17s           2026-06-02T06:43:56                      12
/opt/airflow/dags/kafka_topic_bootstrap.py                            1           0  1.00s           2026-06-02T06:44:02                      10
/opt/airflow/dags/pinot_bootstrap.py                                  1           0  0.97s           2026-06-02T06:44:02                      10
================================================================================
[2026-06-02T06:44:52.320+0000] {manager.py:997} INFO - 
================================================================================
DAG File Processing Stats

File Path                                    PID    Runtime      # DAGs    # Errors  Last Runtime    Last Run               Last # of DB Queries
-------------------------------------------  -----  ---------  --------  ----------  --------------  -------------------  ----------------------
/opt/airflow/dags/datahub_ingestion.py                                1           0  1.28s           2026-06-02T06:44:29                      10
/opt/airflow/dags/kafka_topic_bootstrap.py                            1           0  1.17s           2026-06-02T06:44:34                      10
/opt/airflow/dags/local_evidence_build.py                             1           0  1.17s           2026-06-02T06:44:28                      10
/opt/airflow/dags/pinot_bootstrap.py                                  1           0  1.14s           2026-06-02T06:44:34                      10
/opt/airflow/dags/hourly_batch_lakehouse.py                           1           0  1.12s           2026-06-02T06:44:27                      12
/opt/airflow/dags/reconciliation_report.py                            1           0  1.12s           2026-06-02T06:44:27                      12
================================================================================
[2026-06-02T06:45:03.588+0000] {manager.py:821} INFO - Searching for files in /opt/airflow/dags
[2026-06-02T06:45:03.642+0000] {manager.py:824} INFO - There are 6 files in /opt/airflow/dags
[2026-06-02T06:45:23.066+0000] {manager.py:997} INFO - 
================================================================================
DAG File Processing Stats

File Path                                    PID    Runtime      # DAGs    # Errors  Last Runtime    Last Run               Last # of DB Queries
-------------------------------------------  -----  ---------  --------  ----------  --------------  -------------------  ----------------------
/opt/airflow/dags/local_evidence_build.py                             1           0  1.28s           2026-06-02T06:45:00                      10
/opt/airflow/dags/datahub_ingestion.py                                1           0  1.27s           2026-06-02T06:45:01                      10
/opt/airflow/dags/kafka_topic_bootstrap.py                            1           0  1.11s           2026-06-02T06:45:05                      10
/opt/airflow/dags/reconciliation_report.py                            1           0  1.10s           2026-06-02T06:44:59                      12
/opt/airflow/dags/pinot_bootstrap.py                                  1           0  1.10s           2026-06-02T06:45:05                      10
/opt/airflow/dags/hourly_batch_lakehouse.py                           1           0  1.06s           2026-06-02T06:44:59                      12
================================================================================
[2026-06-02T06:45:53.240+0000] {manager.py:997} INFO - 
================================================================================
DAG File Processing Stats

File Path                                    PID    Runtime      # DAGs    # Errors  Last Runtime    Last Run               Last # of DB Queries
-------------------------------------------  -----  ---------  --------  ----------  --------------  -------------------  ----------------------
/opt/airflow/dags/reconciliation_report.py                            1           0  1.39s           2026-06-02T06:45:31                      12
/opt/airflow/dags/hourly_batch_lakehouse.py                           1           0  1.34s           2026-06-02T06:45:31                      12
/opt/airflow/dags/local_evidence_build.py                             1           0  1.28s           2026-06-02T06:45:32                      10
/opt/airflow/dags/kafka_topic_bootstrap.py                            1           0  1.26s           2026-06-02T06:45:37                      10
/opt/airflow/dags/pinot_bootstrap.py                                  1           0  1.25s           2026-06-02T06:45:37                      10
/opt/airflow/dags/datahub_ingestion.py                                1           0  1.19s           2026-06-02T06:45:33                      10
================================================================================
[2026-06-02T06:46:23.831+0000] {manager.py:997} INFO - 
================================================================================
DAG File Processing Stats

File Path                                    PID    Runtime      # DAGs    # Errors  Last Runtime    Last Run               Last # of DB Queries
-------------------------------------------  -----  ---------  --------  ----------  --------------  -------------------  ----------------------
/opt/airflow/dags/local_evidence_build.py                             1           0  1.30s           2026-06-02T06:46:04                      10
/opt/airflow/dags/datahub_ingestion.py                                1           0  1.28s           2026-06-02T06:46:05                      10
/opt/airflow/dags/pinot_bootstrap.py                                  1           0  1.09s           2026-06-02T06:46:08                      10
/opt/airflow/dags/kafka_topic_bootstrap.py                            1           0  1.08s           2026-06-02T06:46:08                      10
/opt/airflow/dags/reconciliation_report.py                            1           0  1.07s           2026-06-02T06:46:03                      12
/opt/airflow/dags/hourly_batch_lakehouse.py                           1           0  1.06s           2026-06-02T06:46:03                      12
================================================================================
[2026-06-02T06:46:54.586+0000] {manager.py:997} INFO - 
================================================================================
DAG File Processing Stats

File Path                                    PID    Runtime      # DAGs    # Errors  Last Runtime    Last Run               Last # of DB Queries
-------------------------------------------  -----  ---------  --------  ----------  --------------  -------------------  ----------------------
/opt/airflow/dags/reconciliation_report.py                            1           0  1.27s           2026-06-02T06:46:35                      12
/opt/airflow/dags/local_evidence_build.py                             1           0  1.24s           2026-06-02T06:46:36                      10
/opt/airflow/dags/hourly_batch_lakehouse.py                           1           0  1.23s           2026-06-02T06:46:35                      12
/opt/airflow/dags/datahub_ingestion.py                                1           0  1.21s           2026-06-02T06:46:37                      10
/opt/airflow/dags/kafka_topic_bootstrap.py                            1           0  1.19s           2026-06-02T06:46:40                      10
/opt/airflow/dags/pinot_bootstrap.py                                  1           0  1.19s           2026-06-02T06:46:40                      10
================================================================================
[2026-06-02T06:47:25.207+0000] {manager.py:997} INFO - 
================================================================================
DAG File Processing Stats

File Path                                    PID    Runtime      # DAGs    # Errors  Last Runtime    Last Run               Last # of DB Queries
-------------------------------------------  -----  ---------  --------  ----------  --------------  -------------------  ----------------------
/opt/airflow/dags/kafka_topic_bootstrap.py                            1           0  1.40s           2026-06-02T06:47:12                      10
/opt/airflow/dags/pinot_bootstrap.py                                  1           0  1.36s           2026-06-02T06:47:12                      10
/opt/airflow/dags/local_evidence_build.py                             1           0  1.21s           2026-06-02T06:47:08                      10
/opt/airflow/dags/datahub_ingestion.py                                1           0  1.12s           2026-06-02T06:47:08                      10
/opt/airflow/dags/hourly_batch_lakehouse.py                           1           0  1.08s           2026-06-02T06:47:06                      12
/opt/airflow/dags/reconciliation_report.py                            1           0  1.08s           2026-06-02T06:47:06                      12
================================================================================
[2026-06-02T06:47:55.394+0000] {manager.py:997} INFO - 
================================================================================
DAG File Processing Stats

File Path                                    PID    Runtime      # DAGs    # Errors  Last Runtime    Last Run               Last # of DB Queries
-------------------------------------------  -----  ---------  --------  ----------  --------------  -------------------  ----------------------
/opt/airflow/dags/datahub_ingestion.py                                1           0  1.62s           2026-06-02T06:47:41                      10
/opt/airflow/dags/local_evidence_build.py                             1           0  1.57s           2026-06-02T06:47:40                      10
/opt/airflow/dags/kafka_topic_bootstrap.py                            1           0  1.42s           2026-06-02T06:47:44                      10
/opt/airflow/dags/pinot_bootstrap.py                                  1           0  1.38s           2026-06-02T06:47:44                      10
/opt/airflow/dags/reconciliation_report.py                            1           0  1.04s           2026-06-02T06:47:38                      12
/opt/airflow/dags/hourly_batch_lakehouse.py                           1           0  1.04s           2026-06-02T06:47:38                      12
================================================================================
[2026-06-02T06:48:25.407+0000] {manager.py:997} INFO - 
================================================================================
DAG File Processing Stats

File Path                                    PID    Runtime      # DAGs    # Errors  Last Runtime    Last Run               Last # of DB Queries
-------------------------------------------  -----  ---------  --------  ----------  --------------  -------------------  ----------------------
/opt/airflow/dags/kafka_topic_bootstrap.py                            1           0  1.62s           2026-06-02T06:48:16                      10
/opt/airflow/dags/pinot_bootstrap.py                                  1           0  1.57s           2026-06-02T06:48:16                      10
/opt/airflow/dags/datahub_ingestion.py                                1           0  1.48s           2026-06-02T06:48:13                      10
/opt/airflow/dags/local_evidence_build.py                             1           0  1.04s           2026-06-02T06:48:11                      10
/opt/airflow/dags/hourly_batch_lakehouse.py                           1           0  0.95s           2026-06-02T06:48:09                      12
/opt/airflow/dags/reconciliation_report.py                            1           0  0.94s           2026-06-02T06:48:09                      12
================================================================================
[2026-06-02T06:48:55.966+0000] {manager.py:997} INFO - 
================================================================================
DAG File Processing Stats

File Path                                    PID    Runtime      # DAGs    # Errors  Last Runtime    Last Run               Last # of DB Queries
-------------------------------------------  -----  ---------  --------  ----------  --------------  -------------------  ----------------------
/opt/airflow/dags/local_evidence_build.py                             1           0  1.05s           2026-06-02T06:48:42                      10
/opt/airflow/dags/reconciliation_report.py                            1           0  1.04s           2026-06-02T06:48:40                      12
/opt/airflow/dags/hourly_batch_lakehouse.py                           1           0  1.03s           2026-06-02T06:48:40                      12
/opt/airflow/dags/datahub_ingestion.py                                1           0  1.03s           2026-06-02T06:48:44                      10
/opt/airflow/dags/kafka_topic_bootstrap.py                            1           0  1.00s           2026-06-02T06:48:47                      10
/opt/airflow/dags/pinot_bootstrap.py                                  1           0  0.95s           2026-06-02T06:48:47                      10
================================================================================
[2026-06-02T06:49:26.483+0000] {manager.py:997} INFO - 
================================================================================
DAG File Processing Stats

File Path                                    PID    Runtime      # DAGs    # Errors  Last Runtime    Last Run               Last # of DB Queries
-------------------------------------------  -----  ---------  --------  ----------  --------------  -------------------  ----------------------
/opt/airflow/dags/datahub_ingestion.py                                1           0  1.18s           2026-06-02T06:49:16                      10
/opt/airflow/dags/local_evidence_build.py                             1           0  1.02s           2026-06-02T06:49:14                      10
/opt/airflow/dags/kafka_topic_bootstrap.py                            1           0  0.98s           2026-06-02T06:49:19                      10
/opt/airflow/dags/pinot_bootstrap.py                                  1           0  0.98s           2026-06-02T06:49:19                      10
/opt/airflow/dags/reconciliation_report.py                            1           0  0.98s           2026-06-02T06:49:12                      12
/opt/airflow/dags/hourly_batch_lakehouse.py                           1           0  0.95s           2026-06-02T06:49:12                      12
================================================================================
[2026-06-02T06:49:56.917+0000] {manager.py:997} INFO - 
================================================================================
DAG File Processing Stats

File Path                                    PID    Runtime      # DAGs    # Errors  Last Runtime    Last Run               Last # of DB Queries
-------------------------------------------  -----  ---------  --------  ----------  --------------  -------------------  ----------------------
/opt/airflow/dags/local_evidence_build.py                             1           0  1.11s           2026-06-02T06:49:45                      10
/opt/airflow/dags/datahub_ingestion.py                                1           0  1.07s           2026-06-02T06:49:47                      10
/opt/airflow/dags/reconciliation_report.py                            1           0  0.97s           2026-06-02T06:49:43                      12
/opt/airflow/dags/hourly_batch_lakehouse.py                           1           0  0.94s           2026-06-02T06:49:43                      12
/opt/airflow/dags/kafka_topic_bootstrap.py                            1           0  0.90s           2026-06-02T06:49:50                      10
/opt/airflow/dags/pinot_bootstrap.py                                  1           0  0.89s           2026-06-02T06:49:50                      10
================================================================================
[2026-06-02T06:50:04.002+0000] {manager.py:821} INFO - Searching for files in /opt/airflow/dags
[2026-06-02T06:50:04.043+0000] {manager.py:824} INFO - There are 6 files in /opt/airflow/dags
[2026-06-02T06:50:27.389+0000] {manager.py:997} INFO - 
================================================================================
DAG File Processing Stats

File Path                                    PID    Runtime      # DAGs    # Errors  Last Runtime    Last Run               Last # of DB Queries
-------------------------------------------  -----  ---------  --------  ----------  --------------  -------------------  ----------------------
/opt/airflow/dags/local_evidence_build.py                             1           0  1.04s           2026-06-02T06:50:17                      10
/opt/airflow/dags/reconciliation_report.py                            1           0  1.03s           2026-06-02T06:50:15                      12
/opt/airflow/dags/hourly_batch_lakehouse.py                           1           0  0.99s           2026-06-02T06:50:15                      12
/opt/airflow/dags/datahub_ingestion.py                                1           0  0.98s           2026-06-02T06:50:19                      10
/opt/airflow/dags/kafka_topic_bootstrap.py                            1           0  0.96s           2026-06-02T06:50:22                      10
/opt/airflow/dags/pinot_bootstrap.py                                  1           0  0.92s           2026-06-02T06:50:22                      10
================================================================================
[2026-06-02T06:50:57.742+0000] {manager.py:997} INFO - 
================================================================================
DAG File Processing Stats

File Path                                    PID    Runtime      # DAGs    # Errors  Last Runtime    Last Run               Last # of DB Queries
-------------------------------------------  -----  ---------  --------  ----------  --------------  -------------------  ----------------------
/opt/airflow/dags/local_evidence_build.py                             1           0  1.06s           2026-06-02T06:50:48                      10
/opt/airflow/dags/reconciliation_report.py                            1           0  1.03s           2026-06-02T06:50:46                      12
/opt/airflow/dags/hourly_batch_lakehouse.py                           1           0  1.02s           2026-06-02T06:50:46                      12
/opt/airflow/dags/datahub_ingestion.py                                1           0  1.02s           2026-06-02T06:50:50                      10
/opt/airflow/dags/pinot_bootstrap.py                                  1           0  0.87s           2026-06-02T06:50:53                      10
/opt/airflow/dags/kafka_topic_bootstrap.py                            1           0  0.86s           2026-06-02T06:50:53                      10
================================================================================
[2026-06-02T06:51:28.336+0000] {manager.py:997} INFO - 
================================================================================
DAG File Processing Stats

File Path                                    PID    Runtime      # DAGs    # Errors  Last Runtime    Last Run               Last # of DB Queries
-------------------------------------------  -----  ---------  --------  ----------  --------------  -------------------  ----------------------
/opt/airflow/dags/datahub_ingestion.py                                1           0  1.16s           2026-06-02T06:51:22                      10
/opt/airflow/dags/local_evidence_build.py                             1           0  1.12s           2026-06-02T06:51:20                      10
/opt/airflow/dags/reconciliation_report.py                            1           0  1.04s           2026-06-02T06:51:18                      12
/opt/airflow/dags/hourly_batch_lakehouse.py                           1           0  1.02s           2026-06-02T06:51:18                      12
/opt/airflow/dags/pinot_bootstrap.py                                  1           0  1.02s           2026-06-02T06:51:25                      10
/opt/airflow/dags/kafka_topic_bootstrap.py                            1           0  1.00s           2026-06-02T06:51:25                      10
================================================================================
[2026-06-02T06:51:58.693+0000] {manager.py:997} INFO - 
================================================================================
DAG File Processing Stats

File Path                                    PID    Runtime      # DAGs    # Errors  Last Runtime    Last Run               Last # of DB Queries
-------------------------------------------  -----  ---------  --------  ----------  --------------  -------------------  ----------------------
/opt/airflow/dags/local_evidence_build.py                             1           0  1.11s           2026-06-02T06:51:51                      10
/opt/airflow/dags/datahub_ingestion.py                                1           0  1.07s           2026-06-02T06:51:53                      10
/opt/airflow/dags/kafka_topic_bootstrap.py                            1           0  1.06s           2026-06-02T06:51:56                      10
/opt/airflow/dags/pinot_bootstrap.py                                  1           0  1.03s           2026-06-02T06:51:56                      10
/opt/airflow/dags/reconciliation_report.py                            1           0  0.93s           2026-06-02T06:51:49                      12
/opt/airflow/dags/hourly_batch_lakehouse.py                           1           0  0.92s           2026-06-02T06:51:49                      12
================================================================================
[2026-06-02T06:52:29.132+0000] {manager.py:997} INFO - 
================================================================================
DAG File Processing Stats

File Path                                    PID    Runtime      # DAGs    # Errors  Last Runtime    Last Run               Last # of DB Queries
-------------------------------------------  -----  ---------  --------  ----------  --------------  -------------------  ----------------------
/opt/airflow/dags/local_evidence_build.py                             1           0  1.04s           2026-06-02T06:52:23                      10
/opt/airflow/dags/datahub_ingestion.py                                1           0  1.02s           2026-06-02T06:52:25                      10
/opt/airflow/dags/hourly_batch_lakehouse.py                           1           0  0.98s           2026-06-02T06:52:21                      12
/opt/airflow/dags/reconciliation_report.py                            1           0  0.97s           2026-06-02T06:52:20                      12
/opt/airflow/dags/kafka_topic_bootstrap.py                            1           0  0.96s           2026-06-02T06:52:28                      10
/opt/airflow/dags/pinot_bootstrap.py                                  1           0  0.94s           2026-06-02T06:52:28                      10
================================================================================
[2026-06-02T06:52:59.517+0000] {manager.py:997} INFO - 
================================================================================
DAG File Processing Stats

File Path                                    PID    Runtime      # DAGs    # Errors  Last Runtime    Last Run               Last # of DB Queries
-------------------------------------------  -----  ---------  --------  ----------  --------------  -------------------  ----------------------
/opt/airflow/dags/local_evidence_build.py                             1           0  1.10s           2026-06-02T06:52:54                      10
/opt/airflow/dags/datahub_ingestion.py                                1           0  1.04s           2026-06-02T06:52:56                      10
/opt/airflow/dags/reconciliation_report.py                            1           0  1.03s           2026-06-02T06:52:52                      12
/opt/airflow/dags/hourly_batch_lakehouse.py                           1           0  1.02s           2026-06-02T06:52:52                      12
/opt/airflow/dags/kafka_topic_bootstrap.py                            1           0  0.94s           2026-06-02T06:52:59                      10
/opt/airflow/dags/pinot_bootstrap.py                                  1           0  0.93s           2026-06-02T06:52:59                      10
================================================================================
[2026-06-02T06:53:29.836+0000] {manager.py:997} INFO - 
================================================================================
DAG File Processing Stats

File Path                                      PID  Runtime      # DAGs    # Errors  Last Runtime    Last Run               Last # of DB Queries
-------------------------------------------  -----  ---------  --------  ----------  --------------  -------------------  ----------------------
/opt/airflow/dags/local_evidence_build.py                             1           0  1.03s           2026-06-02T06:53:25                      10
/opt/airflow/dags/datahub_ingestion.py                                1           0  1.02s           2026-06-02T06:53:27                      10
/opt/airflow/dags/kafka_topic_bootstrap.py    8741  0.02s             1           0  0.94s           2026-06-02T06:52:59                      10
/opt/airflow/dags/pinot_bootstrap.py          8744  0.01s             1           0  0.93s           2026-06-02T06:52:59                      10
/opt/airflow/dags/hourly_batch_lakehouse.py                           1           0  0.88s           2026-06-02T06:53:23                      12
/opt/airflow/dags/reconciliation_report.py                            1           0  0.88s           2026-06-02T06:53:23                      12
================================================================================
[2026-06-02T06:54:00.076+0000] {manager.py:997} INFO - 
================================================================================
DAG File Processing Stats

File Path                                    PID    Runtime      # DAGs    # Errors  Last Runtime    Last Run               Last # of DB Queries
-------------------------------------------  -----  ---------  --------  ----------  --------------  -------------------  ----------------------
/opt/airflow/dags/datahub_ingestion.py                                1           0  1.02s           2026-06-02T06:53:59                      10
/opt/airflow/dags/local_evidence_build.py                             1           0  0.99s           2026-06-02T06:53:56                      10
/opt/airflow/dags/reconciliation_report.py                            1           0  0.97s           2026-06-02T06:53:54                      12
/opt/airflow/dags/hourly_batch_lakehouse.py                           1           0  0.93s           2026-06-02T06:53:54                      12
/opt/airflow/dags/kafka_topic_bootstrap.py                            1           0  0.91s           2026-06-02T06:53:30                      10
/opt/airflow/dags/pinot_bootstrap.py                                  1           0  0.91s           2026-06-02T06:53:30                      10
================================================================================
[2026-06-02T06:54:30.414+0000] {manager.py:997} INFO - 
================================================================================
DAG File Processing Stats

File Path                                      PID  Runtime      # DAGs    # Errors  Last Runtime    Last Run               Last # of DB Queries
-------------------------------------------  -----  ---------  --------  ----------  --------------  -------------------  ----------------------
/opt/airflow/dags/local_evidence_build.py                             1           0  1.07s           2026-06-02T06:54:28                      10
/opt/airflow/dags/datahub_ingestion.py        8981  1.02s             1           0  1.02s           2026-06-02T06:53:59                      10
/opt/airflow/dags/kafka_topic_bootstrap.py                            1           0  0.94s           2026-06-02T06:54:02                      10
/opt/airflow/dags/hourly_batch_lakehouse.py                           1           0  0.93s           2026-06-02T06:54:26                      12
/opt/airflow/dags/reconciliation_report.py                            1           0  0.92s           2026-06-02T06:54:26                      12
/opt/airflow/dags/pinot_bootstrap.py                                  1           0  0.91s           2026-06-02T06:54:02                      10
================================================================================
[2026-06-02T06:55:00.715+0000] {manager.py:997} INFO - 
================================================================================
DAG File Processing Stats

File Path                                      PID  Runtime      # DAGs    # Errors  Last Runtime    Last Run               Last # of DB Queries
-------------------------------------------  -----  ---------  --------  ----------  --------------  -------------------  ----------------------
/opt/airflow/dags/datahub_ingestion.py        9116  0.01s             1           0  1.07s           2026-06-02T06:54:30                      10
/opt/airflow/dags/local_evidence_build.py                             1           0  1.02s           2026-06-02T06:54:59                      10
/opt/airflow/dags/reconciliation_report.py                            1           0  0.98s           2026-06-02T06:54:57                      12
/opt/airflow/dags/hourly_batch_lakehouse.py                           1           0  0.95s           2026-06-02T06:54:57                      12
/opt/airflow/dags/kafka_topic_bootstrap.py                            1           0  0.92s           2026-06-02T06:54:33                      10
/opt/airflow/dags/pinot_bootstrap.py                                  1           0  0.92s           2026-06-02T06:54:33                      10
================================================================================
[2026-06-02T06:55:04.677+0000] {manager.py:821} INFO - Searching for files in /opt/airflow/dags
[2026-06-02T06:55:04.725+0000] {manager.py:824} INFO - There are 6 files in /opt/airflow/dags
[2026-06-02T06:55:31.079+0000] {manager.py:997} INFO - 
================================================================================
DAG File Processing Stats

File Path                                    PID    Runtime      # DAGs    # Errors  Last Runtime    Last Run               Last # of DB Queries
-------------------------------------------  -----  ---------  --------  ----------  --------------  -------------------  ----------------------
/opt/airflow/dags/datahub_ingestion.py                                1           0  1.11s           2026-06-02T06:55:01                      10
/opt/airflow/dags/local_evidence_build.py                             1           0  1.01s           2026-06-02T06:55:31                      10
/opt/airflow/dags/reconciliation_report.py                            1           0  0.97s           2026-06-02T06:55:29                      12
/opt/airflow/dags/hourly_batch_lakehouse.py                           1           0  0.96s           2026-06-02T06:55:29                      12
/opt/airflow/dags/pinot_bootstrap.py                                  1           0  0.95s           2026-06-02T06:55:04                      10
/opt/airflow/dags/kafka_topic_bootstrap.py                            1           0  0.91s           2026-06-02T06:55:04                      10
================================================================================
[2026-06-02T06:56:01.450+0000] {manager.py:997} INFO - 
================================================================================
DAG File Processing Stats

File Path                                      PID  Runtime      # DAGs    # Errors  Last Runtime    Last Run               Last # of DB Queries
-------------------------------------------  -----  ---------  --------  ----------  --------------  -------------------  ----------------------
/opt/airflow/dags/reconciliation_report.py                            1           0  1.05s           2026-06-02T06:56:00                      12
/opt/airflow/dags/hourly_batch_lakehouse.py                           1           0  1.03s           2026-06-02T06:56:00                      12
/opt/airflow/dags/local_evidence_build.py     9365  0.01s             1           0  1.01s           2026-06-02T06:55:31                      10
/opt/airflow/dags/datahub_ingestion.py                                1           0  0.99s           2026-06-02T06:55:33                      10
/opt/airflow/dags/kafka_topic_bootstrap.py                            1           0  0.94s           2026-06-02T06:55:36                      10
/opt/airflow/dags/pinot_bootstrap.py                                  1           0  0.91s           2026-06-02T06:55:36                      10
================================================================================
[2026-06-02T06:56:31.697+0000] {manager.py:997} INFO - 
================================================================================
DAG File Processing Stats

File Path                                    PID    Runtime      # DAGs    # Errors  Last Runtime    Last Run               Last # of DB Queries
-------------------------------------------  -----  ---------  --------  ----------  --------------  -------------------  ----------------------
/opt/airflow/dags/datahub_ingestion.py                                1           0  1.13s           2026-06-02T06:56:04                      10
/opt/airflow/dags/local_evidence_build.py                             1           0  1.02s           2026-06-02T06:56:02                      10
/opt/airflow/dags/reconciliation_report.py                            1           0  0.98s           2026-06-02T06:56:31                      12
/opt/airflow/dags/hourly_batch_lakehouse.py                           1           0  0.95s           2026-06-02T06:56:31                      12
/opt/airflow/dags/kafka_topic_bootstrap.py                            1           0  0.83s           2026-06-02T06:56:07                      10
/opt/airflow/dags/pinot_bootstrap.py                                  1           0  0.83s           2026-06-02T06:56:07                      10
================================================================================
[2026-06-02T06:57:02.081+0000] {manager.py:997} INFO - 
================================================================================
DAG File Processing Stats

File Path                                      PID  Runtime      # DAGs    # Errors  Last Runtime    Last Run               Last # of DB Queries
-------------------------------------------  -----  ---------  --------  ----------  --------------  -------------------  ----------------------
/opt/airflow/dags/datahub_ingestion.py                                1           0  1.07s           2026-06-02T06:56:35                      10
/opt/airflow/dags/local_evidence_build.py                             1           0  1.04s           2026-06-02T06:56:33                      10
/opt/airflow/dags/reconciliation_report.py    9593  0.02s             1           0  0.98s           2026-06-02T06:56:31                      12
/opt/airflow/dags/hourly_batch_lakehouse.py   9596  0.01s             1           0  0.95s           2026-06-02T06:56:31                      12
/opt/airflow/dags/pinot_bootstrap.py                                  1           0  0.89s           2026-06-02T06:56:38                      10
/opt/airflow/dags/kafka_topic_bootstrap.py                            1           0  0.87s           2026-06-02T06:56:38                      10
================================================================================
[2026-06-02T06:57:32.387+0000] {manager.py:997} INFO - 
================================================================================
DAG File Processing Stats

File Path                                    PID    Runtime      # DAGs    # Errors  Last Runtime    Last Run               Last # of DB Queries
-------------------------------------------  -----  ---------  --------  ----------  --------------  -------------------  ----------------------
/opt/airflow/dags/datahub_ingestion.py                                1           0  1.05s           2026-06-02T06:57:07                      10
/opt/airflow/dags/local_evidence_build.py                             1           0  1.04s           2026-06-02T06:57:05                      10
/opt/airflow/dags/reconciliation_report.py                            1           0  1.00s           2026-06-02T06:57:03                      12
/opt/airflow/dags/hourly_batch_lakehouse.py                           1           0  0.97s           2026-06-02T06:57:03                      12
/opt/airflow/dags/pinot_bootstrap.py                                  1           0  0.90s           2026-06-02T06:57:10                      10
/opt/airflow/dags/kafka_topic_bootstrap.py                            1           0  0.89s           2026-06-02T06:57:10                      10
================================================================================
[2026-06-02T06:58:02.745+0000] {manager.py:997} INFO - 
================================================================================
DAG File Processing Stats

File Path                                    PID    Runtime      # DAGs    # Errors  Last Runtime    Last Run               Last # of DB Queries
-------------------------------------------  -----  ---------  --------  ----------  --------------  -------------------  ----------------------
/opt/airflow/dags/local_evidence_build.py                             1           0  1.08s           2026-06-02T06:57:36                      10
/opt/airflow/dags/datahub_ingestion.py                                1           0  1.00s           2026-06-02T06:57:38                      10
/opt/airflow/dags/reconciliation_report.py                            1           0  0.96s           2026-06-02T06:57:34                      12
/opt/airflow/dags/pinot_bootstrap.py                                  1           0  0.95s           2026-06-02T06:57:41                      10
/opt/airflow/dags/hourly_batch_lakehouse.py                           1           0  0.95s           2026-06-02T06:57:34                      12
/opt/airflow/dags/kafka_topic_bootstrap.py                            1           0  0.94s           2026-06-02T06:57:41                      10
================================================================================
[2026-06-02T06:58:33.077+0000] {manager.py:997} INFO - 
================================================================================
DAG File Processing Stats

File Path                                    PID    Runtime      # DAGs    # Errors  Last Runtime    Last Run               Last # of DB Queries
-------------------------------------------  -----  ---------  --------  ----------  --------------  -------------------  ----------------------
/opt/airflow/dags/reconciliation_report.py                            1           0  1.00s           2026-06-02T06:58:05                      12
/opt/airflow/dags/local_evidence_build.py                             1           0  0.99s           2026-06-02T06:58:07                      10
/opt/airflow/dags/hourly_batch_lakehouse.py                           1           0  0.98s           2026-06-02T06:58:05                      12
/opt/airflow/dags/datahub_ingestion.py                                1           0  0.98s           2026-06-02T06:58:09                      10
/opt/airflow/dags/kafka_topic_bootstrap.py                            1           0  0.94s           2026-06-02T06:58:12                      10
/opt/airflow/dags/pinot_bootstrap.py                                  1           0  0.92s           2026-06-02T06:58:12                      10
================================================================================
[2026-06-02T06:59:03.509+0000] {manager.py:997} INFO - 
================================================================================
DAG File Processing Stats

File Path                                    PID    Runtime      # DAGs    # Errors  Last Runtime    Last Run               Last # of DB Queries
-------------------------------------------  -----  ---------  --------  ----------  --------------  -------------------  ----------------------
/opt/airflow/dags/datahub_ingestion.py                                1           0  1.29s           2026-06-02T06:58:41                      10
/opt/airflow/dags/local_evidence_build.py                             1           0  1.02s           2026-06-02T06:58:39                      10
/opt/airflow/dags/reconciliation_report.py                            1           0  1.00s           2026-06-02T06:58:37                      12
/opt/airflow/dags/hourly_batch_lakehouse.py                           1           0  1.00s           2026-06-02T06:58:37                      12
/opt/airflow/dags/pinot_bootstrap.py                                  1           0  0.92s           2026-06-02T06:58:44                      10
/opt/airflow/dags/kafka_topic_bootstrap.py                            1           0  0.91s           2026-06-02T06:58:44                      10
================================================================================
[2026-06-02T06:59:34.009+0000] {manager.py:997} INFO - 
================================================================================
DAG File Processing Stats

File Path                                    PID    Runtime      # DAGs    # Errors  Last Runtime    Last Run               Last # of DB Queries
-------------------------------------------  -----  ---------  --------  ----------  --------------  -------------------  ----------------------
/opt/airflow/dags/datahub_ingestion.py                                1           0  1.08s           2026-06-02T06:59:12                      10
/opt/airflow/dags/local_evidence_build.py                             1           0  1.03s           2026-06-02T06:59:10                      10
/opt/airflow/dags/hourly_batch_lakehouse.py                           1           0  1.02s           2026-06-02T06:59:08                      12
/opt/airflow/dags/reconciliation_report.py                            1           0  1.01s           2026-06-02T06:59:08                      12
/opt/airflow/dags/kafka_topic_bootstrap.py                            1           0  1.00s           2026-06-02T06:59:15                      10
/opt/airflow/dags/pinot_bootstrap.py                                  1           0  1.00s           2026-06-02T06:59:15                      10
================================================================================
[2026-06-02T07:00:04.344+0000] {manager.py:997} INFO - 
================================================================================
DAG File Processing Stats

File Path                                    PID    Runtime      # DAGs    # Errors  Last Runtime    Last Run               Last # of DB Queries
-------------------------------------------  -----  ---------  --------  ----------  --------------  -------------------  ----------------------
/opt/airflow/dags/datahub_ingestion.py                                1           0  1.02s           2026-06-02T06:59:44                      10
/opt/airflow/dags/local_evidence_build.py                             1           0  1.02s           2026-06-02T06:59:42                      10
/opt/airflow/dags/reconciliation_report.py                            1           0  0.99s           2026-06-02T06:59:40                      12
/opt/airflow/dags/hourly_batch_lakehouse.py                           1           0  0.97s           2026-06-02T06:59:40                      12
/opt/airflow/dags/kafka_topic_bootstrap.py                            1           0  0.94s           2026-06-02T06:59:47                      10
/opt/airflow/dags/pinot_bootstrap.py                                  1           0  0.94s           2026-06-02T06:59:47                      10
================================================================================
[2026-06-02T07:00:05.349+0000] {manager.py:821} INFO - Searching for files in /opt/airflow/dags
[2026-06-02T07:00:05.415+0000] {manager.py:824} INFO - There are 6 files in /opt/airflow/dags
[2026-06-02T07:00:34.816+0000] {manager.py:997} INFO - 
================================================================================
DAG File Processing Stats

File Path                                    PID    Runtime      # DAGs    # Errors  Last Runtime    Last Run               Last # of DB Queries
-------------------------------------------  -----  ---------  --------  ----------  --------------  -------------------  ----------------------
/opt/airflow/dags/datahub_ingestion.py                                1           0  1.12s           2026-06-02T07:00:15                      10
/opt/airflow/dags/local_evidence_build.py                             1           0  1.04s           2026-06-02T07:00:13                      10
/opt/airflow/dags/kafka_topic_bootstrap.py                            1           0  0.96s           2026-06-02T07:00:18                      10
/opt/airflow/dags/hourly_batch_lakehouse.py                           1           0  0.96s           2026-06-02T07:00:11                      12
/opt/airflow/dags/reconciliation_report.py                            1           0  0.95s           2026-06-02T07:00:11                      12
/opt/airflow/dags/pinot_bootstrap.py                                  1           0  0.93s           2026-06-02T07:00:18                      10
================================================================================
[2026-06-02T07:01:05.186+0000] {manager.py:997} INFO - 
================================================================================
DAG File Processing Stats

File Path                                    PID    Runtime      # DAGs    # Errors  Last Runtime    Last Run               Last # of DB Queries
-------------------------------------------  -----  ---------  --------  ----------  --------------  -------------------  ----------------------
/opt/airflow/dags/local_evidence_build.py                             1           0  1.09s           2026-06-02T07:00:45                      10
/opt/airflow/dags/datahub_ingestion.py                                1           0  1.06s           2026-06-02T07:00:47                      10
/opt/airflow/dags/hourly_batch_lakehouse.py                           1           0  1.04s           2026-06-02T07:00:42                      12
/opt/airflow/dags/reconciliation_report.py                            1           0  1.04s           2026-06-02T07:00:42                      12
/opt/airflow/dags/pinot_bootstrap.py                                  1           0  0.92s           2026-06-02T07:00:50                      10
/opt/airflow/dags/kafka_topic_bootstrap.py                            1           0  0.91s           2026-06-02T07:00:49                      10
================================================================================
[2026-06-02T07:01:35.633+0000] {manager.py:997} INFO - 
================================================================================
DAG File Processing Stats

File Path                                    PID    Runtime      # DAGs    # Errors  Last Runtime    Last Run               Last # of DB Queries
-------------------------------------------  -----  ---------  --------  ----------  --------------  -------------------  ----------------------
/opt/airflow/dags/local_evidence_build.py                             1           0  1.09s           2026-06-02T07:01:16                      10
/opt/airflow/dags/datahub_ingestion.py                                1           0  1.04s           2026-06-02T07:01:18                      10
/opt/airflow/dags/reconciliation_report.py                            1           0  1.02s           2026-06-02T07:01:14                      12
/opt/airflow/dags/kafka_topic_bootstrap.py                            1           0  1.01s           2026-06-02T07:01:21                      10
/opt/airflow/dags/pinot_bootstrap.py                                  1           0  1.01s           2026-06-02T07:01:21                      10
/opt/airflow/dags/hourly_batch_lakehouse.py                           1           0  0.99s           2026-06-02T07:01:14                      12
================================================================================
[2026-06-02T07:02:06.013+0000] {manager.py:997} INFO - 
================================================================================
DAG File Processing Stats

File Path                                    PID    Runtime      # DAGs    # Errors  Last Runtime    Last Run               Last # of DB Queries
-------------------------------------------  -----  ---------  --------  ----------  --------------  -------------------  ----------------------
/opt/airflow/dags/reconciliation_report.py                            1           0  1.27s           2026-06-02T07:01:46                      12
/opt/airflow/dags/hourly_batch_lakehouse.py                           1           0  1.23s           2026-06-02T07:01:45                      12
/opt/airflow/dags/datahub_ingestion.py                                1           0  1.02s           2026-06-02T07:01:49                      10
/opt/airflow/dags/local_evidence_build.py                             1           0  1.02s           2026-06-02T07:01:47                      10
/opt/airflow/dags/kafka_topic_bootstrap.py                            1           0  0.93s           2026-06-02T07:01:52                      10
/opt/airflow/dags/pinot_bootstrap.py                                  1           0  0.89s           2026-06-02T07:01:52                      10
================================================================================
[2026-06-02T07:02:36.333+0000] {manager.py:997} INFO - 
================================================================================
DAG File Processing Stats

File Path                                    PID    Runtime      # DAGs    # Errors  Last Runtime    Last Run               Last # of DB Queries
-------------------------------------------  -----  ---------  --------  ----------  --------------  -------------------  ----------------------
/opt/airflow/dags/datahub_ingestion.py                                1           0  1.13s           2026-06-02T07:02:21                      10
/opt/airflow/dags/reconciliation_report.py                            1           0  1.01s           2026-06-02T07:02:17                      12
/opt/airflow/dags/local_evidence_build.py                             1           0  1.00s           2026-06-02T07:02:19                      10
/opt/airflow/dags/hourly_batch_lakehouse.py                           1           0  0.98s           2026-06-02T07:02:17                      12
/opt/airflow/dags/kafka_topic_bootstrap.py                            1           0  0.90s           2026-06-02T07:02:24                      10
/opt/airflow/dags/pinot_bootstrap.py                                  1           0  0.88s           2026-06-02T07:02:24                      10
================================================================================
[2026-06-02T07:03:06.818+0000] {manager.py:997} INFO - 
================================================================================
DAG File Processing Stats

File Path                                    PID    Runtime      # DAGs    # Errors  Last Runtime    Last Run               Last # of DB Queries
-------------------------------------------  -----  ---------  --------  ----------  --------------  -------------------  ----------------------
/opt/airflow/dags/datahub_ingestion.py                                1           0  1.11s           2026-06-02T07:02:52                      10
/opt/airflow/dags/reconciliation_report.py                            1           0  1.06s           2026-06-02T07:02:48                      12
/opt/airflow/dags/hourly_batch_lakehouse.py                           1           0  1.03s           2026-06-02T07:02:48                      12
/opt/airflow/dags/pinot_bootstrap.py                                  1           0  1.01s           2026-06-02T07:02:55                      10
/opt/airflow/dags/kafka_topic_bootstrap.py                            1           0  1.01s           2026-06-02T07:02:55                      10
/opt/airflow/dags/local_evidence_build.py                             1           0  1.00s           2026-06-02T07:02:50                      10
================================================================================
[2026-06-02T07:03:37.245+0000] {manager.py:997} INFO - 
================================================================================
DAG File Processing Stats

File Path                                    PID    Runtime      # DAGs    # Errors  Last Runtime    Last Run               Last # of DB Queries
-------------------------------------------  -----  ---------  --------  ----------  --------------  -------------------  ----------------------
/opt/airflow/dags/datahub_ingestion.py                                1           0  1.13s           2026-06-02T07:03:24                      10
/opt/airflow/dags/kafka_topic_bootstrap.py                            1           0  1.03s           2026-06-02T07:03:27                      10
/opt/airflow/dags/local_evidence_build.py                             1           0  1.03s           2026-06-02T07:03:22                      10
/opt/airflow/dags/pinot_bootstrap.py                                  1           0  1.02s           2026-06-02T07:03:27                      10
/opt/airflow/dags/reconciliation_report.py                            1           0  0.94s           2026-06-02T07:03:19                      12
/opt/airflow/dags/hourly_batch_lakehouse.py                           1           0  0.94s           2026-06-02T07:03:19                      12
================================================================================
[2026-06-02T07:04:07.698+0000] {manager.py:997} INFO - 
================================================================================
DAG File Processing Stats

File Path                                    PID    Runtime      # DAGs    # Errors  Last Runtime    Last Run               Last # of DB Queries
-------------------------------------------  -----  ---------  --------  ----------  --------------  -------------------  ----------------------
/opt/airflow/dags/local_evidence_build.py                             1           0  1.17s           2026-06-02T07:03:53                      10
/opt/airflow/dags/datahub_ingestion.py                                1           0  1.09s           2026-06-02T07:03:55                      10
/opt/airflow/dags/kafka_topic_bootstrap.py                            1           0  0.97s           2026-06-02T07:03:58                      10
/opt/airflow/dags/reconciliation_report.py                            1           0  0.97s           2026-06-02T07:03:51                      12
/opt/airflow/dags/hourly_batch_lakehouse.py                           1           0  0.96s           2026-06-02T07:03:51                      12
/opt/airflow/dags/pinot_bootstrap.py                                  1           0  0.93s           2026-06-02T07:03:58                      10
================================================================================
[2026-06-02T07:04:38.185+0000] {manager.py:997} INFO - 
================================================================================
DAG File Processing Stats

File Path                                    PID    Runtime      # DAGs    # Errors  Last Runtime    Last Run               Last # of DB Queries
-------------------------------------------  -----  ---------  --------  ----------  --------------  -------------------  ----------------------
/opt/airflow/dags/reconciliation_report.py                            1           0  4.42s           2026-06-02T07:04:28                      12
/opt/airflow/dags/local_evidence_build.py                             1           0  3.61s           2026-06-02T07:04:30                      10
/opt/airflow/dags/hourly_batch_lakehouse.py                           1           0  2.72s           2026-06-02T07:04:27                      12
/opt/airflow/dags/datahub_ingestion.py                                1           0  2.66s           2026-06-02T07:04:31                      10
/opt/airflow/dags/kafka_topic_bootstrap.py                            1           0  2.28s           2026-06-02T07:04:33                      10
/opt/airflow/dags/pinot_bootstrap.py                                  1           0  1.31s           2026-06-02T07:04:33                      10
================================================================================
[2026-06-02T07:05:05.694+0000] {manager.py:821} INFO - Searching for files in /opt/airflow/dags
[2026-06-02T07:05:05.763+0000] {manager.py:824} INFO - There are 6 files in /opt/airflow/dags
[2026-06-02T07:05:08.840+0000] {manager.py:997} INFO - 
================================================================================
DAG File Processing Stats

File Path                                    PID    Runtime      # DAGs    # Errors  Last Runtime    Last Run               Last # of DB Queries
-------------------------------------------  -----  ---------  --------  ----------  --------------  -------------------  ----------------------
/opt/airflow/dags/datahub_ingestion.py                                1           0  1.13s           2026-06-02T07:05:02                      10
/opt/airflow/dags/reconciliation_report.py                            1           0  1.13s           2026-06-02T07:04:59                      12
/opt/airflow/dags/local_evidence_build.py                             1           0  1.12s           2026-06-02T07:05:02                      10
/opt/airflow/dags/hourly_batch_lakehouse.py                           1           0  1.06s           2026-06-02T07:04:58                      12
/opt/airflow/dags/kafka_topic_bootstrap.py                            1           0  1.04s           2026-06-02T07:05:04                      10
/opt/airflow/dags/pinot_bootstrap.py                                  1           0  1.02s           2026-06-02T07:05:04                      10
================================================================================
[2026-06-02T07:05:39.230+0000] {manager.py:997} INFO - 
================================================================================
DAG File Processing Stats

File Path                                    PID    Runtime      # DAGs    # Errors  Last Runtime    Last Run               Last # of DB Queries
-------------------------------------------  -----  ---------  --------  ----------  --------------  -------------------  ----------------------
/opt/airflow/dags/hourly_batch_lakehouse.py                           1           0  1.06s           2026-06-02T07:05:30                      12
/opt/airflow/dags/reconciliation_report.py                            1           0  1.02s           2026-06-02T07:05:31                      12
/opt/airflow/dags/kafka_topic_bootstrap.py                            1           0  0.99s           2026-06-02T07:05:36                      10
/opt/airflow/dags/pinot_bootstrap.py                                  1           0  0.98s           2026-06-02T07:05:36                      10
/opt/airflow/dags/datahub_ingestion.py                                1           0  0.97s           2026-06-02T07:05:34                      10
/opt/airflow/dags/local_evidence_build.py                             1           0  0.96s           2026-06-02T07:05:34                      10
================================================================================
[2026-06-02T07:06:09.625+0000] {manager.py:997} INFO - 
================================================================================
DAG File Processing Stats

File Path                                    PID    Runtime      # DAGs    # Errors  Last Runtime    Last Run               Last # of DB Queries
-------------------------------------------  -----  ---------  --------  ----------  --------------  -------------------  ----------------------
/opt/airflow/dags/hourly_batch_lakehouse.py                           1           0  1.08s           2026-06-02T07:06:01                      12
/opt/airflow/dags/reconciliation_report.py                            1           0  1.08s           2026-06-02T07:06:02                      12
/opt/airflow/dags/datahub_ingestion.py                                1           0  0.99s           2026-06-02T07:06:05                      10
/opt/airflow/dags/local_evidence_build.py                             1           0  0.99s           2026-06-02T07:06:05                      10
/opt/airflow/dags/pinot_bootstrap.py                                  1           0  0.94s           2026-06-02T07:06:07                      10
/opt/airflow/dags/kafka_topic_bootstrap.py                            1           0  0.94s           2026-06-02T07:06:07                      10
================================================================================
[2026-06-02T07:06:40.036+0000] {manager.py:997} INFO - 
================================================================================
DAG File Processing Stats

File Path                                    PID    Runtime      # DAGs    # Errors  Last Runtime    Last Run               Last # of DB Queries
-------------------------------------------  -----  ---------  --------  ----------  --------------  -------------------  ----------------------
/opt/airflow/dags/hourly_batch_lakehouse.py                           1           0  1.09s           2026-06-02T07:06:33                      12
/opt/airflow/dags/reconciliation_report.py                            1           0  1.04s           2026-06-02T07:06:34                      12
/opt/airflow/dags/local_evidence_build.py                             1           0  1.04s           2026-06-02T07:06:37                      10
/opt/airflow/dags/datahub_ingestion.py                                1           0  1.00s           2026-06-02T07:06:37                      10
/opt/airflow/dags/kafka_topic_bootstrap.py                            1           0  0.94s           2026-06-02T07:06:39                      10
/opt/airflow/dags/pinot_bootstrap.py                                  1           0  0.89s           2026-06-02T07:06:39                      10
================================================================================
[2026-06-02T07:07:10.410+0000] {manager.py:997} INFO - 
================================================================================
DAG File Processing Stats

File Path                                    PID    Runtime      # DAGs    # Errors  Last Runtime    Last Run               Last # of DB Queries
-------------------------------------------  -----  ---------  --------  ----------  --------------  -------------------  ----------------------
/opt/airflow/dags/hourly_batch_lakehouse.py                           1           0  1.06s           2026-06-02T07:07:04                      12
/opt/airflow/dags/local_evidence_build.py                             1           0  1.01s           2026-06-02T07:07:08                      10
/opt/airflow/dags/reconciliation_report.py                            1           0  1.00s           2026-06-02T07:07:05                      12
/opt/airflow/dags/datahub_ingestion.py                                1           0  0.99s           2026-06-02T07:07:08                      10
/opt/airflow/dags/pinot_bootstrap.py                                  1           0  0.87s           2026-06-02T07:07:10                      10
/opt/airflow/dags/kafka_topic_bootstrap.py                            1           0  0.85s           2026-06-02T07:07:10                      10
================================================================================
[2026-06-02T07:07:40.838+0000] {manager.py:997} INFO - 
================================================================================
DAG File Processing Stats

File Path                                      PID  Runtime      # DAGs    # Errors  Last Runtime    Last Run               Last # of DB Queries
-------------------------------------------  -----  ---------  --------  ----------  --------------  -------------------  ----------------------
/opt/airflow/dags/hourly_batch_lakehouse.py                           1           0  1.12s           2026-06-02T07:07:35                      12
/opt/airflow/dags/reconciliation_report.py                            1           0  1.08s           2026-06-02T07:07:36                      12
/opt/airflow/dags/datahub_ingestion.py                                1           0  0.97s           2026-06-02T07:07:39                      10
/opt/airflow/dags/local_evidence_build.py                             1           0  0.97s           2026-06-02T07:07:39                      10
/opt/airflow/dags/pinot_bootstrap.py         12371  0.01s             1           0  0.87s           2026-06-02T07:07:10                      10
/opt/airflow/dags/kafka_topic_bootstrap.py   12368  0.02s             1           0  0.85s           2026-06-02T07:07:10                      10
================================================================================
[2026-06-02T07:08:11.095+0000] {manager.py:997} INFO - 
================================================================================
DAG File Processing Stats

File Path                                    PID    Runtime      # DAGs    # Errors  Last Runtime    Last Run               Last # of DB Queries
-------------------------------------------  -----  ---------  --------  ----------  --------------  -------------------  ----------------------
/opt/airflow/dags/hourly_batch_lakehouse.py                           1           0  1.12s           2026-06-02T07:08:07                      12
/opt/airflow/dags/reconciliation_report.py                            1           0  1.07s           2026-06-02T07:08:08                      12
/opt/airflow/dags/local_evidence_build.py                             1           0  1.01s           2026-06-02T07:08:11                      10
/opt/airflow/dags/datahub_ingestion.py                                1           0  0.99s           2026-06-02T07:08:11                      10
/opt/airflow/dags/kafka_topic_bootstrap.py                            1           0  0.87s           2026-06-02T07:07:41                      10
/opt/airflow/dags/pinot_bootstrap.py                                  1           0  0.84s           2026-06-02T07:07:41                      10
================================================================================
[2026-06-02T07:08:41.492+0000] {manager.py:997} INFO - 
================================================================================
DAG File Processing Stats

File Path                                      PID  Runtime      # DAGs    # Errors  Last Runtime    Last Run               Last # of DB Queries
-------------------------------------------  -----  ---------  --------  ----------  --------------  -------------------  ----------------------
/opt/airflow/dags/hourly_batch_lakehouse.py                           1           0  1.07s           2026-06-02T07:08:38                      12
/opt/airflow/dags/reconciliation_report.py                            1           0  1.02s           2026-06-02T07:08:39                      12
/opt/airflow/dags/local_evidence_build.py    12596  0.02s             1           0  1.01s           2026-06-02T07:08:11                      10
/opt/airflow/dags/datahub_ingestion.py       12599  0.01s             1           0  0.99s           2026-06-02T07:08:11                      10
/opt/airflow/dags/kafka_topic_bootstrap.py                            1           0  0.91s           2026-06-02T07:08:13                      10
/opt/airflow/dags/pinot_bootstrap.py                                  1           0  0.87s           2026-06-02T07:08:13                      10
================================================================================
[2026-06-02T07:09:11.826+0000] {manager.py:997} INFO - 
================================================================================
DAG File Processing Stats

File Path                                    PID    Runtime      # DAGs    # Errors  Last Runtime    Last Run               Last # of DB Queries
-------------------------------------------  -----  ---------  --------  ----------  --------------  -------------------  ----------------------
/opt/airflow/dags/hourly_batch_lakehouse.py                           1           0  1.11s           2026-06-02T07:09:09                      12
/opt/airflow/dags/reconciliation_report.py                            1           0  1.05s           2026-06-02T07:09:10                      12
/opt/airflow/dags/local_evidence_build.py                             1           0  1.02s           2026-06-02T07:08:42                      10
/opt/airflow/dags/datahub_ingestion.py                                1           0  0.99s           2026-06-02T07:08:42                      10
/opt/airflow/dags/kafka_topic_bootstrap.py                            1           0  0.93s           2026-06-02T07:08:44                      10
/opt/airflow/dags/pinot_bootstrap.py                                  1           0  0.91s           2026-06-02T07:08:44                      10
================================================================================
[2026-06-02T07:09:42.228+0000] {manager.py:997} INFO - 
================================================================================
DAG File Processing Stats

File Path                                    PID    Runtime      # DAGs    # Errors  Last Runtime    Last Run               Last # of DB Queries
-------------------------------------------  -----  ---------  --------  ----------  --------------  -------------------  ----------------------
/opt/airflow/dags/hourly_batch_lakehouse.py                           1           0  1.21s           2026-06-02T07:09:41                      12
/opt/airflow/dags/reconciliation_report.py                            1           0  1.09s           2026-06-02T07:09:42                      12
/opt/airflow/dags/local_evidence_build.py                             1           0  0.97s           2026-06-02T07:09:13                      10
/opt/airflow/dags/pinot_bootstrap.py                                  1           0  0.96s           2026-06-02T07:09:15                      10
/opt/airflow/dags/kafka_topic_bootstrap.py                            1           0  0.94s           2026-06-02T07:09:15                      10
/opt/airflow/dags/datahub_ingestion.py                                1           0  0.94s           2026-06-02T07:09:13                      10
================================================================================
[2026-06-02T07:10:06.408+0000] {manager.py:821} INFO - Searching for files in /opt/airflow/dags
[2026-06-02T07:10:06.443+0000] {manager.py:824} INFO - There are 6 files in /opt/airflow/dags
[2026-06-02T07:10:12.568+0000] {manager.py:997} INFO - 
================================================================================
DAG File Processing Stats

File Path                                      PID  Runtime      # DAGs    # Errors  Last Runtime    Last Run               Last # of DB Queries
-------------------------------------------  -----  ---------  --------  ----------  --------------  -------------------  ----------------------
/opt/airflow/dags/hourly_batch_lakehouse.py  12950  1.03s             1           0  1.21s           2026-06-02T07:09:41                      12
/opt/airflow/dags/reconciliation_report.py   12969  0.01s             1           0  1.09s           2026-06-02T07:09:42                      12
/opt/airflow/dags/datahub_ingestion.py                                1           0  0.93s           2026-06-02T07:09:45                      10
/opt/airflow/dags/local_evidence_build.py                             1           0  0.93s           2026-06-02T07:09:45                      10
/opt/airflow/dags/kafka_topic_bootstrap.py                            1           0  0.92s           2026-06-02T07:09:47                      10
/opt/airflow/dags/pinot_bootstrap.py                                  1           0  0.89s           2026-06-02T07:09:47                      10
================================================================================
[2026-06-02T07:10:43.129+0000] {manager.py:997} INFO - 
================================================================================
DAG File Processing Stats

File Path                                      PID  Runtime      # DAGs    # Errors  Last Runtime    Last Run               Last # of DB Queries
-------------------------------------------  -----  ---------  --------  ----------  --------------  -------------------  ----------------------
/opt/airflow/dags/reconciliation_report.py                            1           0  1.30s           2026-06-02T07:10:13                      12
/opt/airflow/dags/local_evidence_build.py                             1           0  1.11s           2026-06-02T07:10:16                      10
/opt/airflow/dags/hourly_batch_lakehouse.py  13085  0.01s             1           0  1.11s           2026-06-02T07:10:12                      12
/opt/airflow/dags/datahub_ingestion.py                                1           0  1.07s           2026-06-02T07:10:16                      10
/opt/airflow/dags/kafka_topic_bootstrap.py                            1           0  0.91s           2026-06-02T07:10:18                      10
/opt/airflow/dags/pinot_bootstrap.py                                  1           0  0.87s           2026-06-02T07:10:18                      10
================================================================================
[2026-06-02T07:11:13.481+0000] {manager.py:997} INFO - 
================================================================================
DAG File Processing Stats

File Path                                    PID    Runtime      # DAGs    # Errors  Last Runtime    Last Run               Last # of DB Queries
-------------------------------------------  -----  ---------  --------  ----------  --------------  -------------------  ----------------------
/opt/airflow/dags/local_evidence_build.py                             1           0  1.09s           2026-06-02T07:10:48                      10
/opt/airflow/dags/reconciliation_report.py                            1           0  1.06s           2026-06-02T07:10:45                      12
/opt/airflow/dags/datahub_ingestion.py                                1           0  1.06s           2026-06-02T07:10:48                      10
/opt/airflow/dags/hourly_batch_lakehouse.py                           1           0  1.06s           2026-06-02T07:10:44                      12
/opt/airflow/dags/kafka_topic_bootstrap.py                            1           0  0.91s           2026-06-02T07:10:50                      10
/opt/airflow/dags/pinot_bootstrap.py                                  1           0  0.88s           2026-06-02T07:10:50                      10
================================================================================
[2026-06-02T07:11:43.934+0000] {manager.py:997} INFO - 
================================================================================
DAG File Processing Stats

File Path                                    PID    Runtime      # DAGs    # Errors  Last Runtime    Last Run               Last # of DB Queries
-------------------------------------------  -----  ---------  --------  ----------  --------------  -------------------  ----------------------
/opt/airflow/dags/hourly_batch_lakehouse.py                           1           0  1.36s           2026-06-02T07:11:15                      12
/opt/airflow/dags/reconciliation_report.py                            1           0  1.09s           2026-06-02T07:11:16                      12
/opt/airflow/dags/local_evidence_build.py                             1           0  1.03s           2026-06-02T07:11:19                      10
/opt/airflow/dags/datahub_ingestion.py                                1           0  0.99s           2026-06-02T07:11:19                      10
/opt/airflow/dags/kafka_topic_bootstrap.py                            1           0  0.89s           2026-06-02T07:11:21                      10
/opt/airflow/dags/pinot_bootstrap.py                                  1           0  0.85s           2026-06-02T07:11:21                      10
================================================================================
[2026-06-02T07:12:14.339+0000] {manager.py:997} INFO - 
================================================================================
DAG File Processing Stats

File Path                                    PID    Runtime      # DAGs    # Errors  Last Runtime    Last Run               Last # of DB Queries
-------------------------------------------  -----  ---------  --------  ----------  --------------  -------------------  ----------------------
/opt/airflow/dags/hourly_batch_lakehouse.py                           1           0  1.12s           2026-06-02T07:11:47                      12
/opt/airflow/dags/local_evidence_build.py                             1           0  1.11s           2026-06-02T07:11:51                      10
/opt/airflow/dags/datahub_ingestion.py                                1           0  1.09s           2026-06-02T07:11:51                      10
/opt/airflow/dags/reconciliation_report.py                            1           0  0.99s           2026-06-02T07:11:47                      12
/opt/airflow/dags/kafka_topic_bootstrap.py                            1           0  0.95s           2026-06-02T07:11:53                      10
/opt/airflow/dags/pinot_bootstrap.py                                  1           0  0.92s           2026-06-02T07:11:53                      10
================================================================================
[2026-06-02T07:12:44.814+0000] {manager.py:997} INFO - 
================================================================================
DAG File Processing Stats

File Path                                    PID    Runtime      # DAGs    # Errors  Last Runtime    Last Run               Last # of DB Queries
-------------------------------------------  -----  ---------  --------  ----------  --------------  -------------------  ----------------------
/opt/airflow/dags/hourly_batch_lakehouse.py                           1           0  1.17s           2026-06-02T07:12:18                      12
/opt/airflow/dags/reconciliation_report.py                            1           0  1.07s           2026-06-02T07:12:19                      12
/opt/airflow/dags/kafka_topic_bootstrap.py                            1           0  0.99s           2026-06-02T07:12:24                      10
/opt/airflow/dags/pinot_bootstrap.py                                  1           0  0.97s           2026-06-02T07:12:24                      10
/opt/airflow/dags/datahub_ingestion.py                                1           0  0.97s           2026-06-02T07:12:22                      10
/opt/airflow/dags/local_evidence_build.py                             1           0  0.96s           2026-06-02T07:12:22                      10
================================================================================
[2026-06-02T07:13:15.069+0000] {manager.py:997} INFO - 
================================================================================
DAG File Processing Stats

File Path                                    PID    Runtime      # DAGs    # Errors  Last Runtime    Last Run               Last # of DB Queries
-------------------------------------------  -----  ---------  --------  ----------  --------------  -------------------  ----------------------
/opt/airflow/dags/hourly_batch_lakehouse.py                           1           0  1.10s           2026-06-02T07:12:49                      12
/opt/airflow/dags/reconciliation_report.py                            1           0  1.08s           2026-06-02T07:12:50                      12
/opt/airflow/dags/local_evidence_build.py                             1           0  1.01s           2026-06-02T07:12:53                      10
/opt/airflow/dags/datahub_ingestion.py                                1           0  0.99s           2026-06-02T07:12:53                      10
/opt/airflow/dags/kafka_topic_bootstrap.py                            1           0  0.87s           2026-06-02T07:12:55                      10
/opt/airflow/dags/pinot_bootstrap.py                                  1           0  0.85s           2026-06-02T07:12:55                      10
================================================================================
[2026-06-02T07:13:45.365+0000] {manager.py:997} INFO - 
================================================================================
DAG File Processing Stats

File Path                                    PID    Runtime      # DAGs    # Errors  Last Runtime    Last Run               Last # of DB Queries
-------------------------------------------  -----  ---------  --------  ----------  --------------  -------------------  ----------------------
/opt/airflow/dags/hourly_batch_lakehouse.py                           1           0  1.15s           2026-06-02T07:13:21                      12
/opt/airflow/dags/reconciliation_report.py                            1           0  1.07s           2026-06-02T07:13:22                      12
/opt/airflow/dags/local_evidence_build.py                             1           0  1.01s           2026-06-02T07:13:25                      10
/opt/airflow/dags/datahub_ingestion.py                                1           0  0.99s           2026-06-02T07:13:25                      10
/opt/airflow/dags/pinot_bootstrap.py                                  1           0  0.89s           2026-06-02T07:13:27                      10
/opt/airflow/dags/kafka_topic_bootstrap.py                            1           0  0.88s           2026-06-02T07:13:27                      10
================================================================================
[2026-06-02T07:14:15.931+0000] {manager.py:997} INFO - 
================================================================================
DAG File Processing Stats

File Path                                    PID    Runtime      # DAGs    # Errors  Last Runtime    Last Run               Last # of DB Queries
-------------------------------------------  -----  ---------  --------  ----------  --------------  -------------------  ----------------------
/opt/airflow/dags/datahub_ingestion.py                                1           0  1.18s           2026-06-02T07:13:56                      10
/opt/airflow/dags/local_evidence_build.py                             1           0  1.18s           2026-06-02T07:13:56                      10
/opt/airflow/dags/hourly_batch_lakehouse.py                           1           0  1.08s           2026-06-02T07:13:52                      12
/opt/airflow/dags/reconciliation_report.py                            1           0  1.03s           2026-06-02T07:13:53                      12
/opt/airflow/dags/kafka_topic_bootstrap.py                            1           0  0.93s           2026-06-02T07:13:58                      10
/opt/airflow/dags/pinot_bootstrap.py                                  1           0  0.92s           2026-06-02T07:13:58                      10
================================================================================
[2026-06-02T07:14:46.211+0000] {manager.py:997} INFO - 
================================================================================
DAG File Processing Stats

File Path                                    PID    Runtime      # DAGs    # Errors  Last Runtime    Last Run               Last # of DB Queries
-------------------------------------------  -----  ---------  --------  ----------  --------------  -------------------  ----------------------
/opt/airflow/dags/hourly_batch_lakehouse.py                           1           0  1.03s           2026-06-02T07:14:24                      12
/opt/airflow/dags/reconciliation_report.py                            1           0  1.03s           2026-06-02T07:14:25                      12
/opt/airflow/dags/local_evidence_build.py                             1           0  0.97s           2026-06-02T07:14:28                      10
/opt/airflow/dags/datahub_ingestion.py                                1           0  0.95s           2026-06-02T07:14:28                      10
/opt/airflow/dags/pinot_bootstrap.py                                  1           0  0.90s           2026-06-02T07:14:30                      10
/opt/airflow/dags/kafka_topic_bootstrap.py                            1           0  0.89s           2026-06-02T07:14:29                      10
================================================================================
[2026-06-02T07:15:06.568+0000] {manager.py:821} INFO - Searching for files in /opt/airflow/dags
[2026-06-02T07:15:06.611+0000] {manager.py:824} INFO - There are 6 files in /opt/airflow/dags
[2026-06-02T07:15:16.760+0000] {manager.py:997} INFO - 
================================================================================
DAG File Processing Stats

File Path                                    PID    Runtime      # DAGs    # Errors  Last Runtime    Last Run               Last # of DB Queries
-------------------------------------------  -----  ---------  --------  ----------  --------------  -------------------  ----------------------
/opt/airflow/dags/reconciliation_report.py                            1           0  1.14s           2026-06-02T07:14:56                      12
/opt/airflow/dags/hourly_batch_lakehouse.py                           1           0  1.14s           2026-06-02T07:14:55                      12
/opt/airflow/dags/local_evidence_build.py                             1           0  0.97s           2026-06-02T07:14:59                      10
/opt/airflow/dags/datahub_ingestion.py                                1           0  0.96s           2026-06-02T07:14:59                      10
/opt/airflow/dags/kafka_topic_bootstrap.py                            1           0  0.93s           2026-06-02T07:15:01                      10
/opt/airflow/dags/pinot_bootstrap.py                                  1           0  0.93s           2026-06-02T07:15:01                      10
================================================================================
[2026-06-02T07:15:47.157+0000] {manager.py:997} INFO - 
================================================================================
DAG File Processing Stats

File Path                                    PID    Runtime      # DAGs    # Errors  Last Runtime    Last Run               Last # of DB Queries
-------------------------------------------  -----  ---------  --------  ----------  --------------  -------------------  ----------------------
/opt/airflow/dags/hourly_batch_lakehouse.py                           1           0  1.12s           2026-06-02T07:15:27                      12
/opt/airflow/dags/reconciliation_report.py                            1           0  1.10s           2026-06-02T07:15:27                      12
/opt/airflow/dags/datahub_ingestion.py                                1           0  0.99s           2026-06-02T07:15:31                      10
/opt/airflow/dags/local_evidence_build.py                             1           0  0.99s           2026-06-02T07:15:31                      10
/opt/airflow/dags/kafka_topic_bootstrap.py                            1           0  0.90s           2026-06-02T07:15:32                      10
/opt/airflow/dags/pinot_bootstrap.py                                  1           0  0.90s           2026-06-02T07:15:32                      10
================================================================================
[2026-06-02T07:16:17.550+0000] {manager.py:997} INFO - 
================================================================================
DAG File Processing Stats

File Path                                    PID    Runtime      # DAGs    # Errors  Last Runtime    Last Run               Last # of DB Queries
-------------------------------------------  -----  ---------  --------  ----------  --------------  -------------------  ----------------------
/opt/airflow/dags/reconciliation_report.py                            1           0  1.10s           2026-06-02T07:15:59                      12
/opt/airflow/dags/hourly_batch_lakehouse.py                           1           0  1.05s           2026-06-02T07:15:58                      12
/opt/airflow/dags/local_evidence_build.py                             1           0  1.03s           2026-06-02T07:16:02                      10
/opt/airflow/dags/datahub_ingestion.py                                1           0  1.00s           2026-06-02T07:16:02                      10
/opt/airflow/dags/kafka_topic_bootstrap.py                            1           0  0.88s           2026-06-02T07:16:04                      10
/opt/airflow/dags/pinot_bootstrap.py                                  1           0  0.88s           2026-06-02T07:16:04                      10
================================================================================
[2026-06-02T07:16:48.034+0000] {manager.py:997} INFO - 
================================================================================
DAG File Processing Stats

File Path                                    PID    Runtime      # DAGs    # Errors  Last Runtime    Last Run               Last # of DB Queries
-------------------------------------------  -----  ---------  --------  ----------  --------------  -------------------  ----------------------
/opt/airflow/dags/local_evidence_build.py                             1           0  1.19s           2026-06-02T07:16:34                      10
/opt/airflow/dags/datahub_ingestion.py                                1           0  1.19s           2026-06-02T07:16:34                      10
/opt/airflow/dags/hourly_batch_lakehouse.py                           1           0  1.08s           2026-06-02T07:16:29                      12
/opt/airflow/dags/reconciliation_report.py                            1           0  1.06s           2026-06-02T07:16:30                      12
/opt/airflow/dags/kafka_topic_bootstrap.py                            1           0  0.97s           2026-06-02T07:16:35                      10
/opt/airflow/dags/pinot_bootstrap.py                                  1           0  0.94s           2026-06-02T07:16:35                      10
================================================================================
[2026-06-02T07:17:18.573+0000] {manager.py:997} INFO - 
================================================================================
DAG File Processing Stats

File Path                                    PID    Runtime      # DAGs    # Errors  Last Runtime    Last Run               Last # of DB Queries
-------------------------------------------  -----  ---------  --------  ----------  --------------  -------------------  ----------------------
/opt/airflow/dags/kafka_topic_bootstrap.py                            1           0  1.15s           2026-06-02T07:17:07                      10
/opt/airflow/dags/hourly_batch_lakehouse.py                           1           0  1.13s           2026-06-02T07:17:01                      12
/opt/airflow/dags/pinot_bootstrap.py                                  1           0  1.11s           2026-06-02T07:17:07                      10
/opt/airflow/dags/reconciliation_report.py                            1           0  1.04s           2026-06-02T07:17:02                      12
/opt/airflow/dags/local_evidence_build.py                             1           0  1.00s           2026-06-02T07:17:05                      10
/opt/airflow/dags/datahub_ingestion.py                                1           0  0.98s           2026-06-02T07:17:05                      10
================================================================================
[2026-06-02T07:17:49.010+0000] {manager.py:997} INFO - 
================================================================================
DAG File Processing Stats

File Path                                    PID    Runtime      # DAGs    # Errors  Last Runtime    Last Run               Last # of DB Queries
-------------------------------------------  -----  ---------  --------  ----------  --------------  -------------------  ----------------------
/opt/airflow/dags/hourly_batch_lakehouse.py                           1           0  1.22s           2026-06-02T07:17:32                      12
/opt/airflow/dags/reconciliation_report.py                            1           0  1.08s           2026-06-02T07:17:33                      12
/opt/airflow/dags/local_evidence_build.py                             1           0  1.05s           2026-06-02T07:17:36                      10
/opt/airflow/dags/datahub_ingestion.py                                1           0  1.04s           2026-06-02T07:17:36                      10
/opt/airflow/dags/kafka_topic_bootstrap.py                            1           0  0.93s           2026-06-02T07:17:38                      10
/opt/airflow/dags/pinot_bootstrap.py                                  1           0  0.90s           2026-06-02T07:17:38                      10
================================================================================
[2026-06-02T07:18:19.347+0000] {manager.py:997} INFO - 
================================================================================
DAG File Processing Stats

File Path                                    PID    Runtime      # DAGs    # Errors  Last Runtime    Last Run               Last # of DB Queries
-------------------------------------------  -----  ---------  --------  ----------  --------------  -------------------  ----------------------
/opt/airflow/dags/hourly_batch_lakehouse.py                           1           0  1.08s           2026-06-02T07:18:04                      12
/opt/airflow/dags/reconciliation_report.py                            1           0  1.00s           2026-06-02T07:18:05                      12
/opt/airflow/dags/local_evidence_build.py                             1           0  0.98s           2026-06-02T07:18:08                      10
/opt/airflow/dags/datahub_ingestion.py                                1           0  0.94s           2026-06-02T07:18:08                      10
/opt/airflow/dags/kafka_topic_bootstrap.py                            1           0  0.93s           2026-06-02T07:18:10                      10
/opt/airflow/dags/pinot_bootstrap.py                                  1           0  0.90s           2026-06-02T07:18:10                      10
================================================================================
[2026-06-02T07:18:49.695+0000] {manager.py:997} INFO - 
================================================================================
DAG File Processing Stats

File Path                                    PID    Runtime      # DAGs    # Errors  Last Runtime    Last Run               Last # of DB Queries
-------------------------------------------  -----  ---------  --------  ----------  --------------  -------------------  ----------------------
/opt/airflow/dags/reconciliation_report.py                            1           0  1.08s           2026-06-02T07:18:36                      12
/opt/airflow/dags/hourly_batch_lakehouse.py                           1           0  1.05s           2026-06-02T07:18:35                      12
/opt/airflow/dags/local_evidence_build.py                             1           0  0.96s           2026-06-02T07:18:39                      10
/opt/airflow/dags/datahub_ingestion.py                                1           0  0.96s           2026-06-02T07:18:39                      10
/opt/airflow/dags/kafka_topic_bootstrap.py                            1           0  0.94s           2026-06-02T07:18:41                      10
/opt/airflow/dags/pinot_bootstrap.py                                  1           0  0.91s           2026-06-02T07:18:41                      10
================================================================================
[2026-06-02T07:19:19.951+0000] {manager.py:997} INFO - 
================================================================================
DAG File Processing Stats

File Path                                    PID    Runtime      # DAGs    # Errors  Last Runtime    Last Run               Last # of DB Queries
-------------------------------------------  -----  ---------  --------  ----------  --------------  -------------------  ----------------------
/opt/airflow/dags/hourly_batch_lakehouse.py                           1           0  1.07s           2026-06-02T07:19:06                      12
/opt/airflow/dags/reconciliation_report.py                            1           0  1.03s           2026-06-02T07:19:07                      12
/opt/airflow/dags/local_evidence_build.py                             1           0  0.91s           2026-06-02T07:19:10                      10
/opt/airflow/dags/datahub_ingestion.py                                1           0  0.91s           2026-06-02T07:19:10                      10
/opt/airflow/dags/kafka_topic_bootstrap.py                            1           0  0.89s           2026-06-02T07:19:12                      10
/opt/airflow/dags/pinot_bootstrap.py                                  1           0  0.87s           2026-06-02T07:19:12                      10
================================================================================
[2026-06-02T07:19:50.247+0000] {manager.py:997} INFO - 
================================================================================
DAG File Processing Stats

File Path                                    PID    Runtime      # DAGs    # Errors  Last Runtime    Last Run               Last # of DB Queries
-------------------------------------------  -----  ---------  --------  ----------  --------------  -------------------  ----------------------
/opt/airflow/dags/hourly_batch_lakehouse.py                           1           0  1.10s           2026-06-02T07:19:38                      12
/opt/airflow/dags/reconciliation_report.py                            1           0  1.03s           2026-06-02T07:19:39                      12
/opt/airflow/dags/local_evidence_build.py                             1           0  0.95s           2026-06-02T07:19:42                      10
/opt/airflow/dags/pinot_bootstrap.py                                  1           0  0.95s           2026-06-02T07:19:44                      10
/opt/airflow/dags/kafka_topic_bootstrap.py                            1           0  0.94s           2026-06-02T07:19:44                      10
/opt/airflow/dags/datahub_ingestion.py                                1           0  0.92s           2026-06-02T07:19:42                      10
================================================================================
[2026-06-02T07:20:06.584+0000] {manager.py:821} INFO - Searching for files in /opt/airflow/dags
[2026-06-02T07:20:06.646+0000] {manager.py:824} INFO - There are 6 files in /opt/airflow/dags
[2026-06-02T07:20:20.507+0000] {manager.py:997} INFO - 
================================================================================
DAG File Processing Stats

File Path                                    PID    Runtime      # DAGs    # Errors  Last Runtime    Last Run               Last # of DB Queries
-------------------------------------------  -----  ---------  --------  ----------  --------------  -------------------  ----------------------
/opt/airflow/dags/hourly_batch_lakehouse.py                           1           0  1.06s           2026-06-02T07:20:09                      12
/opt/airflow/dags/local_evidence_build.py                             1           0  1.03s           2026-06-02T07:20:13                      10
/opt/airflow/dags/datahub_ingestion.py                                1           0  1.02s           2026-06-02T07:20:13                      10
/opt/airflow/dags/reconciliation_report.py                            1           0  0.94s           2026-06-02T07:20:10                      12
/opt/airflow/dags/kafka_topic_bootstrap.py                            1           0  0.88s           2026-06-02T07:20:15                      10
/opt/airflow/dags/pinot_bootstrap.py                                  1           0  0.85s           2026-06-02T07:20:15                      10
================================================================================
[2026-06-02T07:20:50.866+0000] {manager.py:997} INFO - 
================================================================================
DAG File Processing Stats

File Path                                    PID    Runtime      # DAGs    # Errors  Last Runtime    Last Run               Last # of DB Queries
-------------------------------------------  -----  ---------  --------  ----------  --------------  -------------------  ----------------------
/opt/airflow/dags/hourly_batch_lakehouse.py                           1           0  1.13s           2026-06-02T07:20:40                      12
/opt/airflow/dags/reconciliation_report.py                            1           0  1.05s           2026-06-02T07:20:41                      12
/opt/airflow/dags/local_evidence_build.py                             1           0  0.98s           2026-06-02T07:20:44                      10
/opt/airflow/dags/datahub_ingestion.py                                1           0  0.96s           2026-06-02T07:20:44                      10
/opt/airflow/dags/kafka_topic_bootstrap.py                            1           0  0.92s           2026-06-02T07:20:46                      10
/opt/airflow/dags/pinot_bootstrap.py                                  1           0  0.90s           2026-06-02T07:20:46                      10
================================================================================
[2026-06-02T07:21:21.220+0000] {manager.py:997} INFO - 
================================================================================
DAG File Processing Stats

File Path                                    PID    Runtime      # DAGs    # Errors  Last Runtime    Last Run               Last # of DB Queries
-------------------------------------------  -----  ---------  --------  ----------  --------------  -------------------  ----------------------
/opt/airflow/dags/hourly_batch_lakehouse.py                           1           0  1.14s           2026-06-02T07:21:12                      12
/opt/airflow/dags/reconciliation_report.py                            1           0  1.05s           2026-06-02T07:21:13                      12
/opt/airflow/dags/local_evidence_build.py                             1           0  1.02s           2026-06-02T07:21:16                      10
/opt/airflow/dags/datahub_ingestion.py                                1           0  0.99s           2026-06-02T07:21:16                      10
/opt/airflow/dags/kafka_topic_bootstrap.py                            1           0  0.90s           2026-06-02T07:21:18                      10
/opt/airflow/dags/pinot_bootstrap.py                                  1           0  0.87s           2026-06-02T07:21:18                      10
================================================================================
[2026-06-02T07:21:51.521+0000] {manager.py:997} INFO - 
================================================================================
DAG File Processing Stats

File Path                                    PID    Runtime      # DAGs    # Errors  Last Runtime    Last Run               Last # of DB Queries
-------------------------------------------  -----  ---------  --------  ----------  --------------  -------------------  ----------------------
/opt/airflow/dags/reconciliation_report.py                            1           0  0.99s           2026-06-02T07:21:44                      12
/opt/airflow/dags/hourly_batch_lakehouse.py                           1           0  0.99s           2026-06-02T07:21:43                      12
/opt/airflow/dags/local_evidence_build.py                             1           0  0.96s           2026-06-02T07:21:47                      10
/opt/airflow/dags/datahub_ingestion.py                                1           0  0.96s           2026-06-02T07:21:47                      10
/opt/airflow/dags/kafka_topic_bootstrap.py                            1           0  0.91s           2026-06-02T07:21:49                      10
/opt/airflow/dags/pinot_bootstrap.py                                  1           0  0.91s           2026-06-02T07:21:49                      10
================================================================================
[2026-06-02T07:22:21.875+0000] {manager.py:997} INFO - 
================================================================================
DAG File Processing Stats

File Path                                    PID    Runtime      # DAGs    # Errors  Last Runtime    Last Run               Last # of DB Queries
-------------------------------------------  -----  ---------  --------  ----------  --------------  -------------------  ----------------------
/opt/airflow/dags/hourly_batch_lakehouse.py                           1           0  1.13s           2026-06-02T07:22:14                      12
/opt/airflow/dags/reconciliation_report.py                            1           0  1.09s           2026-06-02T07:22:15                      12
/opt/airflow/dags/local_evidence_build.py                             1           0  0.98s           2026-06-02T07:22:18                      10
/opt/airflow/dags/datahub_ingestion.py                                1           0  0.97s           2026-06-02T07:22:18                      10
/opt/airflow/dags/pinot_bootstrap.py                                  1           0  0.93s           2026-06-02T07:22:20                      10
/opt/airflow/dags/kafka_topic_bootstrap.py                            1           0  0.93s           2026-06-02T07:22:20                      10
================================================================================
[2026-06-02T07:22:52.340+0000] {manager.py:997} INFO - 
================================================================================
DAG File Processing Stats

File Path                                    PID    Runtime      # DAGs    # Errors  Last Runtime    Last Run               Last # of DB Queries
-------------------------------------------  -----  ---------  --------  ----------  --------------  -------------------  ----------------------
/opt/airflow/dags/reconciliation_report.py                            1           0  1.20s           2026-06-02T07:22:47                      12
/opt/airflow/dags/hourly_batch_lakehouse.py                           1           0  1.12s           2026-06-02T07:22:46                      12
/opt/airflow/dags/local_evidence_build.py                             1           0  0.99s           2026-06-02T07:22:50                      10
/opt/airflow/dags/datahub_ingestion.py                                1           0  0.98s           2026-06-02T07:22:50                      10
/opt/airflow/dags/kafka_topic_bootstrap.py                            1           0  0.93s           2026-06-02T07:22:52                      10
/opt/airflow/dags/pinot_bootstrap.py                                  1           0  0.90s           2026-06-02T07:22:52                      10
================================================================================
[2026-06-02T07:23:22.818+0000] {manager.py:997} INFO - 
================================================================================
DAG File Processing Stats

File Path                                      PID  Runtime      # DAGs    # Errors  Last Runtime    Last Run               Last # of DB Queries
-------------------------------------------  -----  ---------  --------  ----------  --------------  -------------------  ----------------------
/opt/airflow/dags/hourly_batch_lakehouse.py                           1           0  1.11s           2026-06-02T07:23:17                      12
/opt/airflow/dags/reconciliation_report.py                            1           0  1.06s           2026-06-02T07:23:18                      12
/opt/airflow/dags/datahub_ingestion.py                                1           0  1.05s           2026-06-02T07:23:21                      10
/opt/airflow/dags/local_evidence_build.py                             1           0  1.05s           2026-06-02T07:23:21                      10
/opt/airflow/dags/kafka_topic_bootstrap.py   16401  0.02s             1           0  0.93s           2026-06-02T07:22:52                      10
/opt/airflow/dags/pinot_bootstrap.py         16404  0.01s             1           0  0.90s           2026-06-02T07:22:52                      10
================================================================================
[2026-06-02T07:23:53.243+0000] {manager.py:997} INFO - 
================================================================================
DAG File Processing Stats

File Path                                    PID    Runtime      # DAGs    # Errors  Last Runtime    Last Run               Last # of DB Queries
-------------------------------------------  -----  ---------  --------  ----------  --------------  -------------------  ----------------------
/opt/airflow/dags/hourly_batch_lakehouse.py                           1           0  1.15s           2026-06-02T07:23:49                      12
/opt/airflow/dags/reconciliation_report.py                            1           0  1.04s           2026-06-02T07:23:50                      12
/opt/airflow/dags/local_evidence_build.py                             1           0  0.99s           2026-06-02T07:23:53                      10
/opt/airflow/dags/datahub_ingestion.py                                1           0  0.97s           2026-06-02T07:23:53                      10
/opt/airflow/dags/pinot_bootstrap.py                                  1           0  0.96s           2026-06-02T07:23:23                      10
/opt/airflow/dags/kafka_topic_bootstrap.py                            1           0  0.95s           2026-06-02T07:23:23                      10
================================================================================
[2026-06-02T07:24:23.730+0000] {manager.py:997} INFO - 
================================================================================
DAG File Processing Stats

File Path                                      PID  Runtime      # DAGs    # Errors  Last Runtime    Last Run               Last # of DB Queries
-------------------------------------------  -----  ---------  --------  ----------  --------------  -------------------  ----------------------
/opt/airflow/dags/reconciliation_report.py                            1           0  1.19s           2026-06-02T07:24:21                      12
/opt/airflow/dags/hourly_batch_lakehouse.py                           1           0  1.15s           2026-06-02T07:24:20                      12
/opt/airflow/dags/local_evidence_build.py    16620  0.02s             1           0  0.99s           2026-06-02T07:23:53                      10
/opt/airflow/dags/datahub_ingestion.py       16623  0.01s             1           0  0.97s           2026-06-02T07:23:53                      10
/opt/airflow/dags/kafka_topic_bootstrap.py                            1           0  0.94s           2026-06-02T07:23:55                      10
/opt/airflow/dags/pinot_bootstrap.py                                  1           0  0.90s           2026-06-02T07:23:55                      10
================================================================================
[2026-06-02T07:24:53.950+0000] {manager.py:997} INFO - 
================================================================================
DAG File Processing Stats

File Path                                    PID    Runtime      # DAGs    # Errors  Last Runtime    Last Run               Last # of DB Queries
-------------------------------------------  -----  ---------  --------  ----------  --------------  -------------------  ----------------------
/opt/airflow/dags/hourly_batch_lakehouse.py                           1           0  1.20s           2026-06-02T07:24:52                      12
/opt/airflow/dags/reconciliation_report.py                            1           0  1.05s           2026-06-02T07:24:52                      12
/opt/airflow/dags/local_evidence_build.py                             1           0  0.95s           2026-06-02T07:24:24                      10
/opt/airflow/dags/datahub_ingestion.py                                1           0  0.95s           2026-06-02T07:24:24                      10
/opt/airflow/dags/kafka_topic_bootstrap.py                            1           0  0.90s           2026-06-02T07:24:26                      10
/opt/airflow/dags/pinot_bootstrap.py                                  1           0  0.87s           2026-06-02T07:24:26                      10
================================================================================
[2026-06-02T07:25:07.024+0000] {manager.py:821} INFO - Searching for files in /opt/airflow/dags
[2026-06-02T07:25:07.079+0000] {manager.py:824} INFO - There are 6 files in /opt/airflow/dags
[2026-06-02T07:25:24.334+0000] {manager.py:997} INFO - 
================================================================================
DAG File Processing Stats

File Path                                      PID  Runtime      # DAGs    # Errors  Last Runtime    Last Run               Last # of DB Queries
-------------------------------------------  -----  ---------  --------  ----------  --------------  -------------------  ----------------------
/opt/airflow/dags/datahub_ingestion.py                                1           0  1.10s           2026-06-02T07:24:56                      10
/opt/airflow/dags/local_evidence_build.py                             1           0  1.10s           2026-06-02T07:24:56                      10
/opt/airflow/dags/reconciliation_report.py   16867  1.02s             1           0  1.05s           2026-06-02T07:24:52                      12
/opt/airflow/dags/hourly_batch_lakehouse.py                           1           0  1.05s           2026-06-02T07:25:23                      12
/opt/airflow/dags/pinot_bootstrap.py                                  1           0  0.87s           2026-06-02T07:24:57                      10
/opt/airflow/dags/kafka_topic_bootstrap.py                            1           0  0.87s           2026-06-02T07:24:57                      10
================================================================================
[2026-06-02T07:25:54.869+0000] {manager.py:997} INFO - 
================================================================================
DAG File Processing Stats

File Path                                      PID  Runtime      # DAGs    # Errors  Last Runtime    Last Run               Last # of DB Queries
-------------------------------------------  -----  ---------  --------  ----------  --------------  -------------------  ----------------------
/opt/airflow/dags/kafka_topic_bootstrap.py                            1           0  1.08s           2026-06-02T07:25:29                      10
/opt/airflow/dags/pinot_bootstrap.py                                  1           0  1.08s           2026-06-02T07:25:29                      10
/opt/airflow/dags/datahub_ingestion.py                                1           0  1.06s           2026-06-02T07:25:27                      10
/opt/airflow/dags/local_evidence_build.py                             1           0  1.06s           2026-06-02T07:25:27                      10
/opt/airflow/dags/hourly_batch_lakehouse.py  16983  1.05s             1           0  1.05s           2026-06-02T07:25:23                      12
/opt/airflow/dags/reconciliation_report.py   17002  0.01s             1           0  1.04s           2026-06-02T07:25:24                      12
================================================================================
[2026-06-02T07:26:25.253+0000] {manager.py:997} INFO - 
================================================================================
DAG File Processing Stats

File Path                                      PID  Runtime      # DAGs    # Errors  Last Runtime    Last Run               Last # of DB Queries
-------------------------------------------  -----  ---------  --------  ----------  --------------  -------------------  ----------------------
/opt/airflow/dags/hourly_batch_lakehouse.py  17118  0.01s             1           0  1.24s           2026-06-02T07:25:55                      12
/opt/airflow/dags/reconciliation_report.py                            1           0  1.19s           2026-06-02T07:25:56                      12
/opt/airflow/dags/local_evidence_build.py                             1           0  1.05s           2026-06-02T07:25:58                      10
/opt/airflow/dags/datahub_ingestion.py                                1           0  1.02s           2026-06-02T07:25:58                      10
/opt/airflow/dags/kafka_topic_bootstrap.py                            1           0  0.98s           2026-06-02T07:26:00                      10
/opt/airflow/dags/pinot_bootstrap.py                                  1           0  0.95s           2026-06-02T07:26:00                      10
================================================================================
[2026-06-02T07:26:55.632+0000] {manager.py:997} INFO - 
================================================================================
DAG File Processing Stats

File Path                                    PID    Runtime      # DAGs    # Errors  Last Runtime    Last Run               Last # of DB Queries
-------------------------------------------  -----  ---------  --------  ----------  --------------  -------------------  ----------------------
/opt/airflow/dags/hourly_batch_lakehouse.py                           1           0  1.19s           2026-06-02T07:26:26                      12
/opt/airflow/dags/reconciliation_report.py                            1           0  1.04s           2026-06-02T07:26:27                      12
/opt/airflow/dags/local_evidence_build.py                             1           0  1.02s           2026-06-02T07:26:30                      10
/opt/airflow/dags/datahub_ingestion.py                                1           0  1.00s           2026-06-02T07:26:30                      10
/opt/airflow/dags/kafka_topic_bootstrap.py                            1           0  0.93s           2026-06-02T07:26:32                      10
/opt/airflow/dags/pinot_bootstrap.py                                  1           0  0.90s           2026-06-02T07:26:32                      10
================================================================================
[2026-06-02T07:27:26.035+0000] {manager.py:997} INFO - 
================================================================================
DAG File Processing Stats

File Path                                    PID    Runtime      # DAGs    # Errors  Last Runtime    Last Run               Last # of DB Queries
-------------------------------------------  -----  ---------  --------  ----------  --------------  -------------------  ----------------------
/opt/airflow/dags/hourly_batch_lakehouse.py                           1           0  1.13s           2026-06-02T07:26:57                      12
/opt/airflow/dags/local_evidence_build.py                             1           0  1.07s           2026-06-02T07:27:01                      10
/opt/airflow/dags/datahub_ingestion.py                                1           0  1.04s           2026-06-02T07:27:01                      10
/opt/airflow/dags/reconciliation_report.py                            1           0  1.03s           2026-06-02T07:26:58                      12
/opt/airflow/dags/kafka_topic_bootstrap.py                            1           0  0.92s           2026-06-02T07:27:03                      10
/opt/airflow/dags/pinot_bootstrap.py                                  1           0  0.90s           2026-06-02T07:27:03                      10
================================================================================
[2026-06-02T07:27:56.427+0000] {manager.py:997} INFO - 
================================================================================
DAG File Processing Stats

File Path                                    PID    Runtime      # DAGs    # Errors  Last Runtime    Last Run               Last # of DB Queries
-------------------------------------------  -----  ---------  --------  ----------  --------------  -------------------  ----------------------
/opt/airflow/dags/hourly_batch_lakehouse.py                           1           0  1.07s           2026-06-02T07:27:29                      12
/opt/airflow/dags/local_evidence_build.py                             1           0  1.06s           2026-06-02T07:27:33                      10
/opt/airflow/dags/datahub_ingestion.py                                1           0  1.03s           2026-06-02T07:27:33                      10
/opt/airflow/dags/reconciliation_report.py                            1           0  1.03s           2026-06-02T07:27:30                      12
/opt/airflow/dags/kafka_topic_bootstrap.py                            1           0  0.94s           2026-06-02T07:27:35                      10
/opt/airflow/dags/pinot_bootstrap.py                                  1           0  0.91s           2026-06-02T07:27:35                      10
================================================================================
[2026-06-02T07:28:26.898+0000] {manager.py:997} INFO - 
================================================================================
DAG File Processing Stats

File Path                                    PID    Runtime      # DAGs    # Errors  Last Runtime    Last Run               Last # of DB Queries
-------------------------------------------  -----  ---------  --------  ----------  --------------  -------------------  ----------------------
/opt/airflow/dags/reconciliation_report.py                            1           0  1.22s           2026-06-02T07:28:01                      12
/opt/airflow/dags/hourly_batch_lakehouse.py                           1           0  1.15s           2026-06-02T07:28:00                      12
/opt/airflow/dags/local_evidence_build.py                             1           0  1.00s           2026-06-02T07:28:04                      10
/opt/airflow/dags/datahub_ingestion.py                                1           0  0.96s           2026-06-02T07:28:04                      10
/opt/airflow/dags/kafka_topic_bootstrap.py                            1           0  0.90s           2026-06-02T07:28:06                      10
/opt/airflow/dags/pinot_bootstrap.py                                  1           0  0.87s           2026-06-02T07:28:06                      10
================================================================================
[2026-06-02T07:28:57.248+0000] {manager.py:997} INFO - 
================================================================================
DAG File Processing Stats

File Path                                    PID    Runtime      # DAGs    # Errors  Last Runtime    Last Run               Last # of DB Queries
-------------------------------------------  -----  ---------  --------  ----------  --------------  -------------------  ----------------------
/opt/airflow/dags/hourly_batch_lakehouse.py                           1           0  1.11s           2026-06-02T07:28:32                      12
/opt/airflow/dags/local_evidence_build.py                             1           0  1.05s           2026-06-02T07:28:36                      10
/opt/airflow/dags/reconciliation_report.py                            1           0  1.04s           2026-06-02T07:28:33                      12
/opt/airflow/dags/datahub_ingestion.py                                1           0  1.03s           2026-06-02T07:28:36                      10
/opt/airflow/dags/kafka_topic_bootstrap.py                            1           0  0.89s           2026-06-02T07:28:37                      10
/opt/airflow/dags/pinot_bootstrap.py                                  1           0  0.89s           2026-06-02T07:28:37                      10
================================================================================
[2026-06-02T07:29:27.773+0000] {manager.py:997} INFO - 
================================================================================
DAG File Processing Stats

File Path                                    PID    Runtime      # DAGs    # Errors  Last Runtime    Last Run               Last # of DB Queries
-------------------------------------------  -----  ---------  --------  ----------  --------------  -------------------  ----------------------
/opt/airflow/dags/hourly_batch_lakehouse.py                           1           0  1.12s           2026-06-02T07:29:03                      12
/opt/airflow/dags/reconciliation_report.py                            1           0  1.11s           2026-06-02T07:29:04                      12
/opt/airflow/dags/local_evidence_build.py                             1           0  1.08s           2026-06-02T07:29:07                      10
/opt/airflow/dags/datahub_ingestion.py                                1           0  1.04s           2026-06-02T07:29:07                      10
/opt/airflow/dags/kafka_topic_bootstrap.py                            1           0  0.97s           2026-06-02T07:29:09                      10
/opt/airflow/dags/pinot_bootstrap.py                                  1           0  0.93s           2026-06-02T07:29:09                      10
================================================================================
[2026-06-02T07:29:58.134+0000] {manager.py:997} INFO - 
================================================================================
DAG File Processing Stats

File Path                                    PID    Runtime      # DAGs    # Errors  Last Runtime    Last Run               Last # of DB Queries
-------------------------------------------  -----  ---------  --------  ----------  --------------  -------------------  ----------------------
/opt/airflow/dags/hourly_batch_lakehouse.py                           1           0  1.23s           2026-06-02T07:29:35                      12
/opt/airflow/dags/reconciliation_report.py                            1           0  1.07s           2026-06-02T07:29:35                      12
/opt/airflow/dags/local_evidence_build.py                             1           0  0.98s           2026-06-02T07:29:38                      10
/opt/airflow/dags/datahub_ingestion.py                                1           0  0.96s           2026-06-02T07:29:38                      10
/opt/airflow/dags/kafka_topic_bootstrap.py                            1           0  0.92s           2026-06-02T07:29:40                      10
/opt/airflow/dags/pinot_bootstrap.py                                  1           0  0.92s           2026-06-02T07:29:40                      10
================================================================================
[2026-06-02T07:30:07.334+0000] {manager.py:821} INFO - Searching for files in /opt/airflow/dags
[2026-06-02T07:30:07.369+0000] {manager.py:824} INFO - There are 6 files in /opt/airflow/dags
[2026-06-02T07:30:28.599+0000] {manager.py:997} INFO - 
================================================================================
DAG File Processing Stats

File Path                                    PID    Runtime      # DAGs    # Errors  Last Runtime    Last Run               Last # of DB Queries
-------------------------------------------  -----  ---------  --------  ----------  --------------  -------------------  ----------------------
/opt/airflow/dags/reconciliation_report.py                            1           0  1.14s           2026-06-02T07:30:07                      12
/opt/airflow/dags/hourly_batch_lakehouse.py                           1           0  1.11s           2026-06-02T07:30:06                      12
/opt/airflow/dags/datahub_ingestion.py                                1           0  0.98s           2026-06-02T07:30:10                      10
/opt/airflow/dags/local_evidence_build.py                             1           0  0.98s           2026-06-02T07:30:10                      10
/opt/airflow/dags/kafka_topic_bootstrap.py                            1           0  0.92s           2026-06-02T07:30:12                      10
/opt/airflow/dags/pinot_bootstrap.py                                  1           0  0.91s           2026-06-02T07:30:12                      10
================================================================================
[2026-06-02T07:30:59.185+0000] {manager.py:997} INFO - 
================================================================================
DAG File Processing Stats

File Path                                    PID    Runtime      # DAGs    # Errors  Last Runtime    Last Run               Last # of DB Queries
-------------------------------------------  -----  ---------  --------  ----------  --------------  -------------------  ----------------------
/opt/airflow/dags/kafka_topic_bootstrap.py                            1           0  1.12s           2026-06-02T07:30:44                      10
/opt/airflow/dags/hourly_batch_lakehouse.py                           1           0  1.11s           2026-06-02T07:30:37                      12
/opt/airflow/dags/pinot_bootstrap.py                                  1           0  1.09s           2026-06-02T07:30:44                      10
/opt/airflow/dags/reconciliation_report.py                            1           0  1.05s           2026-06-02T07:30:38                      12
/opt/airflow/dags/local_evidence_build.py                             1           0  1.04s           2026-06-02T07:30:41                      10
/opt/airflow/dags/datahub_ingestion.py                                1           0  1.00s           2026-06-02T07:30:41                      10
================================================================================
[2026-06-02T07:31:29.491+0000] {manager.py:997} INFO - 
================================================================================
DAG File Processing Stats

File Path                                    PID    Runtime      # DAGs    # Errors  Last Runtime    Last Run               Last # of DB Queries
-------------------------------------------  -----  ---------  --------  ----------  --------------  -------------------  ----------------------
/opt/airflow/dags/hourly_batch_lakehouse.py                           1           0  1.16s           2026-06-02T07:31:09                      12
/opt/airflow/dags/reconciliation_report.py                            1           0  1.11s           2026-06-02T07:31:10                      12
/opt/airflow/dags/local_evidence_build.py                             1           0  0.95s           2026-06-02T07:31:13                      10
/opt/airflow/dags/datahub_ingestion.py                                1           0  0.94s           2026-06-02T07:31:13                      10
/opt/airflow/dags/kafka_topic_bootstrap.py                            1           0  0.91s           2026-06-02T07:31:15                      10
/opt/airflow/dags/pinot_bootstrap.py                                  1           0  0.91s           2026-06-02T07:31:15                      10
================================================================================
[2026-06-02T07:31:59.880+0000] {manager.py:997} INFO - 
================================================================================
DAG File Processing Stats

File Path                                    PID    Runtime      # DAGs    # Errors  Last Runtime    Last Run               Last # of DB Queries
-------------------------------------------  -----  ---------  --------  ----------  --------------  -------------------  ----------------------
/opt/airflow/dags/reconciliation_report.py                            1           0  1.09s           2026-06-02T07:31:41                      12
/opt/airflow/dags/hourly_batch_lakehouse.py                           1           0  1.08s           2026-06-02T07:31:40                      12
/opt/airflow/dags/datahub_ingestion.py                                1           0  1.01s           2026-06-02T07:31:44                      10
/opt/airflow/dags/local_evidence_build.py                             1           0  1.00s           2026-06-02T07:31:44                      10
/opt/airflow/dags/kafka_topic_bootstrap.py                            1           0  0.87s           2026-06-02T07:31:46                      10
/opt/airflow/dags/pinot_bootstrap.py                                  1           0  0.87s           2026-06-02T07:31:46                      10
================================================================================
[2026-06-02T07:32:30.245+0000] {manager.py:997} INFO - 
================================================================================
DAG File Processing Stats

File Path                                    PID    Runtime      # DAGs    # Errors  Last Runtime    Last Run               Last # of DB Queries
-------------------------------------------  -----  ---------  --------  ----------  --------------  -------------------  ----------------------
/opt/airflow/dags/hourly_batch_lakehouse.py                           1           0  1.13s           2026-06-02T07:32:12                      12
/opt/airflow/dags/reconciliation_report.py                            1           0  1.05s           2026-06-02T07:32:13                      12
/opt/airflow/dags/local_evidence_build.py                             1           0  0.99s           2026-06-02T07:32:16                      10
/opt/airflow/dags/datahub_ingestion.py                                1           0  0.99s           2026-06-02T07:32:16                      10
/opt/airflow/dags/kafka_topic_bootstrap.py                            1           0  0.95s           2026-06-02T07:32:18                      10
/opt/airflow/dags/pinot_bootstrap.py                                  1           0  0.95s           2026-06-02T07:32:18                      10
================================================================================
[2026-06-02T07:33:00.662+0000] {manager.py:997} INFO - 
================================================================================
DAG File Processing Stats

File Path                                    PID    Runtime      # DAGs    # Errors  Last Runtime    Last Run               Last # of DB Queries
-------------------------------------------  -----  ---------  --------  ----------  --------------  -------------------  ----------------------
/opt/airflow/dags/hourly_batch_lakehouse.py                           1           0  1.12s           2026-06-02T07:32:43                      12
/opt/airflow/dags/datahub_ingestion.py                                1           0  1.07s           2026-06-02T07:32:47                      10
/opt/airflow/dags/local_evidence_build.py                             1           0  1.07s           2026-06-02T07:32:47                      10
/opt/airflow/dags/reconciliation_report.py                            1           0  1.05s           2026-06-02T07:32:44                      12
/opt/airflow/dags/kafka_topic_bootstrap.py                            1           0  0.89s           2026-06-02T07:32:49                      10
/opt/airflow/dags/pinot_bootstrap.py                                  1           0  0.86s           2026-06-02T07:32:49                      10
================================================================================
[2026-06-02T07:33:30.980+0000] {manager.py:997} INFO - 
================================================================================
DAG File Processing Stats

File Path                                    PID    Runtime      # DAGs    # Errors  Last Runtime    Last Run               Last # of DB Queries
-------------------------------------------  -----  ---------  --------  ----------  --------------  -------------------  ----------------------
/opt/airflow/dags/hourly_batch_lakehouse.py                           1           0  1.16s           2026-06-02T07:33:15                      12
/opt/airflow/dags/reconciliation_report.py                            1           0  1.02s           2026-06-02T07:33:15                      12
/opt/airflow/dags/local_evidence_build.py                             1           0  1.00s           2026-06-02T07:33:18                      10
/opt/airflow/dags/datahub_ingestion.py                                1           0  1.00s           2026-06-02T07:33:18                      10
/opt/airflow/dags/pinot_bootstrap.py                                  1           0  0.86s           2026-06-02T07:33:20                      10
/opt/airflow/dags/kafka_topic_bootstrap.py                            1           0  0.86s           2026-06-02T07:33:20                      10
================================================================================
[2026-06-02T07:34:01.487+0000] {manager.py:997} INFO - 
================================================================================
DAG File Processing Stats

File Path                                    PID    Runtime      # DAGs    # Errors  Last Runtime    Last Run               Last # of DB Queries
-------------------------------------------  -----  ---------  --------  ----------  --------------  -------------------  ----------------------
/opt/airflow/dags/hourly_batch_lakehouse.py                           1           0  1.36s           2026-06-02T07:33:46                      12
/opt/airflow/dags/reconciliation_report.py                            1           0  1.19s           2026-06-02T07:33:47                      12
/opt/airflow/dags/local_evidence_build.py                             1           0  1.02s           2026-06-02T07:33:50                      10
/opt/airflow/dags/datahub_ingestion.py                                1           0  0.99s           2026-06-02T07:33:50                      10
/opt/airflow/dags/kafka_topic_bootstrap.py                            1           0  0.94s           2026-06-02T07:33:52                      10
/opt/airflow/dags/pinot_bootstrap.py                                  1           0  0.91s           2026-06-02T07:33:52                      10
================================================================================
[2026-06-02T07:34:31.528+0000] {manager.py:997} INFO - 
================================================================================
DAG File Processing Stats

File Path                                    PID    Runtime      # DAGs    # Errors  Last Runtime    Last Run               Last # of DB Queries
-------------------------------------------  -----  ---------  --------  ----------  --------------  -------------------  ----------------------
/opt/airflow/dags/hourly_batch_lakehouse.py                           1           0  1.67s           2026-06-02T07:34:18                      12
/opt/airflow/dags/reconciliation_report.py                            1           0  1.48s           2026-06-02T07:34:19                      12
/opt/airflow/dags/pinot_bootstrap.py                                  1           0  1.31s           2026-06-02T07:34:23                      10
/opt/airflow/dags/local_evidence_build.py                             1           0  1.29s           2026-06-02T07:34:22                      10
/opt/airflow/dags/kafka_topic_bootstrap.py                            1           0  1.27s           2026-06-02T07:34:24                      10
/opt/airflow/dags/datahub_ingestion.py                                1           0  1.24s           2026-06-02T07:34:22                      10
================================================================================
[2026-06-02T07:35:02.223+0000] {manager.py:997} INFO - 
================================================================================
DAG File Processing Stats

File Path                                    PID    Runtime      # DAGs    # Errors  Last Runtime    Last Run               Last # of DB Queries
-------------------------------------------  -----  ---------  --------  ----------  --------------  -------------------  ----------------------
/opt/airflow/dags/kafka_topic_bootstrap.py                            1           0  1.28s           2026-06-02T07:34:56                      10
/opt/airflow/dags/hourly_batch_lakehouse.py                           1           0  1.21s           2026-06-02T07:34:49                      12
/opt/airflow/dags/pinot_bootstrap.py                                  1           0  1.19s           2026-06-02T07:34:55                      10
/opt/airflow/dags/reconciliation_report.py                            1           0  1.06s           2026-06-02T07:34:50                      12
/opt/airflow/dags/datahub_ingestion.py                                1           0  1.02s           2026-06-02T07:34:53                      10
/opt/airflow/dags/local_evidence_build.py                             1           0  0.99s           2026-06-02T07:34:53                      10
================================================================================
[2026-06-02T07:35:07.393+0000] {manager.py:821} INFO - Searching for files in /opt/airflow/dags
[2026-06-02T07:35:07.918+0000] {manager.py:824} INFO - There are 6 files in /opt/airflow/dags
